5900, -18, 500, 0.00000, 0.00161
5901, -18, 500, 0.00000, 0.00197
5902, -18, 500, 0.00000, -0.00019
5903, -18, 500, 0.00000, 0.00089
5904, -18, 500, 0.00000, -0.00055
5905, -18, 500, 0.00000, -0.00055
5906, -18, 500, 0.00000, 0.00197
5907, -18, 500, 0.00000, -0.00091
5908, -18, 500, 0.00000, -0.00055
5909, -18, 500, 0.00000, 0.00125
5910, -18, 500, 0.00000, 0.00053
5911, -18, 500, 0.00000, 0.00592
5912, -18, 500, 0.00000, 0.00197
5913, -18, 500, 0.00000, 0.00017
5914, -18, 500, 0.00000, -0.00307
5915, -18, 500, 0.00000, 0.00017
5916, -18, 500, 0.00000, 0.00448
5917, -18, 500, 0.00000, -0.00019
5918, -18, 500, 0.00000, -0.00019
5919, -18, 500, 0.00000, -0.00091
5920, -18, 500, 0.00000, -0.00379
5921, -18, 500, 0.00000, 0.00628
5922, -18, 500, 0.00000, -0.00055
5923, -18, 500, 0.00000, 0.00017
5924, -18, 500, 0.00000, -0.00019
5925, -18, 500, 0.00000, -0.00199
5926, -18, 500, 0.00000, -0.00019
5927, -18, 500, 0.00000, -0.00091
5928, -18, 500, 0.00000, 0.00089
5929, -18, 500, 0.00000, -0.00199
5930, -18, 500, 0.00000, -0.00522
5931, -18, 500, 0.00000, -0.00127
5932, -18, 500, 0.00000, 0.00017
5933, -18, 500, 0.00000, -0.00199
5934, -18, 500, 0.00000, 0.00053
5935, -18, 500, 0.00000, 0.00125
5936, -18, 500, 0.00000, -0.00343
5937, -18, 500, 0.00000, 0.00197
5938, -18, 500, 0.00000, -0.00414
5939, -18, 500, 0.00000, 0.00089
5940, -18, 500, 0.00000, -0.00055
5941, -18, 500, 0.00000, 0.00017
5942, -18, 500, 0.00000, -0.00163
5943, -18, 500, 0.00000, 0.00125
5944, -18, 500, 0.00000, 0.00017
5945, -18, 500, 0.00000, 0.00089
5946, -18, 500, 0.00000, -0.00343
5947, -18, 500, 0.00000, -0.00235
5948, -18, 500, 0.00000, -0.00055
5949, -18, 500, 0.00000, -0.00343
5950, -18, 500, 0.00000, -0.00055
5951, -18, 500, 0.00000, -0.00055
5952, -18, 500, 0.00000, -0.00127
5953, -18, 500, 0.00000, 0.00089
5954, -18, 500, 0.00000, 0.01023
5955, -18, 500, 0.00000, -0.00019
5956, -18, 500, 0.00000, 0.00089
5957, -18, 500, 0.00000, 0.00017
5958, -18, 500, 0.00000, 0.00053
5959, -18, 500, 0.00000, -0.00055
5960, -18, 500, 0.00000, 0.00089
5961, -18, 500, 0.00000, 0.00017
5962, -18, 500, 0.00000, -0.00271
5963, -18, 500, 0.00000, 0.00161
5964, -18, 500, 0.00000, 0.00233
5965, -18, 500, 0.00000, -0.00199
5966, -18, 500, 0.00000, 0.00269
5967, -18, 500, 0.00000, -0.00019
5968, -18, 500, 0.00000, 0.00233
5969, -18, 500, 0.00000, 0.00089
5970, -18, 500, 0.00000, 0.00053
5971, -18, 500, 0.00000, -0.00271
5972, -18, 500, 0.00000, 0.00089
5973, -18, 500, 0.00000, 0.00017
5974, -18, 500, 0.00000, -0.00414
5975, -18, 500, 0.00000, -0.00019
5976, -18, 500, 0.00000, -0.00127
5977, -18, 500, 0.00000, -0.00199
5978, -18, 500, 0.00000, -0.00163
5979, -18, 500, 0.00000, -0.00055
5980, -18, 500, 0.00000, -0.00379
5981, -18, 500, 0.00000, -0.00235
5982, -18, 500, 0.00000, 0.00089
5983, -18, 500, 0.00000, -0.00199
5984, -18, 500, 0.00000, 0.00089
5985, -18, 500, 0.00000, 0.00125
5986, -18, 500, 0.00000, -0.00055
5987, -18, 500, 0.00000, 0.00233
5988, -18, 500, 0.00000, 0.00053
5989, -18, 500, 0.00000, -0.00055
5990, -18, 500, 0.00000, -0.00019
5991, -18, 500, 0.00000, -0.00127
5992, -18, 500, 0.00000, 0.00161
5993, -18, 500, 0.00000, -0.00019
5994, -18, 500, 0.00000, -0.00019
5995, -18, 500, 0.00000, -0.00163
5996, -18, 500, 0.00000, 0.00017
5997, -18, 500, 0.00000, 0.00053
5998, -18, 500, 0.00000, 0.00376
5999, -18, 500, 0.00000, 0.00197
6000, -18, 500, 0.00000, -0.00055
6001, -18, 500, 0.00000, -0.00199
6002, -18, 500, 0.00000, -0.00091
6003, -18, 500, 0.00000, 0.00017
6004, -18, 500, 0.00000, 0.00053
6005, -18, 500, 0.00000, 0.00340
6006, -18, 500, 0.00000, 0.00125
6007, -18, 500, 0.00000, -0.00630
6008, -18, 500, 0.00000, 0.00161
6009, -18, 500, 0.00000, 0.00304
6010, -18, 500, 0.00000, -0.01061
6011, -18, 500, 0.00000, 0.00197
6012, -18, 500, 0.00000, 0.00269
6013, -18, 500, 0.00000, 0.00017
6014, -18, 500, 0.00000, -0.00055
6015, -18, 500, 0.00000, -0.00163
6016, -18, 500, 0.00000, 0.00053
6017, -18, 500, 0.00000, 0.00017
6018, -18, 500, 0.00000, 0.00844
6019, -18, 500, 0.00000, -0.00235
6020, -18, 500, 0.00000, 0.00161
6021, -18, 500, 0.00000, 0.00197
6022, -18, 500, 0.00000, -0.00163
6023, -18, 500, 0.00000, 0.00161
6024, -18, 500, 0.00000, -0.00343
6025, -18, 500, 0.00000, 0.00053
6026, -18, 500, 0.00000, 0.00053
6027, -18, 500, 0.00000, -0.00163
6028, -18, 500, 0.00000, 0.00304
6029, -18, 500, 0.00000, -0.00055
6030, -18, 500, 0.00000, 0.00125
6031, -18, 500, 0.00000, 0.00017
6032, -18, 500, 0.00000, 0.00233
6033, -18, 500, 0.00000, 0.00053
6034, -18, 500, 0.00000, -0.00235
6035, -18, 500, 0.00000, 0.00664
6036, -18, 500, 0.00000, -0.00163
6037, -18, 500, 0.00000, -0.00019
6038, -18, 500, 0.00000, -0.00738
6039, -18, 500, 0.00000, 0.00484
6040, -18, 500, 0.00000, -0.00055
6041, -18, 500, 0.00000, 0.00304
6042, -18, 500, 0.00000, -0.00091
6043, -18, 500, 0.00000, -0.00091
6044, -18, 500, 0.00000, 0.00376
6045, -18, 500, 0.00000, 0.00053
6046, -18, 500, 0.00000, -0.00307
6047, -18, 500, 0.00000, 0.00269
6048, -18, 500, 0.00000, 0.00017
6049, -18, 500, 0.00000, 0.00089
6050, -18, 500, 0.00000, -0.01673
6051, -18, 500, 0.00000, 0.00125
6052, -18, 500, 0.00000, -0.00163
6053, -18, 500, 0.00000, 0.00269
6054, -18, 500, 0.00000, 0.00053
6055, -18, 500, 0.00000, -0.00019
6056, -18, 500, 0.00000, 0.00233
6057, -18, 500, 0.00000, -0.00307
6058, -18, 500, 0.00000, 0.00376
6059, -18, 500, 0.00000, -0.00271
6060, -18, 500, 0.00000, 0.00017
6061, -18, 500, 0.00000, -0.00055
6062, -18, 500, 0.00000, -0.00199
6063, -18, 500, 0.00000, 0.00017
6064, -18, 500, 0.20000, -0.00055
6065, -18, 500, 0.20000, 0.00089
6066, -18, 500, 0.20000, -0.00055
6067, -18, 500, 0.20000, 0.00772
6068, -18, 500, 0.20000, 0.00951
6069, -18, 500, 0.20000, 0.00628
6070, -18, 500, 0.20000, 0.02246
6071, -18, 500, 0.20000, 0.02677
6072, -18, 500, 0.20000, 0.03647
6073, -18, 500, 0.20000, 0.05085
6074, -18, 500, 0.20000, 0.04941
6075, -18, 500, 0.20000, 0.06379
6076, -18, 500, 0.20000, 0.07242
6077, -18, 500, 0.20000, 0.08105
6078, -18, 500, 0.20000, 0.08823
6079, -18, 500, 0.20000, 0.10046
6080, -18, 500, 0.20000, 0.11268
6081, -18, 500, 0.20000, 0.11807
6082, -18, 500, 0.20000, 0.12310
6083, -18, 500, 0.20000, 0.13820
6084, -18, 500, 0.20000, 0.14179
6085, -18, 500, 0.20000, 0.14359
6086, -18, 500, 0.20000, 0.15617
6087, -18, 500, 0.20000, 0.15941
6088, -18, 500, 0.20000, 0.16300
6089, -18, 500, 0.20000, 0.17486
6090, -18, 500, 0.20000, 0.17810
6091, -18, 500, 0.20000, 0.18529
6092, -18, 500, 0.20000, 0.18852
6093, -18, 500, 0.20000, 0.20218
6094, -18, 500, 0.20000, 0.19535
6095, -18, 500, 0.20000, 0.18960
6096, -18, 500, 0.20000, 0.20002
6097, -18, 500, 0.20000, 0.20362
6098, -18, 500, 0.20000, 0.20470
6099, -18, 500, 0.20000, 0.20614
6100, -18, 500, 0.20000, 0.20865
6101, -18, 500, 0.20000, 0.21117
6102, -18, 500, 0.20000, 0.20578
6103, -18, 500, 0.20000, 0.20901
6104, -18, 500, 0.20000, 0.20721
6105, -18, 500, 0.20000, 0.20757
6106, -18, 500, 0.20000, 0.20865
6107, -18, 500, 0.20000, 0.21261
6108, -18, 500, 0.20000, 0.20973
6109, -18, 500, 0.20000, 0.20685
6110, -18, 500, 0.20000, 0.21153
6111, -18, 500, 0.20000, 0.20937
6112, -18, 500, 0.20000, 0.20326
6113, -18, 500, 0.20000, 0.21045
6114, -18, 500, 0.20000, 0.20901
6115, -18, 500, 0.20000, 0.21009
6116, -18, 500, 0.20000, 0.20398
6117, -18, 500, 0.20000, 0.20614
6118, -18, 500, 0.20000, 0.20721
6119, -18, 500, 0.20000, 0.20757
6120, -18, 500, 0.20000, 0.20578
6121, -18, 500, 0.20000, 0.20038
6122, -18, 500, 0.20000, 0.20578
6123, -18, 500, 0.20000, 0.20362
6124, -18, 500, 0.20000, 0.20146
6125, -18, 500, 0.20000, 0.20254
6126, -18, 500, 0.20000, 0.20685
6127, -18, 500, 0.20000, 0.20793
6128, -18, 500, 0.20000, 0.19895
6129, -18, 500, 0.20000, 0.19751
6130, -18, 500, 0.20000, 0.20038
6131, -18, 500, 0.20000, 0.20182
6132, -18, 500, 0.20000, 0.19715
6133, -18, 500, 0.20000, 0.19859
6134, -18, 500, 0.20000, 0.19931
6135, -18, 500, 0.20000, 0.19787
6136, -18, 500, 0.20000, 0.19679
6137, -18, 500, 0.20000, 0.20074
6138, -18, 500, 0.20000, 0.19859
6139, -18, 500, 0.20000, 0.19679
6140, -18, 500, 0.20000, 0.20326
6141, -18, 500, 0.20000, 0.19643
6142, -18, 500, 0.20000, 0.20074
6143, -18, 500, 0.20000, 0.19787
6144, -18, 500, 0.20000, 0.20614
6145, -18, 500, 0.20000, 0.19535
6146, -18, 500, 0.20000, 0.19895
6147, -18, 500, 0.20000, 0.19787
6148, -18, 500, 0.20000, 0.20002
6149, -18, 500, 0.20000, 0.20470
6150, -18, 500, 0.20000, 0.19931
6151, -18, 500, 0.20000, 0.19967
6152, -18, 500, 0.20000, 0.19823
6153, -18, 500, 0.20000, 0.19751
6154, -18, 500, 0.20000, 0.20290
6155, -18, 500, 0.20000, 0.19931
6156, -18, 500, 0.20000, 0.19715
6157, -18, 500, 0.20000, 0.19679
6158, -18, 500, 0.20000, 0.19931
6159, -18, 500, 0.20000, 0.19895
6160, -18, 500, 0.20000, 0.19895
6161, -18, 500, 0.20000, 0.19499
6162, -18, 500, 0.20000, 0.19859
6163, -18, 500, 0.20000, 0.19931
6164, -18, 500, 0.20000, 0.19859
6165, -18, 500, 0.20000, 0.19751
6166, -18, 500, 0.20000, 0.19751
6167, -18, 500, 0.20000, 0.20038
6168, -18, 500, 0.20000, 0.20074
6169, -18, 500, 0.20000, 0.19643
6170, -18, 500, 0.20000, 0.19499
6171, -18, 500, 0.20000, 0.19787
6172, -18, 500, 0.20000, 0.20110
6173, -18, 500, 0.20000, 0.19931
6174, -18, 500, 0.20000, 0.19931
6175, -18, 500, 0.20000, 0.20038
6176, -18, 500, 0.20000, 0.20074
6177, -18, 500, 0.20000, 0.20074
6178, -18, 500, 0.20000, 0.19751
6179, -18, 500, 0.20000, 0.19931
6180, -18, 500, 0.20000, 0.19643
6181, -18, 500, 0.20000, 0.20218
6182, -18, 500, 0.20000, 0.20254
6183, -18, 500, 0.20000, 0.20146
6184, -18, 500, 0.20000, 0.19859
6185, -18, 500, 0.20000, 0.19931
6186, -18, 500, 0.20000, 0.19895
6187, -18, 500, 0.20000, 0.19823
6188, -18, 500, 0.20000, 0.19859
6189, -18, 500, 0.20000, 0.19967
6190, -18, 500, 0.20000, 0.19607
6191, -18, 500, 0.20000, 0.20721
6192, -18, 500, 0.20000, 0.20074
6193, -18, 500, 0.20000, 0.19859
6194, -18, 500, 0.20000, 0.20038
6195, -18, 500, 0.20000, 0.19931
6196, -18, 500, 0.20000, 0.20074
6197, -18, 500, 0.20000, 0.20074
6198, -18, 500, 0.20000, 0.20254
6199, -18, 500, 0.20000, 0.20074
6200, -18, 500, 0.20000, 0.19823
6201, -18, 500, 0.20000, 0.19931
6202, -18, 500, 0.20000, 0.20362
6203, -18, 500, 0.20000, 0.19931
6204, -18, 500, 0.20000, 0.19895
6205, -18, 500, 0.20000, 0.19967
6206, -18, 500, 0.20000, 0.19823
6207, -18, 500, 0.20000, 0.19679
6208, -18, 500, 0.20000, 0.19391
6209, -18, 500, 0.20000, 0.19967
6210, -18, 500, 0.20000, 0.19823
6211, -18, 500, 0.20000, 0.19967
6212, -18, 500, 0.20000, 0.20038
6213, -18, 500, 0.20000, 0.19895
6214, -18, 500, 0.20000, 0.19895
6215, -18, 500, 0.20000, 0.20002
6216, -18, 500, 0.20000, 0.20002
6217, -18, 500, 0.20000, 0.19679
6218, -18, 500, 0.20000, 0.20146
6219, -18, 500, 0.20000, 0.19643
6220, -18, 500, 0.20000, 0.20074
6221, -18, 500, 0.20000, 0.20038
6222, -18, 500, 0.20000, 0.20002
6223, -18, 500, 0.20000, 0.19823
6224, -18, 500, 0.20000, 0.20074
6225, -18, 500, 0.20000, 0.20038
6226, -18, 500, 0.20000, 0.19499
6227, -18, 500, 0.20000, 0.19751
6228, -18, 500, 0.20000, 0.20326
6229, -18, 500, 0.20000, 0.20146
6230, -18, 500, 0.20000, 0.19823
6231, -18, 500, 0.20000, 0.19679
6232, -18, 500, 0.20000, 0.19931
6233, -18, 500, 0.20000, 0.19751
6234, -18, 500, 0.20000, 0.19967
6235, -18, 500, 0.20000, 0.20146
6236, -18, 500, 0.20000, 0.19499
6237, -18, 500, 0.20000, 0.20434
6238, -18, 500, 0.20000, 0.20542
6239, -18, 500, 0.20000, 0.20074
6240, -18, 500, 0.20000, 0.20038
6241, -18, 500, 0.20000, 0.19679
6242, -18, 500, 0.20000, 0.20326
6243, -18, 500, 0.20000, 0.19787
6244, -18, 500, 0.20000, 0.20146
6245, -18, 500, 0.20000, 0.19715
6246, -18, 500, 0.20000, 0.19895
6247, -18, 500, 0.20000, 0.19967
6248, -18, 500, 0.20000, 0.19931
6249, -18, 500, 0.20000, 0.20362
6250, -18, 500, 0.20000, 0.19931
6251, -18, 500, 0.20000, 0.19823
6252, -18, 500, 0.20000, 0.19571
6253, -18, 500, 0.20000, 0.19859
6254, -18, 500, 0.20000, 0.20110
6255, -18, 500, 0.20000, 0.20074
6256, -18, 500, 0.20000, 0.20182
6257, -18, 500, 0.20000, 0.19823
6258, -18, 500, 0.20000, 0.20002
6259, -18, 500, 0.20000, 0.19068
6260, -18, 500, 0.20000, 0.20254
6261, -18, 500, 0.20000, 0.19823
6262, -18, 500, 0.20000, 0.20362
6263, -18, 500, 0.20000, 0.20110
6264, -18, 500, 0.20000, 0.19679
6265, -18, 500, 0.20000, 0.19715
6266, -18, 500, 0.20000, 0.19643
6267, -18, 500, 0.20000, 0.19355
6268, -18, 500, 0.20000, 0.19895
6269, -18, 500, 0.20000, 0.19931
6270, -18, 500, 0.20000, 0.19967
6271, -18, 500, 0.20000, 0.19859
6272, -18, 500, 0.20000, 0.19895
6273, -18, 500, 0.20000, 0.20002
6274, -18, 500, 0.20000, 0.19715
6275, -18, 500, 0.20000, 0.19823
6276, -18, 500, 0.20000, 0.20074
6277, -18, 500, 0.20000, 0.19931
6278, -18, 500, 0.20000, 0.19859
6279, -18, 500, 0.20000, 0.20002
6280, -18, 500, 0.20000, 0.19967
6281, -18, 500, 0.20000, 0.19823
6282, -18, 500, 0.20000, 0.19823
6283, -18, 500, 0.20000, 0.19787
6284, -18, 500, 0.20000, 0.19931
6285, -18, 500, 0.20000, 0.20434
6286, -18, 500, 0.20000, 0.19967
6287, -18, 500, 0.20000, 0.20074
6288, -18, 500, 0.20000, 0.19931
6289, -18, 500, 0.20000, 0.19895
6290, -18, 500, 0.20000, 0.19931
6291, -18, 500, 0.20000, 0.19859
6292, -18, 500, 0.20000, 0.19967
6293, -18, 500, 0.20000, 0.19823
6294, -18, 500, 0.20000, 0.19859
6295, -18, 500, 0.20000, 0.20110
6296, -18, 500, 0.20000, 0.19679
6297, -18, 500, 0.20000, 0.20002
6298, -18, 500, 0.20000, 0.19571
6299, -18, 500, 0.20000, 0.20254
6300, -18, 500, 0.20000, 0.20002
6301, -18, 500, 0.20000, 0.19931
6302, -18, 500, 0.20000, 0.19787
6303, -18, 500, 0.20000, 0.19895
6304, -18, 500, 0.20000, 0.20002
6305, -18, 500, 0.20000, 0.19895
6306, -18, 500, 0.20000, 0.19787
6307, -18, 500, 0.20000, 0.20110
6308, -18, 500, 0.20000, 0.20074
6309, -18, 500, 0.20000, 0.19787
6310, -18, 500, 0.20000, 0.19967
6311, -18, 500, 0.20000, 0.19787
6312, -18, 500, 0.20000, 0.19931
6313, -18, 500, 0.20000, 0.20218
6314, -18, 500, 0.20000, 0.19535
6315, -18, 500, 0.20000, 0.19859
6316, -18, 500, 0.20000, 0.20146
6317, -18, 500, 0.20000, 0.20290
6318, -18, 500, 0.20000, 0.19463
6319, -18, 500, 0.20000, 0.20038
6320, -18, 500, 0.20000, 0.19859
6321, -18, 500, 0.20000, 0.19895
6322, -18, 500, 0.20000, 0.19787
6323, -18, 500, 0.20000, 0.19967
6324, -18, 500, 0.20000, 0.18852
6325, -18, 500, 0.20000, 0.19787
6326, -18, 500, 0.20000, 0.20326
6327, -18, 500, 0.20000, 0.19895
6328, -18, 500, 0.20000, 0.19823
6329, -18, 500, 0.20000, 0.20038
6330, -18, 500, 0.20000, 0.19859
6331, -18, 500, 0.20000, 0.19967
6332, -18, 500, 0.20000, 0.19859
6333, -18, 500, 0.20000, 0.19895
6334, -18, 500, 0.20000, 0.20182
6335, -18, 500, 0.20000, 0.19823
6336, -18, 500, 0.20000, 0.20002
6337, -18, 500, 0.20000, 0.20218
6338, -18, 500, 0.20000, 0.19751
6339, -18, 500, 0.20000, 0.20038
6340, -18, 500, 0.20000, 0.19427
6341, -18, 500, 0.20000, 0.20038
6342, -18, 500, 0.20000, 0.20038
6343, -18, 500, 0.20000, 0.20146
6344, -18, 500, 0.20000, 0.20254
6345, -18, 500, 0.20000, 0.19751
6346, -18, 500, 0.20000, 0.20146
6347, -18, 500, 0.20000, 0.20110
6348, -18, 500, 0.20000, 0.19967
6349, -18, 500, 0.20000, 0.20002
6350, -18, 500, 0.20000, 0.19679
6351, -18, 500, 0.20000, 0.20254
6352, -18, 500, 0.20000, 0.20110
6353, -18, 500, 0.20000, 0.20002
6354, -18, 500, 0.20000, 0.20614
6355, -18, 500, 0.20000, 0.19895
6356, -18, 500, 0.20000, 0.20254
6357, -18, 500, 0.20000, 0.20074
6358, -18, 500, 0.20000, 0.19751
6359, -18, 500, 0.20000, 0.19931
6360, -18, 500, 0.20000, 0.20290
6361, -18, 500, 0.20000, 0.20074
6362, -18, 500, 0.20000, 0.19859
6363, -18, 500, 0.20000, 0.20074
6364, -18, 500, 0.20000, 0.20182
6365, -18, 500, 0.20000, 0.20038
6366, -18, 500, 0.20000, 0.19967
6367, -18, 500, 0.20000, 0.20038
6368, -18, 500, 0.20000, 0.20002
6369, -18, 500, 0.20000, 0.19931
6370, -18, 500, 0.20000, 0.19787
6371, -18, 500, 0.20000, 0.20002
6372, -18, 500, 0.20000, 0.20290
6373, -18, 500, 0.20000, 0.20146
6374, -18, 500, 0.20000, 0.19751
6375, -18, 500, 0.20000, 0.20038
6376, -18, 500, 0.20000, 0.19823
6377, -18, 500, 0.20000, 0.19751
6378, -18, 500, 0.20000, 0.19859
6379, -18, 500, 0.20000, 0.20038
6380, -18, 500, 0.20000, 0.20074
6381, -18, 500, 0.20000, 0.19787
6382, -18, 500, 0.20000, 0.19391
6383, -18, 500, 0.20000, 0.19823
6384, -18, 500, 0.20000, 0.20002
6385, -18, 500, 0.20000, 0.19787
6386, -18, 500, 0.20000, 0.19895
6387, -18, 500, 0.20000, 0.19463
6388, -18, 500, 0.20000, 0.19787
6389, -18, 500, 0.20000, 0.20434
6390, -18, 500, 0.20000, 0.20254
6391, -18, 500, 0.20000, 0.19895
6392, -18, 500, 0.20000, 0.19607
6393, -18, 500, 0.20000, 0.20506
6394, -18, 500, 0.20000, 0.20218
6395, -18, 500, 0.20000, 0.20074
6396, -18, 500, 0.20000, 0.19931
6397, -18, 500, 0.20000, 0.19931
6398, -18, 500, 0.20000, 0.20074
6399, -18, 500, 0.20000, 0.20182
6400, -18, 500, 0.20000, 0.19751
6401, -18, 500, 0.20000, 0.20254
6402, -18, 500, 0.20000, 0.20002
6403, -18, 500, 0.20000, 0.19391
6404, -18, 500, 0.20000, 0.19140
6405, -18, 500, 0.20000, 0.20038
6406, -18, 500, 0.20000, 0.19859
6407, -18, 500, 0.20000, 0.20146
6408, -18, 500, 0.20000, 0.20146
6409, -18, 500, 0.20000, 0.20002
6410, -18, 500, 0.20000, 0.19535
6411, -18, 500, 0.20000, 0.19859
6412, -18, 500, 0.20000, 0.19931
6413, -18, 500, 0.20000, 0.19787
6414, -18, 500, 0.20000, 0.19823
6415, -18, 500, 0.20000, 0.20038
6416, -18, 500, 0.20000, 0.20182
6417, -18, 500, 0.20000, 0.19715
6418, -18, 500, 0.20000, 0.20254
6419, -18, 500, 0.20000, 0.20110
6420, -18, 500, 0.20000, 0.20002
6421, -18, 500, 0.20000, 0.20650
6422, -18, 500, 0.20000, 0.20074
6423, -18, 500, 0.20000, 0.19967
6424, -18, 500, 0.20000, 0.19859
6425, -18, 500, 0.20000, 0.20434
6426, -18, 500, 0.20000, 0.20002
6427, -18, 500, 0.20000, 0.19931
6428, -18, 500, 0.20000, 0.19787
6429, -18, 500, 0.20000, 0.20038
6430, -18, 500, 0.20000, 0.20002
6431, -18, 500, 0.20000, 0.20074
6432, -18, 500, 0.20000, 0.20326
6433, -18, 500, 0.20000, 0.19715
6434, -18, 500, 0.20000, 0.19967
6435, -18, 500, 0.20000, 0.19895
6436, -18, 500, 0.20000, 0.20290
6437, -18, 500, 0.20000, 0.19931
6438, -18, 500, 0.20000, 0.20146
6439, -18, 500, 0.20000, 0.19715
6440, -18, 500, 0.20000, 0.19607
6441, -18, 500, 0.20000, 0.19967
6442, -18, 500, 0.20000, 0.20038
6443, -18, 500, 0.20000, 0.19284
6444, -18, 500, 0.20000, 0.19931
6445, -18, 500, 0.20000, 0.19535
6446, -18, 500, 0.20000, 0.20182
6447, -18, 500, 0.20000, 0.20038
6448, -18, 500, 0.20000, 0.19823
6449, -18, 500, 0.20000, 0.20002
6450, -18, 500, 0.20000, 0.19427
6451, -18, 500, 0.20000, 0.19895
6452, -18, 500, 0.20000, 0.20002
6453, -18, 500, 0.20000, 0.20038
6454, -18, 500, 0.20000, 0.20182
6455, -18, 500, 0.20000, 0.19967
6456, -18, 500, 0.20000, 0.19679
6457, -18, 500, 0.20000, 0.20218
6458, -18, 500, 0.20000, 0.20182
6459, -18, 500, 0.20000, 0.19823
6460, -18, 500, 0.20000, 0.20218
6461, -18, 500, 0.20000, 0.20038
6462, -18, 500, 0.20000, 0.20110
6463, -18, 500, 0.20000, 0.20218
6464, -18, 500, 0.20000, 0.20434
6465, -18, 500, 0.20000, 0.20146
6466, -18, 500, 0.20000, 0.20110
6467, -18, 500, 0.20000, 0.19823
6468, -18, 500, 0.20000, 0.19931
6469, -18, 500, 0.20000, 0.20326
6470, -18, 500, 0.20000, 0.19967
6471, -18, 500, 0.20000, 0.19859
6472, -18, 500, 0.20000, 0.19859
6473, -18, 500, 0.00000, 0.19895
6474, -18, 500, 0.00000, 0.20110
6475, -18, 500, 0.00000, 0.19967
6476, -18, 500, 0.00000, 0.19751
6477, -18, 500, 0.00000, 0.19140
6478, -18, 500, 0.00000, 0.18852
6479, -18, 500, 0.00000, 0.17810
6480, -18, 500, 0.00000, 0.17163
6481, -18, 500, 0.00000, 0.16336
6482, -18, 500, 0.00000, 0.15330
6483, -18, 500, 0.00000, 0.14395
6484, -18, 500, 0.00000, 0.13496
6485, -18, 500, 0.00000, 0.12777
6486, -18, 500, 0.00000, 0.12059
6487, -18, 500, 0.00000, 0.10800
6488, -18, 500, 0.00000, 0.09758
6489, -18, 500, 0.00000, 0.08788
6490, -18, 500, 0.00000, 0.08212
6491, -18, 500, 0.00000, 0.07458
6492, -18, 500, 0.00000, 0.05804
6493, -18, 500, 0.00000, 0.05193
6494, -18, 500, 0.00000, 0.05085
6495, -18, 500, 0.00000, 0.04402
6496, -18, 500, 0.00000, 0.02389
6497, -18, 500, 0.00000, 0.03036
6498, -18, 500, 0.00000, 0.01850
6499, -18, 500, 0.00000, 0.01455
6500, -18, 500, 0.00000, 0.00844
6501, -18, 500, 0.00000, 0.01095
6502, -18, 500, 0.00000, 0.00664
6503, -18, 500, 0.00000, 0.00412
6504, -18, 500, 0.00000, 0.00269
6505, -18, 500, 0.00000, -0.00163
6506, -18, 500, 0.00000, -0.00199
6507, -18, 500, 0.00000, -0.00486
6508, -18, 500, 0.00000, -0.00954
6509, -18, 500, 0.00000, -0.01026
6510, -18, 500, 0.00000, -0.00918
6511, -18, 500, 0.00000, -0.01169
6512, -18, 500, 0.00000, -0.01241
6513, -18, 500, 0.00000, -0.00954
6514, -18, 500, 0.00000, -0.01061
6515, -18, 500, 0.00000, -0.01169
6516, -18, 500, 0.00000, -0.01241
6517, -18, 500, 0.00000, -0.00990
6518, -18, 500, 0.00000, -0.01313
6519, -18, 500, 0.00000, -0.01241
6520, -18, 500, 0.00000, -0.01169
6521, -18, 500, 0.00000, -0.02463
6522, -18, 500, 0.00000, -0.01133
6523, -18, 500, 0.00000, -0.00882
6524, -18, 500, 0.00000, -0.02140
6525, -18, 500, 0.00000, -0.00379
6526, -18, 500, 0.00000, -0.00235
6527, -18, 500, 0.00000, -0.00774
6528, -18, 500, 0.00000, -0.00414
6529, -18, 500, 0.00000, -0.00774
6530, -18, 500, 0.00000, -0.00414
6531, -18, 500, 0.00000, -0.00738
6532, -18, 500, 0.00000, 0.00233
6533, -18, 500, 0.00000, 0.00053
6534, -18, 500, 0.00000, 0.00484
6535, -18, 500, 0.00000, -0.00235
6536, -18, 500, 0.00000, -0.00307
6537, -18, 500, 0.00000, -0.00163
6538, -18, 500, 0.00000, -0.00055
6539, -18, 500, 0.00000, -0.00055
6540, -18, 500, 0.00000, -0.00379
6541, -18, 500, 0.00000, 0.00304
6542, -18, 500, 0.00000, -0.00199
6543, -18, 500, 0.00000, -0.00199
6544, -18, 500, 0.00000, -0.00055
6545, -18, 500, 0.00000, 0.00269
6546, -18, 500, 0.00000, 0.00017
6547, -18, 500, 0.00000, -0.00630
6548, -18, 500, 0.00000, 0.00269
6549, -18, 500, 0.00000, 0.00017
6550, -18, 500, 0.00000, -0.00379
6551, -18, 500, 0.00000, 0.00161
6552, -18, 500, 0.00000, 0.00053
6553, -18, 500, 0.00000, 0.00304
6554, -18, 500, 0.00000, 0.00233
6555, -18, 500, 0.00000, -0.00414
6556, -18, 500, 0.00000, -0.00091
6557, -18, 500, 0.00000, 0.00017
6558, -18, 500, 0.00000, 0.00197
6559, -18, 500, 0.00000, -0.00055
6560, -18, 500, 0.00000, -0.00055
6561, -18, 500, 0.00000, -0.00055
6562, -18, 500, 0.00000, 0.00197
6563, -18, 500, 0.00000, 0.00161
6564, -18, 500, 0.00000, 0.00125
6565, -18, 500, 0.00000, -0.00091
6566, -18, 500, 0.00000, -0.00019
6567, -18, 500, 0.00000, -0.00235
6568, -18, 500, 0.00000, 0.00017
6569, -18, 500, 0.00000, 0.00125
6570, -18, 500, 0.00000, -0.00271
6571, -18, 500, 0.00000, -0.00019
6572, -18, 500, 0.00000, 0.00808
6573, -18, 500, 0.00000, 0.00125
6574, -18, 500, 0.00000, 0.00161
6575, -18, 500, 0.00000, -0.00271
6576, -18, 500, 0.00000, -0.00019
6577, -18, 500, 0.00000, 0.00304
6578, -18, 500, 0.00000, -0.00091
6579, -18, 500, 0.00000, 0.00053
6580, -18, 500, 0.00000, -0.00019
6581, -18, 500, 0.00000, 0.00197
6582, -18, 500, 0.00000, -0.00522
6583, -18, 500, 0.00000, -0.00091
6584, -18, 500, 0.00000, -0.00055
6585, -18, 500, 0.00000, -0.00091
6586, -18, 500, 0.00000, -0.00055
6587, -18, 500, 0.00000, 0.00089
6588, -18, 500, 0.00000, 0.00017
6589, -18, 500, 0.00000, 0.00125
6590, -18, 500, 0.00000, 0.00269
6591, -18, 500, 0.00000, -0.00343
6592, -18, 500, 0.00000, -0.00091
6593, -18, 500, 0.00000, 0.00017
6594, -18, 500, 0.00000, 0.00556
6595, -18, 500, 0.00000, 0.00125
6596, -18, 500, 0.00000, 0.00089
6597, -18, 500, 0.00000, 0.00412
6598, -18, 500, 0.00000, 0.00197
6599, -18, 500, 0.00000, -0.00199
6600, -18, 500, 0.00000, 0.00412
6601, -18, 500, 0.00000, 0.00125
6602, -18, 500, 0.00000, -0.00055
6603, -18, 500, 0.00000, 0.00089
6604, -18, 500, 0.00000, 0.00412
6605, -18, 500, 0.00000, 0.00197
6606, -18, 500, 0.00000, -0.00019
6607, -18, 500, 0.00000, -0.00379
6608, -18, 500, 0.00000, 0.00484
6609, -18, 500, 0.00000, 0.00161
6610, -18, 500, 0.00000, 0.00161
6611, -18, 500, 0.00000, -0.00163
6612, -18, 500, 0.00000, 0.00017
6613, -18, 500, 0.00000, -0.00199
6614, -18, 500, 0.00000, 0.00089
6615, -18, 500, 0.00000, -0.00199
6616, -18, 500, 0.00000, -0.00091
6617, -18, 500, 0.00000, 0.00161
6618, -18, 500, 0.00000, -0.00379
6619, -18, 500, 0.00000, 0.00053
6620, -18, 500, 0.00000, 0.00017
6621, -18, 500, 0.00000, 0.00089
6622, -18, 500, 0.00000, -0.00019
6623, -18, 500, 0.00000, 0.00017
6624, -18, 500, 0.00000, -0.00055
6625, -18, 500, 0.00000, -0.00486
6626, -18, 500, 0.00000, -0.00163
6627, -18, 500, 0.00000, -0.00379
6628, -18, 500, 0.00000, 0.00089
6629, -18, 500, 0.00000, -0.00091
6630, -18, 500, 0.00000, -0.00091
6631, -18, 500, 0.00000, 0.00053
6632, -18, 500, 0.00000, -0.00055
6633, -18, 500, 0.00000, -0.00091
6634, -18, 500, 0.00000, 0.00197
6635, -18, 500, 0.00000, -0.00163
6636, -18, 500, 0.00000, -0.00199
6637, -18, 500, 0.00000, 0.00017
6638, -18, 500, 0.00000, 0.00017
6639, -18, 500, 0.00000, -0.00271
6640, -18, 500, 0.00000, 0.00017
6641, -18, 500, 0.00000, 0.00161
6642, -18, 500, 0.00000, -0.00235
6643, -18, 500, 0.00000, -0.01529
6644, -18, 500, 0.00000, 0.00161
6645, -18, 500, 0.00000, -0.00127
6646, -18, 500, 0.00000, 0.00089
6647, -18, 500, 0.00000, -0.00055
6648, -18, 500, 0.00000, -0.00199
6649, -18, 500, 0.00000, -0.00091
6650, -18, 500, 0.00000, -0.00055
6651, -18, 500, 0.00000, -0.00163
6652, -18, 500, 0.00000, -0.00127
6653, -18, 500, 0.00000, 0.00233
6654, -18, 500, 0.00000, 0.00233
6655, -18, 500, 0.00000, 0.00089
6656, -18, 500, 0.00000, 0.00053
6657, -18, 500, 0.00000, -0.00307
6658, -18, 500, 0.00000, 0.00197
6659, -18, 500, 0.00000, -0.00307
6660, -18, 500, 0.00000, -0.00235
6661, -18, 500, 0.00000, -0.00019
6662, -18, 500, 0.00000, -0.00055
6663, -18, 500, 0.00000, -0.00019
6664, -18, 500, 0.00000, -0.00091
6665, -18, 500, 0.00000, 0.00053
6666, -18, 500, 0.00000, 0.00484
6667, -18, 500, 0.00000, -0.00379
6668, -18, 500, 0.00000, 0.00304
6669, -18, 500, 0.00000, -0.00199
6670, -18, 500, 0.00000, 0.00412
6671, -18, 500, 0.00000, 0.00125
6672, -18, 500, 0.00000, 0.00053
6673, -18, 500, 0.00000, -0.00019
6674, -18, 500, 0.00000, -0.00163
6675, -18, 500, 0.00000, 0.00592
6676, -18, 500, 0.00000, 0.00089
6677, -18, 500, 0.00000, 0.00089
6678, -18, 500, 0.00000, 0.00125
6679, -18, 500, 0.00000, 0.00197
6680, -18, 500, 0.00000, -0.00235
6681, -18, 500, 0.00000, -0.00486
6682, -18, 500, 0.00000, -0.00163
6683, -18, 500, 0.00000, -0.00307
6684, -18, 500, 0.00000, 0.00053
6685, -18, 500, 0.00000, 0.00376
6686, -18, 500, 0.00000, -0.00271
6687, -18, 500, 0.00000, -0.00055
6688, -18, 500, 0.00000, 0.00628
6689, -18, 500, 0.00000, -0.00019
6690, -18, 500, 0.00000, 0.00089
6691, -18, 500, 0.00000, -0.00019
6692, -18, 500, 0.00000, 0.00233
6693, -18, 500, 0.00000, -0.00127
6694, -18, 500, 0.00000, -0.00055
6695, -18, 500, 0.00000, 0.00053
6696, -18, 500, 0.00000, -0.00450
6697, -18, 500, 0.00000, 0.00376
6698, -18, 500, 0.00000, 0.00017
6699, -18, 500, 0.00000, 0.00772
6700, -18, 500, 0.00000, 0.00053
6701, -18, 500, 0.00000, 0.00017
6702, -18, 500, 0.00000, 0.00125
6703, -18, 500, 0.00000, -0.00019
6704, -18, 500, 0.00000, 0.00269
6705, -18, 500, 0.00000, 0.00125
6706, -18, 500, 0.00000, 0.00340
6707, -18, 500, 0.00000, -0.00055
6708, -18, 500, 0.00000, 0.00340
6709, -18, 500, 0.00000, -0.00127
6710, -18, 500, 0.00000, -0.00882
6711, -18, 500, 0.00000, -0.00055
6712, -18, 500, 0.00000, -0.00091
6713, -18, 500, 0.00000, 0.00017
6714, -18, 500, 0.00000, 0.00053
6715, -18, 500, 0.00000, -0.00019
6716, -18, 500, 0.00000, 0.00089
6717, -18, 500, 0.00000, -0.00127
6718, -18, 500, 0.00000, -0.00019
6719, -18, 500, 0.00000, 0.00412
6720, -18, 500, 0.00000, -0.00271
6721, -18, 500, 0.00000, 0.00017
6722, -18, 500, 0.00000, 0.00089
6723, -18, 500, 0.00000, 0.00089
6724, -18, 500, 0.00000, 0.00556
6725, -18, 500, 0.00000, 0.00484
6726, -18, 500, 0.00000, 0.00017
6727, -18, 500, 0.00000, 0.00233
6728, -18, 500, 0.00000, -0.00019
6729, -18, 500, 0.00000, -0.00127
6730, -18, 500, 0.00000, -0.00307
6731, -18, 500, 0.00000, 0.00161
6732, -18, 500, 0.00000, 0.00520
6733, -18, 500, 0.00000, 0.00233
6734, -18, 500, 0.00000, -0.00091
6735, -18, 500, 0.00000, 0.00233
6736, -18, 500, 0.00000, 0.00269
6737, -18, 500, 0.00000, -0.00019
6738, -18, 500, 0.00000, 0.00017
6739, -18, 500, 0.00000, -0.00019
6740, -18, 500, 0.00000, 0.00017
6741, -18, 500, 0.00000, 0.00197
6742, -18, 500, 0.00000, 0.00017
6743, -18, 500, 0.00000, -0.00091
6744, -18, 500, 0.00000, -0.00019
6745, -18, 500, 0.00000, 0.00017
6746, -18, 500, 0.00000, -0.00235
6747, -18, 500, 0.00000, 0.00053
6748, -18, 500, 0.00000, -0.00055
6749, -18, 500, 0.00000, -0.00307
6750, -18, 500, 0.00000, 0.00197
6751, -18, 500, 0.00000, -0.00199
6752, -18, 500, 0.00000, 0.00089
6753, -18, 500, 0.00000, 0.00412
6754, -18, 500, 0.00000, 0.00089
6755, -18, 500, 0.00000, -0.01241
6756, -18, 500, 0.00000, 0.00017
6757, -18, 500, 0.00000, -0.00163
6758, -18, 500, 0.00000, -0.00091
6759, -18, 500, 0.00000, -0.00235
6760, -18, 500, 0.00000, 0.00017
6761, -18, 500, 0.00000, 0.00448
6762, -18, 500, 0.00000, -0.00055
6763, -18, 500, 0.00000, 0.00197
6764, -18, 500, 0.00000, 0.00017
6765, -18, 500, 0.00000, 0.00412
6766, -18, 500, 0.00000, -0.00019
6767, -18, 500, 0.00000, 0.00017
6768, -18, 500, 0.00000, 0.00197
6769, -18, 500, 0.00000, 0.00304
6770, -18, 500, 0.00000, -0.00163
6771, -18, 500, 0.00000, 0.00053
6772, -18, 500, 0.00000, 0.00053
6773, -18, 500, 0.00000, 0.00197
6774, -18, 500, 0.00000, -0.00163
6775, -18, 500, 0.00000, 0.00017
6776, -18, 500, 0.00000, 0.00017
6777, -18, 500, 0.00000, 0.00412
6778, -18, 500, 0.00000, -0.00414
6779, -18, 500, 0.00000, 0.00053
6780, -18, 500, 0.00000, -0.00055
6781, -18, 500, 0.00000, -0.00019
6782, -18, 500, 0.00000, 0.00412
6783, -18, 500, 0.00000, -0.00019
6784, -18, 500, 0.00000, 0.00017
6785, -18, 500, 0.00000, 0.00628
6786, -18, 500, 0.00000, -0.00055
6787, -18, 500, 0.00000, 0.00161
6788, -18, 500, 0.00000, 0.00017
6789, -18, 500, 0.00000, -0.00163
6790, -18, 500, 0.00000, -0.01421
6791, -18, 500, 0.00000, -0.00019
6792, -18, 500, 0.00000, 0.00125
6793, -18, 500, 0.00000, -0.00055
6794, -18, 500, 0.00000, -0.00019
6795, -18, 500, 0.00000, 0.00125
6796, -18, 500, 0.00000, -0.00235
6797, -18, 500, 0.00000, -0.00163
6798, -18, 500, 0.00000, 0.00161
6799, -18, 500, 0.00000, 0.00053
6800, -18, 500, 0.00000, 0.00017
6801, -18, 500, 0.00000, -0.00379
6802, -18, 500, 0.00000, 0.00197
6803, -18, 500, 0.00000, 0.00089
6804, -18, 500, 0.00000, 0.00089
6805, -18, 500, 0.00000, 0.00017
6806, -18, 500, 0.00000, 0.00017
6807, -18, 500, 0.00000, 0.00197
6808, -18, 500, 0.00000, -0.00055
6809, -18, 500, 0.00000, 0.00340
6810, -18, 500, 0.00000, 0.00053
6811, -18, 500, 0.00000, -0.00307
6812, -18, 500, 0.00000, 0.00017
6813, -18, 500, 0.00000, 0.00951
6814, -18, 500, 0.00000, 0.00053
6815, -18, 500, 0.00000, 0.00017
6816, -18, 500, 0.00000, -0.00019
6817, -18, 500, 0.00000, -0.00055
6818, -18, 500, 0.00000, -0.01349
6819, -18, 500, 0.00000, -0.00199
6820, -18, 500, 0.00000, 0.00053
6821, -18, 500, 0.00000, 0.00017
6822, -18, 500, 0.00000, 0.00017
6823, -18, 500, 0.00000, -0.00199
6824, -18, 500, 0.00000, -0.00343
6825, -18, 500, 0.00000, 0.00269
6826, -18, 500, 0.00000, -0.00091
6827, -18, 500, 0.00000, 0.00089
6828, -18, 500, 0.00000, 0.00017
6829, -18, 500, 0.00000, -0.00379
6830, -18, 500, 0.00000, 0.00448
6831, -18, 500, 0.00000, 0.00269
6832, -18, 500, 0.00000, -0.00091
6833, -18, 500, 0.00000, 0.00269
6834, -18, 500, 0.00000, 0.00053
6835, -18, 500, 0.00000, -0.00235
6836, -18, 500, 0.00000, 0.00053
6837, -18, 500, 0.00000, 0.00376
6838, -18, 500, 0.00000, -0.00522
6839, -18, 500, 0.00000, -0.00414
6840, -18, 500, 0.00000, -0.00091
6841, -18, 500, 0.00000, 0.00161
6842, -18, 500, 0.00000, 0.00304
6843, -18, 500, 0.00000, 0.00017
6844, -18, 500, 0.00000, -0.00019
6845, -18, 500, 0.00000, -0.00271
6846, -18, 500, 0.00000, -0.00091
6847, -18, 500, 0.00000, -0.00163
6848, -18, 500, 0.00000, 0.00053
6849, -18, 500, 0.00000, -0.00127
6850, -18, 500, 0.00000, -0.00307
6851, -18, 500, 0.00000, 0.00376
6852, -18, 500, 0.00000, -0.00091
6853, -18, 500, 0.00000, 0.00269
6854, -18, 500, 0.00000, -0.00307
6855, -18, 500, 0.00000, -0.00235
6856, -18, 500, 0.00000, -0.00055
6857, -18, 500, 0.00000, -0.00091
6858, -18, 500, 0.00000, -0.00091
6859, -18, 500, 0.00000, -0.00055
6860, -18, 500, 0.00000, 0.00089
6861, -18, 500, 0.00000, 0.00125
6862, -18, 500, 0.00000, 0.00089
6863, -18, 500, 0.00000, -0.00091
6864, -18, 500, 0.00000, 0.00017
6865, -18, 500, 0.00000, 0.00233
6866, -18, 500, 0.00000, 0.00017
6867, -18, 500, 0.00000, 0.00017
6868, -18, 500, 0.00000, 0.00053
6869, -18, 500, 0.00000, -0.00019
6870, -18, 500, 0.00000, 0.00233
6871, -18, 500, 0.00000, -0.00127
6872, -18, 500, 0.00000, -0.00235
6873, -18, 500, 0.00000, -0.00055
6874, -18, 500, 0.00000, -0.00019
6875, -18, 500, 0.00000, -0.00343
6876, -18, 500, 0.00000, -0.01026
6877, -18, 500, 0.00000, 0.00053
6878, -18, 500, 0.00000, -0.00163
6879, -18, 500, 0.20000, -0.00019
6880, -18, 500, 0.20000, -0.00127
6881, -18, 500, 0.20000, 0.00053
6882, -18, 500, 0.20000, 0.00772
6883, -18, 500, 0.20000, 0.00880
6884, -18, 500, 0.20000, 0.01455
6885, -18, 500, 0.20000, 0.02210
6886, -18, 500, 0.20000, 0.02785
6887, -18, 500, 0.20000, 0.03324
6888, -18, 500, 0.20000, 0.05193
6889, -18, 500, 0.20000, 0.05624
6890, -18, 500, 0.20000, 0.07026
6891, -18, 500, 0.20000, 0.07529
6892, -18, 500, 0.20000, 0.08680
6893, -18, 500, 0.20000, 0.09183
6894, -18, 500, 0.20000, 0.09938
6895, -18, 500, 0.20000, 0.10800
6896, -18, 500, 0.20000, 0.11951
6897, -18, 500, 0.20000, 0.12274
6898, -18, 500, 0.20000, 0.13496
6899, -18, 500, 0.20000, 0.14323
6900, -18, 500, 0.20000, 0.15042
6901, -18, 500, 0.20000, 0.15473
6902, -18, 500, 0.20000, 0.16839
6903, -18, 500, 0.20000, 0.16516
6904, -18, 500, 0.20000, 0.17019
6905, -18, 500, 0.20000, 0.17774
6906, -18, 500, 0.20000, 0.18457
6907, -18, 500, 0.20000, 0.18996
6908, -18, 500, 0.20000, 0.19320
6909, -18, 500, 0.20000, 0.19571
6910, -18, 500, 0.20000, 0.20002
6911, -18, 500, 0.20000, 0.19715
6912, -18, 500, 0.20000, 0.20254
6913, -18, 500, 0.20000, 0.20614
6914, -18, 500, 0.20000, 0.20685
6915, -18, 500, 0.20000, 0.20793
6916, -18, 500, 0.20000, 0.20470
6917, -18, 500, 0.20000, 0.20937
6918, -18, 500, 0.20000, 0.20973
6919, -18, 500, 0.20000, 0.20865
6920, -18, 500, 0.20000, 0.21189
6921, -18, 500, 0.20000, 0.20973
6922, -18, 500, 0.20000, 0.21189
6923, -18, 500, 0.20000, 0.21117
6924, -18, 500, 0.20000, 0.20865
6925, -18, 500, 0.20000, 0.20829
6926, -18, 500, 0.20000, 0.21081
6927, -18, 500, 0.20000, 0.21332
6928, -18, 500, 0.20000, 0.20937
6929, -18, 500, 0.20000, 0.21081
6930, -18, 500, 0.20000, 0.21009
6931, -18, 500, 0.20000, 0.20757
6932, -18, 500, 0.20000, 0.20470
6933, -18, 500, 0.20000, 0.20865
6934, -18, 500, 0.20000, 0.20578
6935, -18, 500, 0.20000, 0.21009
6936, -18, 500, 0.20000, 0.20685
6937, -18, 500, 0.20000, 0.20470
6938, -18, 500, 0.20000, 0.20362
6939, -18, 500, 0.20000, 0.20973
6940, -18, 500, 0.20000, 0.19931
6941, -18, 500, 0.20000, 0.19320
6942, -18, 500, 0.20000, 0.20254
6943, -18, 500, 0.20000, 0.19859
6944, -18, 500, 0.20000, 0.20002
6945, -18, 500, 0.20000, 0.19931
6946, -18, 500, 0.20000, 0.19823
6947, -18, 500, 0.20000, 0.19967
6948, -18, 500, 0.20000, 0.19895
6949, -18, 500, 0.20000, 0.19715
6950, -18, 500, 0.20000, 0.20182
6951, -18, 500, 0.20000, 0.20074
6952, -18, 500, 0.20000, 0.19967
6953, -18, 500, 0.20000, 0.19967
6954, -18, 500, 0.20000, 0.20326
6955, -18, 500, 0.20000, 0.19535
6956, -18, 500, 0.20000, 0.19859
6957, -18, 500, 0.20000, 0.20002
6958, -18, 500, 0.20000, 0.20254
6959, -18, 500, 0.20000, 0.19931
6960, -18, 500, 0.20000, 0.19931
6961, -18, 500, 0.20000, 0.20254
6962, -18, 500, 0.20000, 0.20650
6963, -18, 500, 0.20000, 0.19715
6964, -18, 500, 0.20000, 0.19931
6965, -18, 500, 0.20000, 0.19499
6966, -18, 500, 0.20000, 0.20074
6967, -18, 500, 0.20000, 0.20218
6968, -18, 500, 0.20000, 0.20002
6969, -18, 500, 0.20000, 0.19895
6970, -18, 500, 0.20000, 0.19787
6971, -18, 500, 0.20000, 0.20038
6972, -18, 500, 0.20000, 0.19787
6973, -18, 500, 0.20000, 0.19679
6974, -18, 500, 0.20000, 0.19463
6975, -18, 500, 0.20000, 0.19679
6976, -18, 500, 0.20000, 0.20182
6977, -18, 500, 0.20000, 0.19931
6978, -18, 500, 0.20000, 0.20002
6979, -18, 500, 0.20000, 0.19571
6980, -18, 500, 0.20000, 0.19859
6981, -18, 500, 0.20000, 0.19823
6982, -18, 500, 0.20000, 0.19859
6983, -18, 500, 0.20000, 0.19787
6984, -18, 500, 0.20000, 0.19895
6985, -18, 500, 0.20000, 0.19463
6986, -18, 500, 0.20000, 0.19859
6987, -18, 500, 0.20000, 0.19931
6988, -18, 500, 0.20000, 0.19895
6989, -18, 500, 0.20000, 0.19751
6990, -18, 500, 0.20000, 0.19787
6991, -18, 500, 0.20000, 0.19787
6992, -18, 500, 0.20000, 0.19751
6993, -18, 500, 0.20000, 0.20074
6994, -18, 500, 0.20000, 0.20002
6995, -18, 500, 0.20000, 0.20038
6996, -18, 500, 0.20000, 0.20650
6997, -18, 500, 0.20000, 0.19931
6998, -18, 500, 0.20000, 0.19895
6999, -18, 500, 0.20000, 0.20218
7000, -18, 500, 0.20000, 0.20254
7001, -18, 500, 0.20000, 0.20218
7002, -18, 500, 0.20000, 0.20110
7003, -18, 500, 0.20000, 0.20038
7004, -18, 500, 0.20000, 0.19823
7005, -18, 500, 0.20000, 0.19535
7006, -18, 500, 0.20000, 0.19787
7007, -18, 500, 0.20000, 0.19823
7008, -18, 500, 0.20000, 0.20434
7009, -18, 500, 0.20000, 0.20146
7010, -18, 500, 0.20000, 0.19643
7011, -18, 500, 0.20000, 0.19499
7012, -18, 500, 0.20000, 0.20074
7013, -18, 500, 0.20000, 0.19967
7014, -18, 500, 0.20000, 0.19499
7015, -18, 500, 0.20000, 0.19859
7016, -18, 500, 0.20000, 0.19931
7017, -18, 500, 0.20000, 0.19715
7018, -18, 500, 0.20000, 0.19967
7019, -18, 500, 0.20000, 0.20218
7020, -18, 500, 0.20000, 0.20362
7021, -18, 500, 0.20000, 0.20002
7022, -18, 500, 0.20000, 0.20038
7023, -18, 500, 0.20000, 0.19787
7024, -18, 500, 0.20000, 0.20326
7025, -18, 500, 0.20000, 0.20146
7026, -18, 500, 0.20000, 0.19859
7027, -18, 500, 0.20000, 0.20002
7028, -18, 500, 0.20000, 0.19787
7029, -18, 500, 0.20000, 0.19571
7030, -18, 500, 0.20000, 0.20254
7031, -18, 500, 0.20000, 0.20038
7032, -18, 500, 0.20000, 0.19715
7033, -18, 500, 0.20000, 0.20002
7034, -18, 500, 0.20000, 0.19787
7035, -18, 500, 0.20000, 0.19607
7036, -18, 500, 0.20000, 0.20362
7037, -18, 500, 0.20000, 0.19859
7038, -18, 500, 0.20000, 0.20146
7039, -18, 500, 0.20000, 0.19859
7040, -18, 500, 0.20000, 0.20002
7041, -18, 500, 0.20000, 0.19859
7042, -18, 500, 0.20000, 0.20146
7043, -18, 500, 0.20000, 0.19787
7044, -18, 500, 0.20000, 0.19859
7045, -18, 500, 0.20000, 0.19931
7046, -18, 500, 0.20000, 0.19823
7047, -18, 500, 0.20000, 0.19967
7048, -18, 500, 0.20000, 0.19931
7049, -18, 500, 0.20000, 0.19895
7050, -18, 500, 0.20000, 0.19859
7051, -18, 500, 0.20000, 0.19607
7052, -18, 500, 0.20000, 0.20002
7053, -18, 500, 0.20000, 0.19895
7054, -18, 500, 0.20000, 0.19895
7055, -18, 500, 0.20000, 0.20757
7056, -18, 500, 0.20000, 0.19607
7057, -18, 500, 0.20000, 0.18780
7058, -18, 500, 0.20000, 0.19967
7059, -18, 500, 0.20000, 0.19859
7060, -18, 500, 0.20000, 0.19931
7061, -18, 500, 0.20000, 0.20002
7062, -18, 500, 0.20000, 0.19427
7063, -18, 500, 0.20000, 0.19895
7064, -18, 500, 0.20000, 0.19176
7065, -18, 500, 0.20000, 0.19823
7066, -18, 500, 0.20000, 0.19895
7067, -18, 500, 0.20000, 0.19679
7068, -18, 500, 0.20000, 0.19967
7069, -18, 500, 0.20000, 0.20254
7070, -18, 500, 0.20000, 0.20002
7071, -18, 500, 0.20000, 0.19931
7072, -18, 500, 0.20000, 0.20038
7073, -18, 500, 0.20000, 0.20074
7074, -18, 500, 0.20000, 0.20254
7075, -18, 500, 0.20000, 0.20290
7076, -18, 500, 0.20000, 0.20254
7077, -18, 500, 0.20000, 0.20110
7078, -18, 500, 0.20000, 0.20002
7079, -18, 500, 0.20000, 0.19967
7080, -18, 500, 0.20000, 0.20470
7081, -18, 500, 0.20000, 0.20074
7082, -18, 500, 0.20000, 0.19823
7083, -18, 500, 0.20000, 0.19931
7084, -18, 500, 0.20000, 0.19967
7085, -18, 500, 0.20000, 0.20002
7086, -18, 500, 0.20000, 0.19931
7087, -18, 500, 0.20000, 0.19931
7088, -18, 500, 0.20000, 0.19823
7089, -18, 500, 0.20000, 0.19967
7090, -18, 500, 0.20000, 0.20434
7091, -18, 500, 0.20000, 0.19859
7092, -18, 500, 0.20000, 0.19967
7093, -18, 500, 0.20000, 0.19895
7094, -18, 500, 0.20000, 0.19320
7095, -18, 500, 0.20000, 0.20326
7096, -18, 500, 0.20000, 0.19931
7097, -18, 500, 0.20000, 0.20110
7098, -18, 500, 0.20000, 0.20074
7099, -18, 500, 0.20000, 0.20110
7100, -18, 500, 0.20000, 0.19463
7101, -18, 500, 0.20000, 0.19895
7102, -18, 500, 0.20000, 0.19787
7103, -18, 500, 0.20000, 0.20002
7104, -18, 500, 0.20000, 0.19859
7105, -18, 500, 0.20000, 0.20074
7106, -18, 500, 0.20000, 0.18852
7107, -18, 500, 0.20000, 0.20362
7108, -18, 500, 0.20000, 0.20398
7109, -18, 500, 0.20000, 0.20290
7110, -18, 500, 0.20000, 0.20074
7111, -18, 500, 0.20000, 0.19931
7112, -18, 500, 0.20000, 0.19895
7113, -18, 500, 0.20000, 0.20182
7114, -18, 500, 0.20000, 0.19787
7115, -18, 500, 0.20000, 0.20074
7116, -18, 500, 0.20000, 0.20002
7117, -18, 500, 0.20000, 0.19823
7118, -18, 500, 0.20000, 0.19895
7119, -18, 500, 0.20000, 0.20002
7120, -18, 500, 0.20000, 0.20074
7121, -18, 500, 0.20000, 0.20721
7122, -18, 500, 0.20000, 0.20362
7123, -18, 500, 0.20000, 0.20110
7124, -18, 500, 0.20000, 0.20182
7125, -18, 500, 0.20000, 0.19679
7126, -18, 500, 0.20000, 0.20254
7127, -18, 500, 0.20000, 0.20074
7128, -18, 500, 0.20000, 0.19895
7129, -18, 500, 0.20000, 0.19931
7130, -18, 500, 0.20000, 0.19967
7131, -18, 500, 0.20000, 0.19427
7132, -18, 500, 0.20000, 0.19823
7133, -18, 500, 0.20000, 0.20038
7134, -18, 500, 0.20000, 0.20002
7135, -18, 500, 0.20000, 0.19355
7136, -18, 500, 0.20000, 0.19787
7137, -18, 500, 0.20000, 0.19607
7138, -18, 500, 0.20000, 0.20398
7139, -18, 500, 0.20000, 0.20002
7140, -18, 500, 0.20000, 0.20038
7141, -18, 500, 0.20000, 0.19787
7142, -18, 500, 0.20000, 0.20002
7143, -18, 500, 0.20000, 0.19895
7144, -18, 500, 0.20000, 0.20290
7145, -18, 500, 0.20000, 0.19787
7146, -18, 500, 0.20000, 0.19859
7147, -18, 500, 0.20000, 0.19895
7148, -18, 500, 0.20000, 0.20038
7149, -18, 500, 0.20000, 0.19427
7150, -18, 500, 0.20000, 0.19967
7151, -18, 500, 0.20000, 0.19859
7152, -18, 500, 0.20000, 0.20002
7153, -18, 500, 0.20000, 0.19895
7154, -18, 500, 0.20000, 0.19967
7155, -18, 500, 0.20000, 0.19967
7156, -18, 500, 0.20000, 0.19931
7157, -18, 500, 0.20000, 0.19679
7158, -18, 500, 0.20000, 0.20254
7159, -18, 500, 0.20000, 0.18852
7160, -18, 500, 0.20000, 0.20002
7161, -18, 500, 0.20000, 0.19967
7162, -18, 500, 0.20000, 0.19823
7163, -18, 500, 0.20000, 0.19931
7164, -18, 500, 0.20000, 0.19787
7165, -18, 500, 0.20000, 0.20290
7166, -18, 500, 0.20000, 0.20434
7167, -18, 500, 0.20000, 0.20110
7168, -18, 500, 0.20000, 0.19823
7169, -18, 500, 0.20000, 0.20038
7170, -18, 500, 0.20000, 0.19967
7171, -18, 500, 0.20000, 0.19967
7172, -18, 500, 0.20000, 0.20146
7173, -18, 500, 0.20000, 0.20074
7174, -18, 500, 0.20000, 0.19895
7175, -18, 500, 0.20000, 0.20038
7176, -18, 500, 0.20000, 0.19931
7177, -18, 500, 0.20000, 0.19787
7178, -18, 500, 0.20000, 0.19895
7179, -18, 500, 0.20000, 0.19823
7180, -18, 500, 0.20000, 0.19859
7181, -18, 500, 0.20000, 0.20110
7182, -18, 500, 0.20000, 0.19787
7183, -18, 500, 0.20000, 0.19787
7184, -18, 500, 0.20000, 0.19859
7185, -18, 500, 0.20000, 0.19859
7186, -18, 500, 0.20000, 0.19751
7187, -18, 500, 0.20000, 0.20074
7188, -18, 500, 0.20000, 0.19679
7189, -18, 500, 0.20000, 0.19967
7190, -18, 500, 0.20000, 0.20470
7191, -18, 500, 0.20000, 0.20326
7192, -18, 500, 0.20000, 0.19967
7193, -18, 500, 0.20000, 0.20182
7194, -18, 500, 0.20000, 0.20146
7195, -18, 500, 0.20000, 0.19859
7196, -18, 500, 0.20000, 0.19715
7197, -18, 500, 0.20000, 0.19859
7198, -18, 500, 0.20000, 0.20434
7199, -18, 500, 0.20000, 0.19787
7200, -18, 500, 0.20000, 0.19931
7201, -18, 500, 0.20000, 0.19895
7202, -18, 500, 0.20000, 0.19859
7203, -18, 500, 0.20000, 0.19499
7204, -18, 500, 0.20000, 0.19823
7205, -18, 500, 0.20000, 0.19823
7206, -18, 500, 0.20000, 0.19967
7207, -18, 500, 0.20000, 0.19571
7208, -18, 500, 0.20000, 0.19859
7209, -18, 500, 0.20000, 0.20146
7210, -18, 500, 0.20000, 0.19715
7211, -18, 500, 0.20000, 0.20182
7212, -18, 500, 0.20000, 0.19931
7213, -18, 500, 0.20000, 0.20002
7214, -18, 500, 0.20000, 0.19931
7215, -18, 500, 0.20000, 0.19823
7216, -18, 500, 0.20000, 0.20362
7217, -18, 500, 0.20000, 0.20182
7218, -18, 500, 0.20000, 0.20002
7219, -18, 500, 0.20000, 0.20110
7220, -18, 500, 0.20000, 0.20218
7221, -18, 500, 0.20000, 0.19967
7222, -18, 500, 0.20000, 0.19248
7223, -18, 500, 0.20000, 0.19967
7224, -18, 500, 0.20000, 0.20542
7225, -18, 500, 0.20000, 0.20362
7226, -18, 500, 0.20000, 0.19499
7227, -18, 500, 0.20000, 0.20038
7228, -18, 500, 0.20000, 0.19931
7229, -18, 500, 0.20000, 0.19787
7230, -18, 500, 0.20000, 0.19859
7231, -18, 500, 0.20000, 0.20721
7232, -18, 500, 0.20000, 0.20326
7233, -18, 500, 0.20000, 0.20110
7234, -18, 500, 0.20000, 0.20074
7235, -18, 500, 0.20000, 0.20038
7236, -18, 500, 0.20000, 0.19535
7237, -18, 500, 0.20000, 0.19787
7238, -18, 500, 0.20000, 0.19787
7239, -18, 500, 0.20000, 0.20002
7240, -18, 500, 0.20000, 0.19967
7241, -18, 500, 0.20000, 0.20146
7242, -18, 500, 0.20000, 0.20038
7243, -18, 500, 0.20000, 0.19823
7244, -18, 500, 0.20000, 0.20254
7245, -18, 500, 0.20000, 0.20038
7246, -18, 500, 0.20000, 0.19607
7247, -18, 500, 0.20000, 0.20038
7248, -18, 500, 0.20000, 0.20074
7249, -18, 500, 0.20000, 0.19931
7250, -18, 500, 0.20000, 0.19967
7251, -18, 500, 0.20000, 0.19643
7252, -18, 500, 0.20000, 0.20254
7253, -18, 500, 0.20000, 0.20434
7254, -18, 500, 0.20000, 0.20362
7255, -18, 500, 0.20000, 0.19931
7256, -18, 500, 0.20000, 0.20074
7257, -18, 500, 0.20000, 0.20182
7258, -18, 500, 0.20000, 0.19463
7259, -18, 500, 0.20000, 0.19571
7260, -18, 500, 0.20000, 0.20470
7261, -18, 500, 0.20000, 0.20146
7262, -18, 500, 0.20000, 0.20290
7263, -18, 500, 0.20000, 0.20074
7264, -18, 500, 0.20000, 0.19320
7265, -18, 500, 0.20000, 0.19787
7266, -18, 500, 0.20000, 0.20002
7267, -18, 500, 0.20000, 0.20110
7268, -18, 500, 0.20000, 0.19895
7269, -18, 500, 0.20000, 0.19931
7270, -18, 500, 0.20000, 0.19895
7271, -18, 500, 0.20000, 0.20038
7272, -18, 500, 0.20000, 0.19967
7273, -18, 500, 0.20000, 0.19931
7274, -18, 500, 0.20000, 0.19859
7275, -18, 500, 0.20000, 0.20002
7276, -18, 500, 0.20000, 0.20362
7277, -18, 500, 0.20000, 0.20002
7278, -18, 500, 0.20000, 0.20182
7279, -18, 500, 0.20000, 0.19967
7280, -18, 500, 0.20000, 0.19571
7281, -18, 500, 0.20000, 0.19859
7282, -18, 500, 0.20000, 0.19895
7283, -18, 500, 0.20000, 0.20038
7284, -18, 500, 0.20000, 0.20290
7285, -18, 500, 0.20000, 0.19823
7286, -18, 500, 0.20000, 0.20074
7287, -18, 500, 0.20000, 0.20002
7288, -18, 500, 0.00000, 0.19967
7289, -18, 500, 0.00000, 0.19931
7290, -18, 500, 0.00000, 0.19931
7291, -18, 500, 0.00000, 0.20038
7292, -18, 500, 0.00000, 0.19355
7293, -18, 500, 0.00000, 0.18457
7294, -18, 500, 0.00000, 0.17738
7295, -18, 500, 0.00000, 0.16049
7296, -18, 500, 0.00000, 0.16372
7297, -18, 500, 0.00000, 0.15401
7298, -18, 500, 0.00000, 0.14719
7299, -18, 500, 0.00000, 0.13065
7300, -18, 500, 0.00000, 0.12490
7301, -18, 500, 0.00000, 0.11915
7302, -18, 500, 0.00000, 0.11052
7303, -18, 500, 0.00000, 0.08895
7304, -18, 500, 0.00000, 0.08680
7305, -18, 500, 0.00000, 0.08069
7306, -18, 500, 0.00000, 0.06847
7307, -18, 500, 0.00000, 0.06020
7308, -18, 500, 0.00000, 0.05301
7309, -18, 500, 0.00000, 0.04905
7310, -18, 500, 0.00000, 0.04079
7311, -18, 500, 0.00000, 0.03432
7312, -18, 500, 0.00000, 0.02857
7313, -18, 500, 0.00000, 0.02461
7314, -18, 500, 0.00000, 0.01634
7315, -18, 500, 0.00000, 0.01239
7316, -18, 500, 0.00000, 0.01023
7317, -18, 500, 0.00000, -0.00091
7318, -18, 500, 0.00000, 0.00376
7319, -18, 500, 0.00000, 0.00089
7320, -18, 500, 0.00000, -0.01529
7321, -18, 500, 0.00000, -0.00199
7322, -18, 500, 0.00000, -0.00882
7323, -18, 500, 0.00000, -0.00630
7324, -18, 500, 0.00000, -0.00738
7325, -18, 500, 0.00000, -0.01313
7326, -18, 500, 0.00000, -0.00954
7327, -18, 500, 0.00000, -0.00990
7328, -18, 500, 0.00000, -0.01097
7329, -18, 500, 0.00000, -0.01169
7330, -18, 500, 0.00000, -0.00846
7331, -18, 500, 0.00000, -0.01061
7332, -18, 500, 0.00000, -0.01421
7333, -18, 500, 0.00000, -0.01313
7334, -18, 500, 0.00000, -0.01133
7335, -18, 500, 0.00000, -0.01026
7336, -18, 500, 0.00000, -0.01205
7337, -18, 500, 0.00000, -0.01708
7338, -18, 500, 0.00000, -0.00954
7339, -18, 500, 0.00000, -0.00882
7340, -18, 500, 0.00000, -0.00918
7341, -18, 500, 0.00000, -0.00810
7342, -18, 500, 0.00000, -0.00522
7343, -18, 500, 0.00000, -0.00594
7344, -18, 500, 0.00000, -0.00379
7345, -18, 500, 0.00000, -0.00594
7346, -18, 500, 0.00000, -0.00271
7347, -18, 500, 0.00000, -0.00558
7348, -18, 500, 0.00000, -0.01421
7349, -18, 500, 0.00000, -0.00019
7350, -18, 500, 0.00000, 0.00125
7351, -18, 500, 0.00000, 0.00161
7352, -18, 500, 0.00000, 0.00089
7353, -18, 500, 0.00000, 0.00089
7354, -18, 500, 0.00000, -0.00091
7355, -18, 500, 0.00000, -0.00055
7356, -18, 500, 0.00000, 0.00089
7357, -18, 500, 0.00000, 0.00089
7358, -18, 500, 0.00000, 0.00053
7359, -18, 500, 0.00000, -0.00091
7360, -18, 500, 0.00000, 0.00017
7361, -18, 500, 0.00000, 0.00161
7362, -18, 500, 0.00000, -0.00019
7363, -18, 500, 0.00000, 0.00304
7364, -18, 500, 0.00000, -0.01852
7365, -18, 500, 0.00000, 0.00161
7366, -18, 500, 0.00000, 0.00017
7367, -18, 500, 0.00000, -0.00055
7368, -18, 500, 0.00000, 0.00197
7369, -18, 500, 0.00000, -0.00127
7370, -18, 500, 0.00000, 0.00304
7371, -18, 500, 0.00000, -0.00055
7372, -18, 500, 0.00000, 0.00017
7373, -18, 500, 0.00000, 0.00269
7374, -18, 500, 0.00000, 0.00089
7375, -18, 500, 0.00000, 0.00089
7376, -18, 500, 0.00000, -0.00019
7377, -18, 500, 0.00000, 0.00161
7378, -18, 500, 0.00000, 0.00017
7379, -18, 500, 0.00000, 0.00197
7380, -18, 500, 0.00000, 0.00304
7381, -18, 500, 0.00000, -0.00235
7382, -18, 500, 0.00000, 0.00484
7383, -18, 500, 0.00000, 0.00664
7384, -18, 500, 0.00000, 0.00556
7385, -18, 500, 0.00000, -0.00055
7386, -18, 500, 0.00000, -0.00163
7387, -18, 500, 0.00000, 0.00125
7388, -18, 500, 0.00000, -0.00091
7389, -18, 500, 0.00000, -0.00163
7390, -18, 500, 0.00000, 0.00053
7391, -18, 500, 0.00000, -0.00450
7392, -18, 500, 0.00000, 0.00412
7393, -18, 500, 0.00000, -0.00127
7394, -18, 500, 0.00000, -0.00091
7395, -18, 500, 0.00000, 0.00233
7396, -18, 500, 0.00000, 0.00017
7397, -18, 500, 0.00000, -0.00019
7398, -18, 500, 0.00000, -0.00019
7399, -18, 500, 0.00000, -0.00163
7400, -18, 500, 0.00000, 0.00017
7401, -18, 500, 0.00000, 0.00269
7402, -18, 500, 0.00000, 0.00125
7403, -18, 500, 0.00000, -0.00055
7404, -18, 500, 0.00000, 0.00089
7405, -18, 500, 0.00000, 0.00304
7406, -18, 500, 0.00000, -0.00127
7407, -18, 500, 0.00000, 0.00125
7408, -18, 500, 0.00000, 0.00161
7409, -18, 500, 0.00000, 0.00412
7410, -18, 500, 0.00000, 0.00053
7411, -18, 500, 0.00000, 0.00376
7412, -18, 500, 0.00000, -0.00127
7413, -18, 500, 0.00000, 0.00017
7414, -18, 500, 0.00000, -0.00163
7415, -18, 500, 0.00000, 0.00053
7416, -18, 500, 0.00000, -0.00019
7417, -18, 500, 0.00000, -0.00019
7418, -18, 500, 0.00000, 0.00017
7419, -18, 500, 0.00000, -0.00127
7420, -18, 500, 0.00000, -0.00019
7421, -18, 500, 0.00000, 0.00125
7422, -18, 500, 0.00000, 0.00161
7423, -18, 500, 0.00000, 0.00017
7424, -18, 500, 0.00000, -0.00091
7425, -18, 500, 0.00000, 0.00017
7426, -18, 500, 0.00000, -0.00163
7427, -18, 500, 0.00000, 0.00484
7428, -18, 500, 0.00000, -0.00019
7429, -18, 500, 0.00000, 0.00053
7430, -18, 500, 0.00000, -0.00199
7431, -18, 500, 0.00000, -0.00055
7432, -18, 500, 0.00000, 0.00125
7433, -18, 500, 0.00000, -0.00127
7434, -18, 500, 0.00000, -0.00271
7435, -18, 500, 0.00000, -0.00019
7436, -18, 500, 0.00000, -0.00019
7437, -18, 500, 0.00000, -0.00019
7438, -18, 500, 0.00000, 0.00125
7439, -18, 500, 0.00000, 0.00089
7440, -18, 500, 0.00000, 0.00017
7441, -18, 500, 0.00000, -0.00163
7442, -18, 500, 0.00000, 0.00376
7443, -18, 500, 0.00000, 0.00304
7444, -18, 500, 0.00000, -0.00055
7445, -18, 500, 0.00000, 0.00233
7446, -18, 500, 0.00000, 0.00556
7447, -18, 500, 0.00000, 0.00340
7448, -18, 500, 0.00000, 0.00340
7449, -18, 500, 0.00000, 0.00053
7450, -18, 500, 0.00000, -0.00091
7451, -18, 500, 0.00000, 0.00448
7452, -18, 500, 0.00000, 0.00376
7453, -18, 500, 0.00000, 0.00197
7454, -18, 500, 0.00000, -0.00019
7455, -18, 500, 0.00000, -0.00199
7456, -18, 500, 0.00000, 0.00125
7457, -18, 500, 0.00000, 0.00053
7458, -18, 500, 0.00000, 0.00125
7459, -18, 500, 0.00000, 0.00017
7460, -18, 500, 0.00000, 0.00089
7461, -18, 500, 0.00000, 0.00053
7462, -18, 500, 0.00000, 0.00053
7463, -18, 500, 0.00000, -0.00163
7464, -18, 500, 0.00000, 0.00161
7465, -18, 500, 0.00000, -0.00091
7466, -18, 500, 0.00000, 0.00089
7467, -18, 500, 0.00000, -0.00163
7468, -18, 500, 0.00000, 0.00269
7469, -18, 500, 0.00000, 0.00089
7470, -18, 500, 0.00000, -0.00055
7471, -18, 500, 0.00000, -0.00055
7472, -18, 500, 0.00000, 0.00125
7473, -18, 500, 0.00000, -0.00091
7474, -18, 500, 0.00000, 0.00304
7475, -18, 500, 0.00000, 0.00089
7476, -18, 500, 0.00000, -0.00271
7477, -18, 500, 0.00000, 0.00161
7478, -18, 500, 0.00000, -0.00055
7479, -18, 500, 0.00000, -0.00199
7480, -18, 500, 0.00000, -0.00343
7481, -18, 500, 0.00000, 0.00125
7482, -18, 500, 0.00000, -0.00091
7483, -18, 500, 0.00000, -0.00019
7484, -18, 500, 0.00000, -0.00307
7485, -18, 500, 0.00000, -0.00127
7486, -18, 500, 0.00000, -0.00019
7487, -18, 500, 0.00000, -0.00019
7488, -18, 500, 0.00000, 0.00017
7489, -18, 500, 0.00000, -0.00055
7490, -18, 500, 0.00000, -0.00414
7491, -18, 500, 0.00000, 0.00304
7492, -18, 500, 0.00000, -0.00235
7493, -18, 500, 0.00000, 0.00089
7494, -18, 500, 0.00000, 0.00340
7495, -18, 500, 0.00000, -0.00199
7496, -18, 500, 0.00000, 0.00017
7497, -18, 500, 0.00000, 0.00376
7498, -18, 500, 0.00000, -0.00019
7499, -18, 500, 0.00000, -0.00163
7500, -18, 500, 0.00000, -0.00199
7501, -18, 500, 0.00000, -0.00163
7502, -18, 500, 0.00000, 0.00412
7503, -18, 500, 0.00000, 0.00197
7504, -18, 500, 0.00000, -0.00055
7505, -18, 500, 0.00000, -0.00019
7506, -18, 500, 0.00000, -0.00199
7507, -18, 500, 0.00000, 0.00053
7508, -18, 500, 0.00000, -0.00055
7509, -18, 500, 0.00000, 0.00089
7510, -18, 500, 0.00000, 0.00844
7511, -18, 500, 0.00000, -0.00019
7512, -18, 500, 0.00000, -0.00019
7513, -18, 500, 0.00000, 0.00304
7514, -18, 500, 0.00000, 0.00017
7515, -18, 500, 0.00000, 0.00053
7516, -18, 500, 0.00000, -0.00055
7517, -18, 500, 0.00000, -0.00019
7518, -18, 500, 0.00000, 0.00269
7519, -18, 500, 0.00000, 0.00269
7520, -18, 500, 0.00000, 0.00053
7521, -18, 500, 0.00000, -0.00379
7522, -18, 500, 0.00000, 0.00017
7523, -18, 500, 0.00000, -0.00558
7524, -18, 500, 0.00000, -0.00055
7525, -18, 500, 0.00000, -0.00127
7526, -18, 500, 0.00000, -0.00450
7527, -18, 500, 0.00000, -0.00055
7528, -18, 500, 0.00000, -0.00019
7529, -18, 500, 0.00000, -0.00055
7530, -18, 500, 0.00000, 0.00017
7531, -18, 500, 0.00000, 0.00484
7532, -18, 500, 0.00000, 0.00053
7533, -18, 500, 0.00000, 0.00017
7534, -18, 500, 0.00000, -0.00343
7535, -18, 500, 0.00000, 0.00125
7536, -18, 500, 0.00000, -0.00199
7537, -18, 500, 0.00000, -0.00019
7538, -18, 500, 0.00000, -0.00199
7539, -18, 500, 0.00000, 0.00233
7540, -18, 500, 0.00000, -0.00019
7541, -18, 500, 0.00000, -0.00055
7542, -18, 500, 0.00000, 0.00736
7543, -18, 500, 0.00000, -0.00019
7544, -18, 500, 0.00000, -0.00163
7545, -18, 500, 0.00000, -0.00163
7546, -18, 500, 0.00000, 0.00089
7547, -18, 500, 0.00000, 0.00089
7548, -18, 500, 0.00000, -0.00163
7549, -18, 500, 0.00000, -0.00271
7550, -18, 500, 0.00000, -0.00954
7551, -18, 500, 0.00000, 0.00017
7552, -18, 500, 0.00000, 0.00089
7553, -18, 500, 0.00000, -0.00235
7554, -18, 500, 0.00000, -0.00055
7555, -18, 500, 0.00000, 0.00017
7556, -18, 500, 0.00000, 0.00448
7557, -18, 500, 0.00000, -0.00486
7558, -18, 500, 0.00000, -0.00486
7559, -18, 500, 0.00000, -0.00522
7560, -18, 500, 0.00000, -0.00343
7561, -18, 500, 0.00000, -0.00055
7562, -18, 500, 0.00000, -0.00235
7563, -18, 500, 0.00000, 0.00053
7564, -18, 500, 0.00000, 0.00197
7565, -18, 500, 0.00000, 0.00233
7566, -18, 500, 0.00000, -0.01744
7567, -18, 500, 0.00000, 0.00197
7568, -18, 500, 0.00000, 0.00376
7569, -18, 500, 0.00000, -0.00163
7570, -18, 500, 0.00000, -0.00019
7571, -18, 500, 0.00000, -0.00127
7572, -18, 500, 0.00000, -0.00235
7573, -18, 500, 0.00000, -0.00019
7574, -18, 500, 0.00000, -0.00055
7575, -18, 500, 0.00000, -0.00235
7576, -18, 500, 0.00000, -0.00091
7577, -18, 500, 0.00000, 0.00125
7578, -18, 500, 0.00000, 0.00053
7579, -18, 500, 0.00000, 0.00161
7580, -18, 500, 0.00000, -0.00091
7581, -18, 500, 0.00000, 0.00089
7582, -18, 500, 0.00000, -0.00235
7583, -18, 500, 0.00000, 0.00017
7584, -18, 500, 0.00000, 0.00161
7585, -18, 500, 0.00000, 0.00125
7586, -18, 500, 0.00000, 0.00269
7587, -18, 500, 0.00000, 0.00125
7588, -18, 500, 0.00000, -0.00127
7589, -18, 500, 0.00000, 0.00017
7590, -18, 500, 0.00000, -0.00163
7591, -18, 500, 0.00000, -0.00486
7592, -18, 500, 0.00000, 0.00448
7593, -18, 500, 0.00000, -0.00019
7594, -18, 500, 0.00000, -0.00163
7595, -18, 500, 0.00000, -0.00163
7596, -18, 500, 0.00000, 0.00412
7597, -18, 500, 0.00000, 0.00053
7598, -18, 500, 0.00000, -0.00091
7599, -18, 500, 0.00000, -0.00019
7600, -18, 500, 0.00000, 0.00089
7601, -18, 500, 0.00000, 0.00269
7602, -18, 500, 0.00000, 0.00233
7603, -18, 500, 0.00000, -0.00235
7604, -18, 500, 0.00000, -0.00307
7605, -18, 500, 0.00000, -0.00127
7606, -18, 500, 0.00000, 0.00556
7607, -18, 500, 0.00000, 0.00125
7608, -18, 500, 0.00000, -0.00019
7609, -18, 500, 0.00000, -0.00235
7610, -18, 500, 0.00000, -0.00055
7611, -18, 500, 0.00000, 0.00089
7612, -18, 500, 0.00000, 0.00556
7613, -18, 500, 0.00000, -0.00055
7614, -18, 500, 0.00000, -0.00235
7615, -18, 500, 0.00000, -0.00199
7616, -18, 500, 0.00000, -0.00019
7617, -18, 500, 0.00000, 0.00089
7618, -18, 500, 0.00000, -0.00055
7619, -18, 500, 0.00000, -0.00343
7620, -18, 500, 0.00000, -0.00163
7621, -18, 500, 0.00000, -0.00414
7622, -18, 500, 0.00000, 0.00197
7623, -18, 500, 0.00000, 0.00125
7624, -18, 500, 0.00000, -0.00127
7625, -18, 500, 0.00000, -0.00091
7626, -18, 500, 0.00000, -0.00055
7627, -18, 500, 0.00000, -0.00235
7628, -18, 500, 0.00000, 0.00269
7629, -18, 500, 0.00000, 0.00053
7630, -18, 500, 0.00000, 0.00017
7631, -18, 500, 0.00000, 0.00628
7632, -18, 500, 0.00000, 0.00340
7633, -18, 500, 0.00000, 0.00089
7634, -18, 500, 0.00000, 0.00197
7635, -18, 500, 0.00000, 0.00089
7636, -18, 500, 0.00000, 0.00053
7637, -18, 500, 0.00000, -0.00127
7638, -18, 500, 0.00000, 0.00089
7639, -18, 500, 0.00000, 0.00304
7640, -18, 500, 0.00000, -0.00019
7641, -18, 500, 0.00000, -0.00127
7642, -18, 500, 0.00000, -0.00091
7643, -18, 500, 0.00000, -0.00091
7644, -18, 500, 0.00000, 0.00161
7645, -18, 500, 0.00000, 0.00125
7646, -18, 500, 0.00000, 0.00233
7647, -18, 500, 0.00000, -0.00127
7648, -18, 500, 0.00000, -0.00199
7649, -18, 500, 0.00000, 0.00089
7650, -18, 500, 0.00000, 0.00197
7651, -18, 500, 0.00000, 0.00017
7652, -18, 500, 0.00000, -0.00846
7653, -18, 500, 0.00000, 0.00053
7654, -18, 500, 0.00000, -0.00055
7655, -18, 500, 0.00000, 0.00017
7656, -18, 500, 0.00000, -0.00163
7657, -18, 500, 0.00000, 0.00017
7658, -18, 500, 0.00000, -0.00091
7659, -18, 500, 0.00000, -0.00271
7660, -18, 500, 0.00000, 0.00125
7661, -18, 500, 0.00000, -0.00810
7662, -18, 500, 0.00000, -0.00199
7663, -18, 500, 0.00000, -0.00091
7664, -18, 500, 0.00000, -0.00127
7665, -18, 500, 0.00000, 0.00197
7666, -18, 500, 0.00000, 0.00304
7667, -18, 500, 0.00000, 0.00233
7668, -18, 500, 0.00000, 0.00772
7669, -18, 500, 0.00000, 0.00089
7670, -18, 500, 0.00000, -0.00055
7671, -18, 500, 0.00000, -0.00019
7672, -18, 500, 0.00000, -0.00307
7673, -18, 500, 0.00000, -0.00019
7674, -18, 500, 0.00000, 0.00161
7675, -18, 500, 0.00000, -0.00199
7676, -18, 500, 0.00000, 0.00233
7677, -18, 500, 0.00000, -0.00055
7678, -18, 500, 0.00000, -0.00235
7679, -18, 500, 0.00000, 0.00089
7680, -18, 500, 0.00000, -0.00127
7681, -18, 500, 0.00000, -0.00235
7682, -18, 500, 0.00000, 0.00017
7683, -18, 500, 0.00000, -0.00091
7684, -18, 500, 0.00000, 0.00161
7685, -18, 500, 0.00000, 0.00017
7686, -18, 500, 0.00000, 0.00089
7687, -18, 500, 0.00000, 0.00017
7688, -18, 500, 0.00000, 0.00017
7689, -18, 500, 0.00000, 0.00017
7690, -18, 500, 0.00000, -0.00199
7691, -18, 500, 0.00000, 0.00017
7692, -18, 500, 0.00000, 0.00233
7693, -18, 500, 0.00000, 0.00017
7694, -18, 500, 0.20000, 0.00017
7695, -18, 500, 0.20000, 0.00304
7696, -18, 500, 0.20000, 0.00053
7697, -18, 500, 0.20000, 0.00304
7698, -18, 500, 0.20000, 0.00556
7699, -18, 500, 0.20000, 0.01491
7700, -18, 500, 0.20000, 0.01886
7701, -18, 500, 0.20000, 0.02281
7702, -18, 500, 0.20000, 0.03432
7703, -18, 500, 0.20000, 0.04079
7704, -18, 500, 0.20000, 0.04977
7705, -18, 500, 0.20000, 0.06164
7706, -18, 500, 0.20000, 0.06811
7707, -18, 500, 0.20000, 0.08033
7708, -18, 500, 0.20000, 0.08716
7709, -18, 500, 0.20000, 0.10441
7710, -18, 500, 0.20000, 0.10836
7711, -18, 500, 0.20000, 0.11843
7712, -18, 500, 0.20000, 0.12777
7713, -18, 500, 0.20000, 0.13065
7714, -18, 500, 0.20000, 0.14323
7715, -18, 500, 0.20000, 0.15114
7716, -18, 500, 0.20000, 0.15437
7717, -18, 500, 0.20000, 0.15977
7718, -18, 500, 0.20000, 0.17019
7719, -18, 500, 0.20000, 0.17450
7720, -18, 500, 0.20000, 0.18421
7721, -18, 500, 0.20000, 0.18385
7722, -18, 500, 0.20000, 0.18780
7723, -18, 500, 0.20000, 0.18852
7724, -18, 500, 0.20000, 0.19715
7725, -18, 500, 0.20000, 0.20146
7726, -18, 500, 0.20000, 0.20182
7727, -18, 500, 0.20000, 0.20182
7728, -18, 500, 0.20000, 0.20542
7729, -18, 500, 0.20000, 0.20578
7730, -18, 500, 0.20000, 0.20650
7731, -18, 500, 0.20000, 0.20901
7732, -18, 500, 0.20000, 0.21656
7733, -18, 500, 0.20000, 0.20506
7734, -18, 500, 0.20000, 0.21117
7735, -18, 500, 0.20000, 0.20865
7736, -18, 500, 0.20000, 0.20650
7737, -18, 500, 0.20000, 0.21081
7738, -18, 500, 0.20000, 0.21117
7739, -18, 500, 0.20000, 0.21009
7740, -18, 500, 0.20000, 0.21225
7741, -18, 500, 0.20000, 0.20937
7742, -18, 500, 0.20000, 0.21081
7743, -18, 500, 0.20000, 0.21081
7744, -18, 500, 0.20000, 0.20578
7745, -18, 500, 0.20000, 0.20793
7746, -18, 500, 0.20000, 0.20865
7747, -18, 500, 0.20000, 0.20829
7748, -18, 500, 0.20000, 0.20685
7749, -18, 500, 0.20000, 0.20614
7750, -18, 500, 0.20000, 0.20685
7751, -18, 500, 0.20000, 0.20614
7752, -18, 500, 0.20000, 0.20326
7753, -18, 500, 0.20000, 0.20470
7754, -18, 500, 0.20000, 0.20146
7755, -18, 500, 0.20000, 0.20721
7756, -18, 500, 0.20000, 0.20074
7757, -18, 500, 0.20000, 0.20326
7758, -18, 500, 0.20000, 0.19679
7759, -18, 500, 0.20000, 0.20146
7760, -18, 500, 0.20000, 0.18708
7761, -18, 500, 0.20000, 0.19751
7762, -18, 500, 0.20000, 0.20002
7763, -18, 500, 0.20000, 0.19931
7764, -18, 500, 0.20000, 0.19787
7765, -18, 500, 0.20000, 0.19787
7766, -18, 500, 0.20000, 0.19823
7767, -18, 500, 0.20000, 0.19499
7768, -18, 500, 0.20000, 0.19859
7769, -18, 500, 0.20000, 0.19931
7770, -18, 500, 0.20000, 0.19715
7771, -18, 500, 0.20000, 0.20254
7772, -18, 500, 0.20000, 0.19715
7773, -18, 500, 0.20000, 0.19859
7774, -18, 500, 0.20000, 0.19823
7775, -18, 500, 0.20000, 0.20146
7776, -18, 500, 0.20000, 0.19823
7777, -18, 500, 0.20000, 0.19967
7778, -18, 500, 0.20000, 0.19895
7779, -18, 500, 0.20000, 0.19823
7780, -18, 500, 0.20000, 0.19895
7781, -18, 500, 0.20000, 0.19859
7782, -18, 500, 0.20000, 0.19499
7783, -18, 500, 0.20000, 0.20721
7784, -18, 500, 0.20000, 0.19715
7785, -18, 500, 0.20000, 0.19607
7786, -18, 500, 0.20000, 0.20038
7787, -18, 500, 0.20000, 0.19787
7788, -18, 500, 0.20000, 0.20110
7789, -18, 500, 0.20000, 0.20002
7790, -18, 500, 0.20000, 0.19931
7791, -18, 500, 0.20000, 0.19679
7792, -18, 500, 0.20000, 0.19715
7793, -18, 500, 0.20000, 0.19787
7794, -18, 500, 0.20000, 0.19823
7795, -18, 500, 0.20000, 0.19859
7796, -18, 500, 0.20000, 0.20182
7797, -18, 500, 0.20000, 0.20110
7798, -18, 500, 0.20000, 0.20506
7799, -18, 500, 0.20000, 0.19643
7800, -18, 500, 0.20000, 0.19823
7801, -18, 500, 0.20000, 0.19823
7802, -18, 500, 0.20000, 0.19931
7803, -18, 500, 0.20000, 0.19895
7804, -18, 500, 0.20000, 0.20002
7805, -18, 500, 0.20000, 0.19967
7806, -18, 500, 0.20000, 0.19895
7807, -18, 500, 0.20000, 0.19571
7808, -18, 500, 0.20000, 0.20038
7809, -18, 500, 0.20000, 0.20398
7810, -18, 500, 0.20000, 0.20146
7811, -18, 500, 0.20000, 0.20002
7812, -18, 500, 0.20000, 0.19535
7813, -18, 500, 0.20000, 0.19967
7814, -18, 500, 0.20000, 0.20542
7815, -18, 500, 0.20000, 0.19787
7816, -18, 500, 0.20000, 0.20614
7817, -18, 500, 0.20000, 0.19823
7818, -18, 500, 0.20000, 0.20254
7819, -18, 500, 0.20000, 0.20182
7820, -18, 500, 0.20000, 0.20038
7821, -18, 500, 0.20000, 0.19931
7822, -18, 500, 0.20000, 0.20038
7823, -18, 500, 0.20000, 0.19967
7824, -18, 500, 0.20000, 0.19931
7825, -18, 500, 0.20000, 0.20002
7826, -18, 500, 0.20000, 0.19931
7827, -18, 500, 0.20000, 0.19787
7828, -18, 500, 0.20000, 0.19895
7829, -18, 500, 0.20000, 0.19859
7830, -18, 500, 0.20000, 0.19931
7831, -18, 500, 0.20000, 0.19535
7832, -18, 500, 0.20000, 0.19859
7833, -18, 500, 0.20000, 0.19967
7834, -18, 500, 0.20000, 0.19787
7835, -18, 500, 0.20000, 0.19535
7836, -18, 500, 0.20000, 0.20110
7837, -18, 500, 0.20000, 0.20182
7838, -18, 500, 0.20000, 0.19751
7839, -18, 500, 0.20000, 0.19823
7840, -18, 500, 0.20000, 0.20182
7841, -18, 500, 0.20000, 0.19931
7842, -18, 500, 0.20000, 0.20074
7843, -18, 500, 0.20000, 0.20254
7844, -18, 500, 0.20000, 0.19895
7845, -18, 500, 0.20000, 0.20002
7846, -18, 500, 0.20000, 0.19967
7847, -18, 500, 0.20000, 0.19859
7848, -18, 500, 0.20000, 0.20110
7849, -18, 500, 0.20000, 0.19068
7850, -18, 500, 0.20000, 0.19751
7851, -18, 500, 0.20000, 0.20110
7852, -18, 500, 0.20000, 0.20146
7853, -18, 500, 0.20000, 0.20254
7854, -18, 500, 0.20000, 0.20218
7855, -18, 500, 0.20000, 0.19967
7856, -18, 500, 0.20000, 0.19787
7857, -18, 500, 0.20000, 0.20110
7858, -18, 500, 0.20000, 0.19967
7859, -18, 500, 0.20000, 0.20038
7860, -18, 500, 0.20000, 0.20074
7861, -18, 500, 0.20000, 0.19859
7862, -18, 500, 0.20000, 0.19931
7863, -18, 500, 0.20000, 0.20506
7864, -18, 500, 0.20000, 0.20110
7865, -18, 500, 0.20000, 0.20002
7866, -18, 500, 0.20000, 0.19931
7867, -18, 500, 0.20000, 0.19679
7868, -18, 500, 0.20000, 0.20146
7869, -18, 500, 0.20000, 0.19967
7870, -18, 500, 0.20000, 0.20578
7871, -18, 500, 0.20000, 0.19823
7872, -18, 500, 0.20000, 0.21153
7873, -18, 500, 0.20000, 0.20182
7874, -18, 500, 0.20000, 0.20218
7875, -18, 500, 0.20000, 0.19931
7876, -18, 500, 0.20000, 0.20110
7877, -18, 500, 0.20000, 0.20218
7878, -18, 500, 0.20000, 0.20182
7879, -18, 500, 0.20000, 0.20146
7880, -18, 500, 0.20000, 0.19751
7881, -18, 500, 0.20000, 0.20470
7882, -18, 500, 0.20000, 0.19571
7883, -18, 500, 0.20000, 0.19859
7884, -18, 500, 0.20000, 0.19859
7885, -18, 500, 0.20000, 0.19679
7886, -18, 500, 0.20000, 0.19895
7887, -18, 500, 0.20000, 0.19212
7888, -18, 500, 0.20000, 0.20398
7889, -18, 500, 0.20000, 0.20038
7890, -18, 500, 0.20000, 0.20398
7891, -18, 500, 0.20000, 0.19823
7892, -18, 500, 0.20000, 0.19607
7893, -18, 500, 0.20000, 0.19931
7894, -18, 500, 0.20000, 0.20074
7895, -18, 500, 0.20000, 0.19967
7896, -18, 500, 0.20000, 0.19859
7897, -18, 500, 0.20000, 0.20002
7898, -18, 500, 0.20000, 0.20074
7899, -18, 500, 0.20000, 0.19967
7900, -18, 500, 0.20000, 0.20110
7901, -18, 500, 0.20000, 0.19571
7902, -18, 500, 0.20000, 0.20110
7903, -18, 500, 0.20000, 0.20290
7904, -18, 500, 0.20000, 0.19967
7905, -18, 500, 0.20000, 0.19463
7906, -18, 500, 0.20000, 0.19895
7907, -18, 500, 0.20000, 0.20326
7908, -18, 500, 0.20000, 0.19068
7909, -18, 500, 0.20000, 0.20038
7910, -18, 500, 0.20000, 0.19032
7911, -18, 500, 0.20000, 0.19931
7912, -18, 500, 0.20000, 0.20038
7913, -18, 500, 0.20000, 0.19679
7914, -18, 500, 0.20000, 0.19931
7915, -18, 500, 0.20000, 0.20038
7916, -18, 500, 0.20000, 0.19931
7917, -18, 500, 0.20000, 0.19895
7918, -18, 500, 0.20000, 0.20038
7919, -18, 500, 0.20000, 0.20434
7920, -18, 500, 0.20000, 0.19859
7921, -18, 500, 0.20000, 0.19931
7922, -18, 500, 0.20000, 0.19931
7923, -18, 500, 0.20000, 0.20038
7924, -18, 500, 0.20000, 0.19967
7925, -18, 500, 0.20000, 0.20685
7926, -18, 500, 0.20000, 0.19895
7927, -18, 500, 0.20000, 0.20002
7928, -18, 500, 0.20000, 0.19859
7929, -18, 500, 0.20000, 0.19823
7930, -18, 500, 0.20000, 0.20470
7931, -18, 500, 0.20000, 0.19715
7932, -18, 500, 0.20000, 0.19679
7933, -18, 500, 0.20000, 0.20110
7934, -18, 500, 0.20000, 0.19787
7935, -18, 500, 0.20000, 0.19859
7936, -18, 500, 0.20000, 0.20362
7937, -18, 500, 0.20000, 0.19895
7938, -18, 500, 0.20000, 0.19967
7939, -18, 500, 0.20000, 0.19859
7940, -18, 500, 0.20000, 0.20398
7941, -18, 500, 0.20000, 0.19967
7942, -18, 500, 0.20000, 0.19931
7943, -18, 500, 0.20000, 0.19787
7944, -18, 500, 0.20000, 0.19967
7945, -18, 500, 0.20000, 0.20398
7946, -18, 500, 0.20000, 0.19895
7947, -18, 500, 0.20000, 0.20038
7948, -18, 500, 0.20000, 0.19931
7949, -18, 500, 0.20000, 0.19895
7950, -18, 500, 0.20000, 0.20110
7951, -18, 500, 0.20000, 0.19895
7952, -18, 500, 0.20000, 0.19391
7953, -18, 500, 0.20000, 0.19463
7954, -18, 500, 0.20000, 0.20182
7955, -18, 500, 0.20000, 0.19967
7956, -18, 500, 0.20000, 0.20002
7957, -18, 500, 0.20000, 0.19967
7958, -18, 500, 0.20000, 0.19895
7959, -18, 500, 0.20000, 0.19859
7960, -18, 500, 0.20000, 0.20362
7961, -18, 500, 0.20000, 0.20362
7962, -18, 500, 0.20000, 0.20254
7963, -18, 500, 0.20000, 0.20434
7964, -18, 500, 0.20000, 0.20218
7965, -18, 500, 0.20000, 0.20290
7966, -18, 500, 0.20000, 0.19931
7967, -18, 500, 0.20000, 0.19967
7968, -18, 500, 0.20000, 0.19607
7969, -18, 500, 0.20000, 0.20326
7970, -18, 500, 0.20000, 0.19859
7971, -18, 500, 0.20000, 0.20002
7972, -18, 500, 0.20000, 0.19823
7973, -18, 500, 0.20000, 0.19499
7974, -18, 500, 0.20000, 0.19643
7975, -18, 500, 0.20000, 0.19823
7976, -18, 500, 0.20000, 0.19823
7977, -18, 500, 0.20000, 0.20002
7978, -18, 500, 0.20000, 0.19643
7979, -18, 500, 0.20000, 0.20002
7980, -18, 500, 0.20000, 0.19895
7981, -18, 500, 0.20000, 0.19823
7982, -18, 500, 0.20000, 0.19895
7983, -18, 500, 0.20000, 0.20146
7984, -18, 500, 0.20000, 0.19967
7985, -18, 500, 0.20000, 0.20326
7986, -18, 500, 0.20000, 0.19104
7987, -18, 500, 0.20000, 0.19787
7988, -18, 500, 0.20000, 0.20002
7989, -18, 500, 0.20000, 0.20254
7990, -18, 500, 0.20000, 0.19787
7991, -18, 500, 0.20000, 0.20218
7992, -18, 500, 0.20000, 0.19967
7993, -18, 500, 0.20000, 0.20110
7994, -18, 500, 0.20000, 0.20074
7995, -18, 500, 0.20000, 0.19895
7996, -18, 500, 0.20000, 0.19787
7997, -18, 500, 0.20000, 0.19823
7998, -18, 500, 0.20000, 0.20218
7999, -18, 500, 0.20000, 0.19284
8000, -18, 500, 0.20000, 0.20146
8001, -18, 500, 0.20000, 0.19787
8002, -18, 500, 0.20000, 0.19823
8003, -18, 500, 0.20000, 0.20434
8004, -18, 500, 0.20000, 0.19931
8005, -18, 500, 0.20000, 0.19499
8006, -18, 500, 0.20000, 0.19967
8007, -18, 500, 0.20000, 0.20074
8008, -18, 500, 0.20000, 0.19895
8009, -18, 500, 0.20000, 0.20182
8010, -18, 500, 0.20000, 0.19895
8011, -18, 500, 0.20000, 0.19931
8012, -18, 500, 0.20000, 0.20074
8013, -18, 500, 0.20000, 0.19859
8014, -18, 500, 0.20000, 0.19967
8015, -18, 500, 0.20000, 0.19967
8016, -18, 500, 0.20000, 0.20002
8017, -18, 500, 0.20000, 0.19931
8018, -18, 500, 0.20000, 0.20074
8019, -18, 500, 0.20000, 0.20398
8020, -18, 500, 0.20000, 0.20002
8021, -18, 500, 0.20000, 0.20650
8022, -18, 500, 0.20000, 0.20038
8023, -18, 500, 0.20000, 0.19571
8024, -18, 500, 0.20000, 0.19931
8025, -18, 500, 0.20000, 0.19715
8026, -18, 500, 0.20000, 0.19823
8027, -18, 500, 0.20000, 0.20146
8028, -18, 500, 0.20000, 0.19931
8029, -18, 500, 0.20000, 0.19967
8030, -18, 500, 0.20000, 0.19787
8031, -18, 500, 0.20000, 0.19823
8032, -18, 500, 0.20000, 0.19895
8033, -18, 500, 0.20000, 0.20074
8034, -18, 500, 0.20000, 0.19931
8035, -18, 500, 0.20000, 0.19715
8036, -18, 500, 0.20000, 0.19715
8037, -18, 500, 0.20000, 0.19391
8038, -18, 500, 0.20000, 0.20110
8039, -18, 500, 0.20000, 0.20434
8040, -18, 500, 0.20000, 0.20110
8041, -18, 500, 0.20000, 0.20182
8042, -18, 500, 0.20000, 0.19715
8043, -18, 500, 0.20000, 0.19931
8044, -18, 500, 0.20000, 0.19967
8045, -18, 500, 0.20000, 0.20038
8046, -18, 500, 0.20000, 0.20002
8047, -18, 500, 0.20000, 0.18421
8048, -18, 500, 0.20000, 0.19931
8049, -18, 500, 0.20000, 0.20685
8050, -18, 500, 0.20000, 0.19643
8051, -18, 500, 0.20000, 0.19931
8052, -18, 500, 0.20000, 0.19967
8053, -18, 500, 0.20000, 0.20110
8054, -18, 500, 0.20000, 0.20434
8055, -18, 500, 0.20000, 0.20182
8056, -18, 500, 0.20000, 0.20829
8057, -18, 500, 0.20000, 0.20218
8058, -18, 500, 0.20000, 0.19535
8059, -18, 500, 0.20000, 0.19967
8060, -18, 500, 0.20000, 0.19787
8061, -18, 500, 0.20000, 0.19967
8062, -18, 500, 0.20000, 0.20146
8063, -18, 500, 0.20000, 0.19751
8064, -18, 500, 0.20000, 0.19715
8065, -18, 500, 0.20000, 0.19895
8066, -18, 500, 0.20000, 0.19931
8067, -18, 500, 0.20000, 0.19967
8068, -18, 500, 0.20000, 0.19607
8069, -18, 500, 0.20000, 0.19032
8070, -18, 500, 0.20000, 0.19931
8071, -18, 500, 0.20000, 0.19499
8072, -18, 500, 0.20000, 0.19751
8073, -18, 500, 0.20000, 0.19895
8074, -18, 500, 0.20000, 0.19895
8075, -18, 500, 0.20000, 0.20038
8076, -18, 500, 0.20000, 0.20002
8077, -18, 500, 0.20000, 0.19895
8078, -18, 500, 0.20000, 0.19859
8079, -18, 500, 0.20000, 0.20038
8080, -18, 500, 0.20000, 0.18816
8081, -18, 500, 0.20000, 0.20074
8082, -18, 500, 0.20000, 0.19715
8083, -18, 500, 0.20000, 0.19931
8084, -18, 500, 0.20000, 0.20002
8085, -18, 500, 0.20000, 0.19931
8086, -18, 500, 0.20000, 0.20038
8087, -18, 500, 0.20000, 0.20218
8088, -18, 500, 0.20000, 0.19751
8089, -18, 500, 0.20000, 0.20074
8090, -18, 500, 0.20000, 0.19535
8091, -18, 500, 0.20000, 0.20434
8092, -18, 500, 0.20000, 0.19931
8093, -18, 500, 0.20000, 0.19859
8094, -18, 500, 0.20000, 0.19643
8095, -18, 500, 0.20000, 0.19967
8096, -18, 500, 0.20000, 0.19967
8097, -18, 500, 0.20000, 0.19967
8098, -18, 500, 0.20000, 0.19895
8099, -18, 500, 0.20000, 0.19895
8100, -18, 500, 0.20000, 0.19715
8101, -18, 500, 0.20000, 0.20614
8102, -18, 500, 0.20000, 0.19967
8103, -18, 500, 0.00000, 0.19967
8104, -18, 500, 0.00000, 0.19967
8105, -18, 500, 0.00000, 0.19751
8106, -18, 500, 0.00000, 0.19967
8107, -18, 500, 0.00000, 0.19176
8108, -18, 500, 0.00000, 0.18457
8109, -18, 500, 0.00000, 0.17954
8110, -18, 500, 0.00000, 0.16839
8111, -18, 500, 0.00000, 0.16552
8112, -18, 500, 0.00000, 0.15473
8113, -18, 500, 0.00000, 0.14503
8114, -18, 500, 0.00000, 0.13748
8115, -18, 500, 0.00000, 0.12598
8116, -18, 500, 0.00000, 0.11627
8117, -18, 500, 0.00000, 0.10765
8118, -18, 500, 0.00000, 0.10082
8119, -18, 500, 0.00000, 0.09758
8120, -18, 500, 0.00000, 0.08284
8121, -18, 500, 0.00000, 0.06990
8122, -18, 500, 0.00000, 0.06235
8123, -18, 500, 0.00000, 0.05588
8124, -18, 500, 0.00000, 0.04977
8125, -18, 500, 0.00000, 0.04079
8126, -18, 500, 0.00000, 0.03611
8127, -18, 500, 0.00000, 0.02964
8128, -18, 500, 0.00000, 0.02317
8129, -18, 500, 0.00000, 0.01527
8130, -18, 500, 0.00000, 0.01383
8131, -18, 500, 0.00000, 0.00916
8132, -18, 500, 0.00000, 0.01203
8133, -18, 500, 0.00000, 0.00520
8134, -18, 500, 0.00000, -0.00019
8135, -18, 500, 0.00000, -0.00199
8136, -18, 500, 0.00000, -0.00127
8137, -18, 500, 0.00000, -0.00522
8138, -18, 500, 0.00000, -0.01061
8139, -18, 500, 0.00000, -0.00882
8140, -18, 500, 0.00000, -0.01097
8141, -18, 500, 0.00000, -0.01313
8142, -18, 500, 0.00000, -0.01169
8143, -18, 500, 0.00000, -0.01205
8144, -18, 500, 0.00000, -0.01097
8145, -18, 500, 0.00000, -0.00882
8146, -18, 500, 0.00000, -0.00990
8147, -18, 500, 0.00000, -0.02176
8148, -18, 500, 0.00000, -0.01169
8149, -18, 500, 0.00000, -0.01133
8150, -18, 500, 0.00000, -0.01205
8151, -18, 500, 0.00000, -0.00810
8152, -18, 500, 0.00000, -0.00954
8153, -18, 500, 0.00000, -0.01349
8154, -18, 500, 0.00000, -0.00630
8155, -18, 500, 0.00000, -0.00450
8156, -18, 500, 0.00000, -0.00522
8157, -18, 500, 0.00000, -0.00666
8158, -18, 500, 0.00000, -0.00630
8159, -18, 500, 0.00000, -0.00522
8160, -18, 500, 0.00000, -0.00522
8161, -18, 500, 0.00000, -0.00199
8162, -18, 500, 0.00000, -0.00379
8163, -18, 500, 0.00000, -0.00271
8164, -18, 500, 0.00000, -0.00055
8165, -18, 500, 0.00000, -0.00379
8166, -18, 500, 0.00000, -0.00163
8167, -18, 500, 0.00000, 0.00053
8168, -18, 500, 0.00000, -0.00019
8169, -18, 500, 0.00000, -0.00163
8170, -18, 500, 0.00000, -0.00450
8171, -18, 500, 0.00000, 0.00197
8172, -18, 500, 0.00000, 0.00340
8173, -18, 500, 0.00000, -0.00019
8174, -18, 500, 0.00000, -0.00450
8175, -18, 500, 0.00000, -0.00091
8176, -18, 500, 0.00000, -0.00091
8177, -18, 500, 0.00000, -0.00307
8178, -18, 500, 0.00000, 0.00161
8179, -18, 500, 0.00000, 0.00376
8180, -18, 500, 0.00000, -0.00522
8181, -18, 500, 0.00000, -0.00019
8182, -18, 500, 0.00000, -0.00019
8183, -18, 500, 0.00000, 0.00592
8184, -18, 500, 0.00000, -0.00055
8185, -18, 500, 0.00000, 0.00089
8186, -18, 500, 0.00000, -0.00414
8187, -18, 500, 0.00000, -0.01313
8188, -18, 500, 0.00000, 0.00089
8189, -18, 500, 0.00000, 0.00089
8190, -18, 500, 0.00000, -0.00163
8191, -18, 500, 0.00000, -0.00019
8192, -18, 500, 0.00000, 0.00125
8193, -18, 500, 0.00000, -0.00091
8194, -18, 500, 0.00000, 0.00520
8195, -18, 500, 0.00000, -0.00163
8196, -18, 500, 0.00000, 0.00520
8197, -18, 500, 0.00000, -0.00163
8198, -18, 500, 0.00000, -0.00127
8199, -18, 500, 0.00000, -0.00558
8200, -18, 500, 0.00000, -0.00199
8201, -18, 500, 0.00000, 0.00233
8202, -18, 500, 0.00000, 0.00125
8203, -18, 500, 0.00000, 0.00089
8204, -18, 500, 0.00000, -0.00199
8205, -18, 500, 0.00000, 0.00161
8206, -18, 500, 0.00000, -0.00307
8207, -18, 500, 0.00000, 0.00053
8208, -18, 500, 0.00000, 0.00053
8209, -18, 500, 0.00000, 0.00089
8210, -18, 500, 0.00000, 0.00269
8211, -18, 500, 0.00000, 0.00161
8212, -18, 500, 0.00000, -0.00127
8213, -18, 500, 0.00000, 0.00304
8214, -18, 500, 0.00000, 0.00233
8215, -18, 500, 0.00000, 0.00484
8216, -18, 500, 0.00000, 0.00017
8217, -18, 500, 0.00000, 0.00017
8218, -18, 500, 0.00000, 0.00017
8219, -18, 500, 0.00000, -0.00522
8220, -18, 500, 0.00000, -0.00450
8221, -18, 500, 0.00000, -0.00091
8222, -18, 500, 0.00000, 0.00125
8223, -18, 500, 0.00000, 0.00233
8224, -18, 500, 0.00000, -0.00307
8225, -18, 500, 0.00000, -0.00091
8226, -18, 500, 0.00000, -0.00163
8227, -18, 500, 0.00000, 0.00376
8228, -18, 500, 0.00000, 0.00844
8229, -18, 500, 0.00000, -0.01637
8230, -18, 500, 0.00000, -0.00594
8231, -18, 500, 0.00000, 0.00089
8232, -18, 500, 0.00000, 0.00484
8233, -18, 500, 0.00000, 0.00197
8234, -18, 500, 0.00000, 0.00880
8235, -18, 500, 0.00000, 0.00053
8236, -18, 500, 0.00000, 0.00161
8237, -18, 500, 0.00000, 0.00053
8238, -18, 500, 0.00000, -0.00163
8239, -18, 500, 0.00000, 0.00125
8240, -18, 500, 0.00000, 0.00125
8241, -18, 500, 0.00000, -0.00019
8242, -18, 500, 0.00000, -0.00199
8243, -18, 500, 0.00000, 0.00736
8244, -18, 500, 0.00000, 0.00161
8245, -18, 500, 0.00000, 0.00089
8246, -18, 500, 0.00000, -0.00055
8247, -18, 500, 0.00000, 0.00161
8248, -18, 500, 0.00000, 0.00340
8249, -18, 500, 0.00000, 0.00592
8250, -18, 500, 0.00000, 0.00089
8251, -18, 500, 0.00000, 0.00053
8252, -18, 500, 0.00000, -0.00271
8253, -18, 500, 0.00000, 0.00089
8254, -18, 500, 0.00000, 0.00089
8255, -18, 500, 0.00000, 0.00161
8256, -18, 500, 0.00000, 0.00053
8257, -18, 500, 0.00000, -0.00235
8258, -18, 500, 0.00000, -0.00199
8259, -18, 500, 0.00000, -0.00127
8260, -18, 500, 0.00000, -0.00882
8261, -18, 500, 0.00000, -0.00019
8262, -18, 500, 0.00000, 0.00017
8263, -18, 500, 0.00000, 0.00017
8264, -18, 500, 0.00000, -0.00199
8265, -18, 500, 0.00000, -0.00666
8266, -18, 500, 0.00000, -0.00127
8267, -18, 500, 0.00000, 0.00017
8268, -18, 500, 0.00000, -0.00091
8269, -18, 500, 0.00000, 0.00161
8270, -18, 500, 0.00000, 0.00053
8271, -18, 500, 0.00000, -0.00199
8272, -18, 500, 0.00000, -0.00055
8273, -18, 500, 0.00000, 0.00017
8274, -18, 500, 0.00000, -0.00055
8275, -18, 500, 0.00000, -0.00019
8276, -18, 500, 0.00000, 0.00448
8277, -18, 500, 0.00000, 0.00053
8278, -18, 500, 0.00000, -0.00091
8279, -18, 500, 0.00000, -0.00091
8280, -18, 500, 0.00000, 0.00017
8281, -18, 500, 0.00000, -0.00163
8282, -18, 500, 0.00000, -0.00127
8283, -18, 500, 0.00000, 0.00161
8284, -18, 500, 0.00000, 0.00233
8285, -18, 500, 0.00000, -0.00055
8286, -18, 500, 0.00000, -0.00307
8287, -18, 500, 0.00000, -0.00271
8288, -18, 500, 0.00000, -0.00055
8289, -18, 500, 0.00000, 0.00161
8290, -18, 500, 0.00000, -0.00343
8291, -18, 500, 0.00000, 0.00053
8292, -18, 500, 0.00000, -0.00055
8293, -18, 500, 0.00000, -0.00379
8294, -18, 500, 0.00000, -0.00990
8295, -18, 500, 0.00000, 0.00269
8296, -18, 500, 0.00000, 0.00053
8297, -18, 500, 0.00000, -0.00055
8298, -18, 500, 0.00000, -0.00235
8299, -18, 500, 0.00000, -0.00019
8300, -18, 500, 0.00000, -0.00091
8301, -18, 500, 0.00000, 0.00269
8302, -18, 500, 0.00000, -0.00127
8303, -18, 500, 0.00000, -0.00127
8304, -18, 500, 0.00000, -0.00235
8305, -18, 500, 0.00000, 0.00053
8306, -18, 500, 0.00000, -0.00163
8307, -18, 500, 0.00000, 0.00017
8308, -18, 500, 0.00000, -0.00271
8309, -18, 500, 0.00000, -0.00091
8310, -18, 500, 0.00000, 0.00161
8311, -18, 500, 0.00000, 0.00017
8312, -18, 500, 0.00000, -0.00307
8313, -18, 500, 0.00000, 0.00197
8314, -18, 500, 0.00000, 0.00017
8315, -18, 500, 0.00000, 0.00017
8316, -18, 500, 0.00000, -0.00163
8317, -18, 500, 0.00000, -0.00019
8318, -18, 500, 0.00000, -0.00199
8319, -18, 500, 0.00000, 0.00017
8320, -18, 500, 0.00000, -0.00271
8321, -18, 500, 0.00000, -0.00486
8322, -18, 500, 0.00000, 0.00412
8323, -18, 500, 0.00000, -0.00127
8324, -18, 500, 0.00000, 0.00304
8325, -18, 500, 0.00000, 0.00197
8326, -18, 500, 0.00000, -0.00271
8327, -18, 500, 0.00000, 0.00125
8328, -18, 500, 0.00000, -0.00163
8329, -18, 500, 0.00000, -0.00235
8330, -18, 500, 0.00000, 0.00017
8331, -18, 500, 0.00000, 0.00017
8332, -18, 500, 0.00000, -0.00379
8333, -18, 500, 0.00000, -0.00055
8334, -18, 500, 0.00000, 0.00197
8335, -18, 500, 0.00000, 0.00161
8336, -18, 500, 0.00000, 0.00089
8337, -18, 500, 0.00000, -0.00055
8338, -18, 500, 0.00000, 0.00017
8339, -18, 500, 0.00000, -0.00127
8340, -18, 500, 0.00000, -0.00019
8341, -18, 500, 0.00000, 0.00772
8342, -18, 500, 0.00000, -0.00055
8343, -18, 500, 0.00000, 0.00233
8344, -18, 500, 0.00000, 0.00161
8345, -18, 500, 0.00000, -0.00163
8346, -18, 500, 0.00000, -0.00091
8347, -18, 500, 0.00000, -0.00127
8348, -18, 500, 0.00000, 0.00017
8349, -18, 500, 0.00000, 0.00053
8350, -18, 500, 0.00000, 0.00233
8351, -18, 500, 0.00000, 0.00089
8352, -18, 500, 0.00000, -0.00199
8353, -18, 500, 0.00000, -0.00271
8354, -18, 500, 0.00000, -0.00127
8355, -18, 500, 0.00000, 0.00304
8356, -18, 500, 0.00000, -0.00055
8357, -18, 500, 0.00000, 0.00017
8358, -18, 500, 0.00000, -0.00199
8359, -18, 500, 0.00000, -0.00055
8360, -18, 500, 0.00000, 0.00520
8361, -18, 500, 0.00000, 0.00233
8362, -18, 500, 0.00000, -0.00019
8363, -18, 500, 0.00000, -0.00019
8364, -18, 500, 0.00000, -0.00091
8365, -18, 500, 0.00000, -0.00055
8366, -18, 500, 0.00000, 0.00053
8367, -18, 500, 0.00000, 0.00053
8368, -18, 500, 0.00000, 0.00053
8369, -18, 500, 0.00000, -0.00091
8370, -18, 500, 0.00000, 0.00448
8371, -18, 500, 0.00000, 0.00304
8372, -18, 500, 0.00000, -0.00019
8373, -18, 500, 0.00000, 0.00017
8374, -18, 500, 0.00000, -0.00163
8375, -18, 500, 0.00000, 0.00233
8376, -18, 500, 0.00000, 0.00125
8377, -18, 500, 0.00000, 0.00664
8378, -18, 500, 0.00000, 0.00053
8379, -18, 500, 0.00000, -0.00091
8380, -18, 500, 0.00000, -0.00055
8381, -18, 500, 0.00000, -0.00199
8382, -18, 500, 0.00000, 0.00448
8383, -18, 500, 0.00000, -0.00055
8384, -18, 500, 0.00000, 0.00269
8385, -18, 500, 0.00000, -0.00127
8386, -18, 500, 0.00000, 0.00089
8387, -18, 500, 0.00000, -0.00414
8388, -18, 500, 0.00000, 0.00053
8389, -18, 500, 0.00000, -0.00127
8390, -18, 500, 0.00000, 0.00304
8391, -18, 500, 0.00000, -0.00019
8392, -18, 500, 0.00000, 0.00017
8393, -18, 500, 0.00000, -0.00055
8394, -18, 500, 0.00000, -0.00019
8395, -18, 500, 0.00000, -0.00091
8396, -18, 500, 0.00000, -0.00091
8397, -18, 500, 0.00000, -0.00055
8398, -18, 500, 0.00000, 0.00053
8399, -18, 500, 0.00000, 0.00017
8400, -18, 500, 0.00000, 0.00017
8401, -18, 500, 0.00000, -0.00379
8402, -18, 500, 0.00000, -0.00019
8403, -18, 500, 0.00000, -0.00055
8404, -18, 500, 0.00000, -0.00091
8405, -18, 500, 0.00000, 0.00089
8406, -18, 500, 0.00000, 0.00125
8407, -18, 500, 0.00000, 0.00197
8408, -18, 500, 0.00000, -0.00594
8409, -18, 500, 0.00000, 0.00089
8410, -18, 500, 0.00000, -0.00630
8411, -18, 500, 0.00000, -0.00666
8412, -18, 500, 0.00000, -0.00055
8413, -18, 500, 0.00000, -0.00235
8414, -18, 500, 0.00000, -0.00055
8415, -18, 500, 0.00000, 0.00017
8416, -18, 500, 0.00000, 0.00089
8417, -18, 500, 0.00000, 0.00340
8418, -18, 500, 0.00000, -0.00019
8419, -18, 500, 0.00000, 0.00197
8420, -18, 500, 0.00000, -0.00522
8421, -18, 500, 0.00000, 0.00125
8422, -18, 500, 0.00000, 0.00448
8423, -18, 500, 0.00000, -0.01673
8424, -18, 500, 0.00000, 0.00197
8425, -18, 500, 0.00000, -0.00235
8426, -18, 500, 0.00000, 0.00628
8427, -18, 500, 0.00000, 0.00664
8428, -18, 500, 0.00000, -0.00055
8429, -18, 500, 0.00000, 0.00161
8430, -18, 500, 0.00000, 0.00017
8431, -18, 500, 0.00000, -0.00199
8432, -18, 500, 0.00000, 0.00161
8433, -18, 500, 0.00000, -0.00127
8434, -18, 500, 0.00000, -0.00091
8435, -18, 500, 0.00000, -0.00019
8436, -18, 500, 0.00000, 0.00053
8437, -18, 500, 0.00000, 0.00089
8438, -18, 500, 0.00000, -0.00127
8439, -18, 500, 0.00000, -0.00127
8440, -18, 500, 0.00000, 0.00197
8441, -18, 500, 0.00000, -0.00127
8442, -18, 500, 0.00000, 0.00089
8443, -18, 500, 0.00000, 0.00089
8444, -18, 500, 0.00000, 0.00987
8445, -18, 500, 0.00000, 0.00520
8446, -18, 500, 0.00000, -0.00199
8447, -18, 500, 0.00000, -0.00199
8448, -18, 500, 0.00000, -0.00379
8449, -18, 500, 0.00000, 0.00304
8450, -18, 500, 0.00000, -0.00235
8451, -18, 500, 0.00000, -0.00307
8452, -18, 500, 0.00000, -0.00127
8453, -18, 500, 0.00000, 0.00197
8454, -18, 500, 0.00000, 0.00125
8455, -18, 500, 0.00000, 0.00556
8456, -18, 500, 0.00000, -0.00163
8457, -18, 500, 0.00000, 0.00880
8458, -18, 500, 0.00000, -0.00055
8459, -18, 500, 0.00000, 0.00053
8460, -18, 500, 0.00000, -0.00163
8461, -18, 500, 0.00000, 0.00197
8462, -18, 500, 0.00000, 0.00161
8463, -18, 500, 0.00000, -0.00019
8464, -18, 500, 0.00000, 0.00161
8465, -18, 500, 0.00000, 0.00161
8466, -18, 500, 0.00000, 0.00017
8467, -18, 500, 0.00000, -0.00127
8468, -18, 500, 0.00000, 0.00376
8469, -18, 500, 0.00000, -0.00163
8470, -18, 500, 0.00000, 0.00233
8471, -18, 500, 0.00000, -0.00091
8472, -18, 500, 0.00000, -0.00271
8473, -18, 500, 0.00000, 0.00053
8474, -18, 500, 0.00000, -0.00379
8475, -18, 500, 0.00000, 0.00089
8476, -18, 500, 0.00000, 0.00125
8477, -18, 500, 0.00000, 0.00089
8478, -18, 500, 0.00000, -0.00343
8479, -18, 500, 0.00000, 0.00340
8480, -18, 500, 0.00000, 0.00053
8481, -18, 500, 0.00000, 0.00053
8482, -18, 500, 0.00000, -0.00055
8483, -18, 500, 0.00000, 0.00125
8484, -18, 500, 0.00000, -0.00163
8485, -18, 500, 0.00000, 0.00197
8486, -18, 500, 0.00000, 0.00053
8487, -18, 500, 0.00000, 0.00017
8488, -18, 500, 0.00000, 0.00161
8489, -18, 500, 0.00000, -0.00055
8490, -18, 500, 0.00000, -0.00307
8491, -18, 500, 0.00000, -0.00019
8492, -18, 500, 0.00000, -0.00163
8493, -18, 500, 0.00000, -0.00271
8494, -18, 500, 0.00000, -0.00019
8495, -18, 500, 0.00000, -0.00163
8496, -18, 500, 0.00000, -0.00163
8497, -18, 500, 0.00000, -0.00091
8498, -18, 500, 0.00000, 0.00304
8499, -18, 500, 0.00000, -0.00091
8500, -18, 500, 0.00000, 0.00017
8501, -18, 500, 0.00000, 0.00556
8502, -18, 500, 0.00000, 0.00089
8503, -18, 500, 0.00000, -0.00199
8504, -18, 500, 0.00000, -0.00199
8505, -18, 500, 0.00000, 0.00089
8506, -18, 500, 0.00000, -0.00127
8507, -18, 500, 0.00000, 0.00089
8508, -18, 500, 0.00000, 0.00125
8509, -18, 500, 0.20000, 0.00089
8510, -18, 500, 0.20000, -0.00738
8511, -18, 500, 0.20000, -0.01457
8512, -18, 500, 0.20000, 0.00233
8513, -18, 500, 0.20000, 0.00772
8514, -18, 500, 0.20000, 0.01239
8515, -18, 500, 0.20000, 0.01814
8516, -18, 500, 0.20000, 0.02641
8517, -18, 500, 0.20000, 0.03468
8518, -18, 500, 0.20000, 0.04258
8519, -18, 500, 0.20000, 0.05193
8520, -18, 500, 0.20000, 0.06379
8521, -18, 500, 0.20000, 0.07206
8522, -18, 500, 0.20000, 0.08392
8523, -18, 500, 0.20000, 0.08859
8524, -18, 500, 0.20000, 0.10369
8525, -18, 500, 0.20000, 0.10836
8526, -18, 500, 0.20000, 0.11699
8527, -18, 500, 0.20000, 0.13137
8528, -18, 500, 0.20000, 0.13532
8529, -18, 500, 0.20000, 0.14719
8530, -18, 500, 0.20000, 0.14970
8531, -18, 500, 0.20000, 0.15078
8532, -18, 500, 0.20000, 0.16264
8533, -18, 500, 0.20000, 0.16408
8534, -18, 500, 0.20000, 0.17774
8535, -18, 500, 0.20000, 0.17594
8536, -18, 500, 0.20000, 0.18565
8537, -18, 500, 0.20000, 0.18780
8538, -18, 500, 0.20000, 0.19032
8539, -18, 500, 0.20000, 0.19535
8540, -18, 500, 0.20000, 0.19787
8541, -18, 500, 0.20000, 0.19823
8542, -18, 500, 0.20000, 0.20398
8543, -18, 500, 0.20000, 0.20182
8544, -18, 500, 0.20000, 0.21225
8545, -18, 500, 0.20000, 0.20757
8546, -18, 500, 0.20000, 0.20614
8547, -18, 500, 0.20000, 0.20973
8548, -18, 500, 0.20000, 0.20973
8549, -18, 500, 0.20000, 0.20865
8550, -18, 500, 0.20000, 0.21009
8551, -18, 500, 0.20000, 0.20937
8552, -18, 500, 0.20000, 0.20865
8553, -18, 500, 0.20000, 0.21009
8554, -18, 500, 0.20000, 0.20865
8555, -18, 500, 0.20000, 0.20865
8556, -18, 500, 0.20000, 0.21225
8557, -18, 500, 0.20000, 0.20901
8558, -18, 500, 0.20000, 0.21440
8559, -18, 500, 0.20000, 0.20721
8560, -18, 500, 0.20000, 0.21225
8561, -18, 500, 0.20000, 0.20937
8562, -18, 500, 0.20000, 0.20362
8563, -18, 500, 0.20000, 0.20685
8564, -18, 500, 0.20000, 0.20721
8565, -18, 500, 0.20000, 0.20650
8566, -18, 500, 0.20000, 0.20434
8567, -18, 500, 0.20000, 0.20254
8568, -18, 500, 0.20000, 0.20578
8569, -18, 500, 0.20000, 0.20290
8570, -18, 500, 0.20000, 0.20757
8571, -18, 500, 0.20000, 0.20218
8572, -18, 500, 0.20000, 0.19895
8573, -18, 500, 0.20000, 0.20110
8574, -18, 500, 0.20000, 0.19859
8575, -18, 500, 0.20000, 0.20002
8576, -18, 500, 0.20000, 0.19859
8577, -18, 500, 0.20000, 0.19679
8578, -18, 500, 0.20000, 0.19643
8579, -18, 500, 0.20000, 0.20398
8580, -18, 500, 0.20000, 0.19859
8581, -18, 500, 0.20000, 0.19715
8582, -18, 500, 0.20000, 0.19895
8583, -18, 500, 0.20000, 0.19967
8584, -18, 500, 0.20000, 0.19499
8585, -18, 500, 0.20000, 0.19535
8586, -18, 500, 0.20000, 0.20038
8587, -18, 500, 0.20000, 0.19895
8588, -18, 500, 0.20000, 0.19823
8589, -18, 500, 0.20000, 0.20290
8590, -18, 500, 0.20000, 0.20182
8591, -18, 500, 0.20000, 0.20542
8592, -18, 500, 0.20000, 0.19967
8593, -18, 500, 0.20000, 0.19967
8594, -18, 500, 0.20000, 0.19931
8595, -18, 500, 0.20000, 0.19787
8596, -18, 500, 0.20000, 0.19751
8597, -18, 500, 0.20000, 0.19787
8598, -18, 500, 0.20000, 0.19823
8599, -18, 500, 0.20000, 0.20578
8600, -18, 500, 0.20000, 0.19823
8601, -18, 500, 0.20000, 0.19499
8602, -18, 500, 0.20000, 0.19679
8603, -18, 500, 0.20000, 0.19787
8604, -18, 500, 0.20000, 0.19967
8605, -18, 500, 0.20000, 0.19895
8606, -18, 500, 0.20000, 0.19895
8607, -18, 500, 0.20000, 0.19823
8608, -18, 500, 0.20000, 0.19787
8609, -18, 500, 0.20000, 0.19967
8610, -18, 500, 0.20000, 0.19355
8611, -18, 500, 0.20000, 0.20002
8612, -18, 500, 0.20000, 0.19931
8613, -18, 500, 0.20000, 0.19895
8614, -18, 500, 0.20000, 0.19715
8615, -18, 500, 0.20000, 0.19715
8616, -18, 500, 0.20000, 0.20110
8617, -18, 500, 0.20000, 0.19823
8618, -18, 500, 0.20000, 0.19859
8619, -18, 500, 0.20000, 0.20182
8620, -18, 500, 0.20000, 0.19967
8621, -18, 500, 0.20000, 0.20038
8622, -18, 500, 0.20000, 0.19751
8623, -18, 500, 0.20000, 0.19787
8624, -18, 500, 0.20000, 0.20434
8625, -18, 500, 0.20000, 0.19607
8626, -18, 500, 0.20000, 0.20038
8627, -18, 500, 0.20000, 0.20038
8628, -18, 500, 0.20000, 0.20470
8629, -18, 500, 0.20000, 0.19967
8630, -18, 500, 0.20000, 0.19931
8631, -18, 500, 0.20000, 0.19895
8632, -18, 500, 0.20000, 0.19823
8633, -18, 500, 0.20000, 0.20290
8634, -18, 500, 0.20000, 0.20218
8635, -18, 500, 0.20000, 0.19895
8636, -18, 500, 0.20000, 0.19967
8637, -18, 500, 0.20000, 0.19751
8638, -18, 500, 0.20000, 0.20685
8639, -18, 500, 0.20000, 0.19751
8640, -18, 500, 0.20000, 0.19535
8641, -18, 500, 0.20000, 0.20182
8642, -18, 500, 0.20000, 0.20038
8643, -18, 500, 0.20000, 0.19895
8644, -18, 500, 0.20000, 0.20218
8645, -18, 500, 0.20000, 0.19895
8646, -18, 500, 0.20000, 0.19787
8647, -18, 500, 0.20000, 0.20074
8648, -18, 500, 0.20000, 0.19895
8649, -18, 500, 0.20000, 0.19931
8650, -18, 500, 0.20000, 0.19643
8651, -18, 500, 0.20000, 0.19859
8652, -18, 500, 0.20000, 0.19967
8653, -18, 500, 0.20000, 0.19931
8654, -18, 500, 0.20000, 0.19967
8655, -18, 500, 0.20000, 0.20290
8656, -18, 500, 0.20000, 0.20002
8657, -18, 500, 0.20000, 0.19715
8658, -18, 500, 0.20000, 0.19967
8659, -18, 500, 0.20000, 0.19679
8660, -18, 500, 0.20000, 0.19751
8661, -18, 500, 0.20000, 0.20074
8662, -18, 500, 0.20000, 0.19751
8663, -18, 500, 0.20000, 0.19931
8664, -18, 500, 0.20000, 0.19859
8665, -18, 500, 0.20000, 0.20002
8666, -18, 500, 0.20000, 0.20218
8667, -18, 500, 0.20000, 0.19499
8668, -18, 500, 0.20000, 0.19823
8669, -18, 500, 0.20000, 0.19931
8670, -18, 500, 0.20000, 0.20002
8671, -18, 500, 0.20000, 0.19823
8672, -18, 500, 0.20000, 0.18637
8673, -18, 500, 0.20000, 0.20038
8674, -18, 500, 0.20000, 0.20110
8675, -18, 500, 0.20000, 0.19931
8676, -18, 500, 0.20000, 0.19643
8677, -18, 500, 0.20000, 0.20038
8678, -18, 500, 0.20000, 0.20218
8679, -18, 500, 0.20000, 0.20542
8680, -18, 500, 0.20000, 0.20074
8681, -18, 500, 0.20000, 0.19787
8682, -18, 500, 0.20000, 0.19931
8683, -18, 500, 0.20000, 0.19463
8684, -18, 500, 0.20000, 0.19320
8685, -18, 500, 0.20000, 0.19967
8686, -18, 500, 0.20000, 0.20110
8687, -18, 500, 0.20000, 0.20038
8688, -18, 500, 0.20000, 0.20038
8689, -18, 500, 0.20000, 0.20146
8690, -18, 500, 0.20000, 0.20146
8691, -18, 500, 0.20000, 0.19931
8692, -18, 500, 0.20000, 0.19823
8693, -18, 500, 0.20000, 0.19715
8694, -18, 500, 0.20000, 0.19895
8695, -18, 500, 0.20000, 0.20038
8696, -18, 500, 0.20000, 0.19751
8697, -18, 500, 0.20000, 0.20542
8698, -18, 500, 0.20000, 0.20110
8699, -18, 500, 0.20000, 0.19895
8700, -18, 500, 0.20000, 0.20218
8701, -18, 500, 0.20000, 0.20578
8702, -18, 500, 0.20000, 0.19859
8703, -18, 500, 0.20000, 0.19823
8704, -18, 500, 0.20000, 0.19859
8705, -18, 500, 0.20000, 0.20002
8706, -18, 500, 0.20000, 0.20254
8707, -18, 500, 0.20000, 0.19751
8708, -18, 500, 0.20000, 0.19859
8709, -18, 500, 0.20000, 0.19859
8710, -18, 500, 0.20000, 0.20074
8711, -18, 500, 0.20000, 0.19751
8712, -18, 500, 0.20000, 0.19787
8713, -18, 500, 0.20000, 0.20038
8714, -18, 500, 0.20000, 0.20074
8715, -18, 500, 0.20000, 0.19715
8716, -18, 500, 0.20000, 0.19895
8717, -18, 500, 0.20000, 0.20146
8718, -18, 500, 0.20000, 0.20182
8719, -18, 500, 0.20000, 0.19931
8720, -18, 500, 0.20000, 0.20290
8721, -18, 500, 0.20000, 0.19859
8722, -18, 500, 0.20000, 0.19823
8723, -18, 500, 0.20000, 0.19787
8724, -18, 500, 0.20000, 0.19931
8725, -18, 500, 0.20000, 0.20002
8726, -18, 500, 0.20000, 0.19895
8727, -18, 500, 0.20000, 0.19679
8728, -18, 500, 0.20000, 0.19787
8729, -18, 500, 0.20000, 0.19715
8730, -18, 500, 0.20000, 0.20038
8731, -18, 500, 0.20000, 0.19895
8732, -18, 500, 0.20000, 0.20074
8733, -18, 500, 0.20000, 0.19931
8734, -18, 500, 0.20000, 0.19787
8735, -18, 500, 0.20000, 0.19140
8736, -18, 500, 0.20000, 0.20074
8737, -18, 500, 0.20000, 0.19787
8738, -18, 500, 0.20000, 0.19967
8739, -18, 500, 0.20000, 0.20074
8740, -18, 500, 0.20000, 0.19895
8741, -18, 500, 0.20000, 0.20038
8742, -18, 500, 0.20000, 0.20038
8743, -18, 500, 0.20000, 0.19895
8744, -18, 500, 0.20000, 0.20398
8745, -18, 500, 0.20000, 0.19967
8746, -18, 500, 0.20000, 0.20218
8747, -18, 500, 0.20000, 0.19607
8748, -18, 500, 0.20000, 0.19463
8749, -18, 500, 0.20000, 0.20218
8750, -18, 500, 0.20000, 0.19967
8751, -18, 500, 0.20000, 0.19643
8752, -18, 500, 0.20000, 0.19787
8753, -18, 500, 0.20000, 0.20038
8754, -18, 500, 0.20000, 0.19571
8755, -18, 500, 0.20000, 0.20110
8756, -18, 500, 0.20000, 0.20182
8757, -18, 500, 0.20000, 0.19859
8758, -18, 500, 0.20000, 0.19787
8759, -18, 500, 0.20000, 0.19679
8760, -18, 500, 0.20000, 0.19967
8761, -18, 500, 0.20000, 0.19895
8762, -18, 500, 0.20000, 0.19320
8763, -18, 500, 0.20000, 0.20074
8764, -18, 500, 0.20000, 0.19823
8765, -18, 500, 0.20000, 0.20290
8766, -18, 500, 0.20000, 0.20146
8767, -18, 500, 0.20000, 0.20218
8768, -18, 500, 0.20000, 0.19967
8769, -18, 500, 0.20000, 0.20218
8770, -18, 500, 0.20000, 0.19967
8771, -18, 500, 0.20000, 0.19931
8772, -18, 500, 0.20000, 0.20074
8773, -18, 500, 0.20000, 0.19823
8774, -18, 500, 0.20000, 0.19212
8775, -18, 500, 0.20000, 0.20182
8776, -18, 500, 0.20000, 0.19463
8777, -18, 500, 0.20000, 0.20002
8778, -18, 500, 0.20000, 0.19859
8779, -18, 500, 0.20000, 0.20002
8780, -18, 500, 0.20000, 0.19967
8781, -18, 500, 0.20000, 0.19931
8782, -18, 500, 0.20000, 0.20542
8783, -18, 500, 0.20000, 0.19823
8784, -18, 500, 0.20000, 0.20614
8785, -18, 500, 0.20000, 0.19931
8786, -18, 500, 0.20000, 0.19895
8787, -18, 500, 0.20000, 0.19967
8788, -18, 500, 0.20000, 0.20002
8789, -18, 500, 0.20000, 0.20254
8790, -18, 500, 0.20000, 0.20110
8791, -18, 500, 0.20000, 0.19463
8792, -18, 500, 0.20000, 0.19967
8793, -18, 500, 0.20000, 0.20146
8794, -18, 500, 0.20000, 0.20218
8795, -18, 500, 0.20000, 0.18888
8796, -18, 500, 0.20000, 0.19571
8797, -18, 500, 0.20000, 0.19967
8798, -18, 500, 0.20000, 0.20002
8799, -18, 500, 0.20000, 0.19751
8800, -18, 500, 0.20000, 0.20146
8801, -18, 500, 0.20000, 0.20002
8802, -18, 500, 0.20000, 0.20038
8803, -18, 500, 0.20000, 0.19859
8804, -18, 500, 0.20000, 0.19751
8805, -18, 500, 0.20000, 0.19895
8806, -18, 500, 0.20000, 0.19751
8807, -18, 500, 0.20000, 0.20002
8808, -18, 500, 0.20000, 0.20254
8809, -18, 500, 0.20000, 0.19823
8810, -18, 500, 0.20000, 0.19931
8811, -18, 500, 0.20000, 0.20002
8812, -18, 500, 0.20000, 0.20398
8813, -18, 500, 0.20000, 0.19895
8814, -18, 500, 0.20000, 0.19787
8815, -18, 500, 0.20000, 0.19859
8816, -18, 500, 0.20000, 0.20146
8817, -18, 500, 0.20000, 0.20470
8818, -18, 500, 0.20000, 0.19535
8819, -18, 500, 0.20000, 0.20254
8820, -18, 500, 0.20000, 0.20002
8821, -18, 500, 0.20000, 0.19751
8822, -18, 500, 0.20000, 0.19931
8823, -18, 500, 0.20000, 0.20002
8824, -18, 500, 0.20000, 0.20146
8825, -18, 500, 0.20000, 0.19931
8826, -18, 500, 0.20000, 0.20038
8827, -18, 500, 0.20000, 0.19679
8828, -18, 500, 0.20000, 0.19535
8829, -18, 500, 0.20000, 0.20865
8830, -18, 500, 0.20000, 0.20038
8831, -18, 500, 0.20000, 0.20002
8832, -18, 500, 0.20000, 0.20002
8833, -18, 500, 0.20000, 0.19751
8834, -18, 500, 0.20000, 0.19931
8835, -18, 500, 0.20000, 0.20254
8836, -18, 500, 0.20000, 0.20326
8837, -18, 500, 0.20000, 0.20362
8838, -18, 500, 0.20000, 0.20038
8839, -18, 500, 0.20000, 0.19967
8840, -18, 500, 0.20000, 0.19895
8841, -18, 500, 0.20000, 0.19679
8842, -18, 500, 0.20000, 0.19787
8843, -18, 500, 0.20000, 0.20146
8844, -18, 500, 0.20000, 0.20218
8845, -18, 500, 0.20000, 0.19463
8846, -18, 500, 0.20000, 0.19967
8847, -18, 500, 0.20000, 0.19787
8848, -18, 500, 0.20000, 0.20290
8849, -18, 500, 0.20000, 0.19823
8850, -18, 500, 0.20000, 0.20578
8851, -18, 500, 0.20000, 0.19967
8852, -18, 500, 0.20000, 0.20362
8853, -18, 500, 0.20000, 0.20146
8854, -18, 500, 0.20000, 0.19931
8855, -18, 500, 0.20000, 0.20038
8856, -18, 500, 0.20000, 0.19823
8857, -18, 500, 0.20000, 0.19571
8858, -18, 500, 0.20000, 0.19895
8859, -18, 500, 0.20000, 0.19967
8860, -18, 500, 0.20000, 0.19967
8861, -18, 500, 0.20000, 0.19715
8862, -18, 500, 0.20000, 0.20182
8863, -18, 500, 0.20000, 0.20146
8864, -18, 500, 0.20000, 0.19895
8865, -18, 500, 0.20000, 0.19859
8866, -18, 500, 0.20000, 0.19679
8867, -18, 500, 0.20000, 0.19967
8868, -18, 500, 0.20000, 0.19823
8869, -18, 500, 0.20000, 0.19967
8870, -18, 500, 0.20000, 0.19967
8871, -18, 500, 0.20000, 0.19895
8872, -18, 500, 0.20000, 0.19715
8873, -18, 500, 0.20000, 0.20218
8874, -18, 500, 0.20000, 0.20254
8875, -18, 500, 0.20000, 0.19859
8876, -18, 500, 0.20000, 0.20002
8877, -18, 500, 0.20000, 0.20218
8878, -18, 500, 0.20000, 0.20002
8879, -18, 500, 0.20000, 0.19859
8880, -18, 500, 0.20000, 0.20002
8881, -18, 500, 0.20000, 0.19751
8882, -18, 500, 0.20000, 0.20218
8883, -18, 500, 0.20000, 0.19859
8884, -18, 500, 0.20000, 0.19931
8885, -18, 500, 0.20000, 0.20074
8886, -18, 500, 0.20000, 0.19967
8887, -18, 500, 0.20000, 0.19823
8888, -18, 500, 0.20000, 0.20110
8889, -18, 500, 0.20000, 0.19895
8890, -18, 500, 0.20000, 0.19607
8891, -18, 500, 0.20000, 0.19643
8892, -18, 500, 0.20000, 0.19931
8893, -18, 500, 0.20000, 0.19715
8894, -18, 500, 0.20000, 0.20110
8895, -18, 500, 0.20000, 0.20074
8896, -18, 500, 0.20000, 0.20290
8897, -18, 500, 0.20000, 0.19931
8898, -18, 500, 0.20000, 0.19931
8899, -18, 500, 0.20000, 0.19823
8900, -18, 500, 0.20000, 0.19715
8901, -18, 500, 0.20000, 0.20002
8902, -18, 500, 0.20000, 0.19679
8903, -18, 500, 0.20000, 0.20182
8904, -18, 500, 0.20000, 0.19823
8905, -18, 500, 0.20000, 0.20254
8906, -18, 500, 0.20000, 0.19787
8907, -18, 500, 0.20000, 0.19931
8908, -18, 500, 0.20000, 0.20290
8909, -18, 500, 0.20000, 0.19751
8910, -18, 500, 0.20000, 0.19859
8911, -18, 500, 0.20000, 0.19679
8912, -18, 500, 0.20000, 0.19931
8913, -18, 500, 0.20000, 0.19967
8914, -18, 500, 0.20000, 0.19679
8915, -18, 500, 0.20000, 0.19931
8916, -18, 500, 0.20000, 0.20110
8917, -18, 500, 0.20000, 0.20002
8918, -18, 500, 0.00000, 0.19967
8919, -18, 500, 0.00000, 0.19787
8920, -18, 500, 0.00000, 0.19859
8921, -18, 500, 0.00000, 0.19751
8922, -18, 500, 0.00000, 0.19104
8923, -18, 500, 0.00000, 0.18816
8924, -18, 500, 0.00000, 0.18097
8925, -18, 500, 0.00000, 0.17307
8926, -18, 500, 0.00000, 0.15869
8927, -18, 500, 0.00000, 0.15797
8928, -18, 500, 0.00000, 0.14575
8929, -18, 500, 0.00000, 0.13640
8930, -18, 500, 0.00000, 0.12742
8931, -18, 500, 0.00000, 0.12023
8932, -18, 500, 0.00000, 0.10980
8933, -18, 500, 0.00000, 0.10046
8934, -18, 500, 0.00000, 0.08859
8935, -18, 500, 0.00000, 0.08859
8936, -18, 500, 0.00000, 0.07206
8937, -18, 500, 0.00000, 0.06487
8938, -18, 500, 0.00000, 0.05588
8939, -18, 500, 0.00000, 0.05157
8940, -18, 500, 0.00000, 0.04115
8941, -18, 500, 0.00000, 0.03180
8942, -18, 500, 0.00000, 0.02857
8943, -18, 500, 0.00000, 0.02353
8944, -18, 500, 0.00000, 0.02425
8945, -18, 500, 0.00000, 0.01527
8946, -18, 500, 0.00000, 0.00448
8947, -18, 500, 0.00000, 0.00628
8948, -18, 500, 0.00000, 0.00233
8949, -18, 500, 0.00000, 0.00340
8950, -18, 500, 0.00000, -0.00163
8951, -18, 500, 0.00000, -0.00379
8952, -18, 500, 0.00000, -0.00630
8953, -18, 500, 0.00000, -0.00918
8954, -18, 500, 0.00000, -0.00558
8955, -18, 500, 0.00000, -0.00882
8956, -18, 500, 0.00000, -0.00702
8957, -18, 500, 0.00000, -0.01133
8958, -18, 500, 0.00000, -0.01169
8959, -18, 500, 0.00000, -0.00594
8960, -18, 500, 0.00000, -0.01061
8961, -18, 500, 0.00000, -0.01097
8962, -18, 500, 0.00000, -0.01601
8963, -18, 500, 0.00000, -0.01061
8964, -18, 500, 0.00000, -0.00846
8965, -18, 500, 0.00000, -0.00774
8966, -18, 500, 0.00000, -0.00882
8967, -18, 500, 0.00000, -0.00810
8968, -18, 500, 0.00000, -0.01026
8969, -18, 500, 0.00000, -0.00918
8970, -18, 500, 0.00000, -0.00414
8971, -18, 500, 0.00000, -0.00666
8972, -18, 500, 0.00000, -0.01097
8973, -18, 500, 0.00000, -0.00594
8974, -18, 500, 0.00000, 0.00161
8975, -18, 500, 0.00000, -0.00846
8976, -18, 500, 0.00000, 0.00197
8977, -18, 500, 0.00000, -0.00379
8978, -18, 500, 0.00000, 0.00664
8979, -18, 500, 0.00000, -0.00594
8980, -18, 500, 0.00000, -0.00235
8981, -18, 500, 0.00000, -0.00091
8982, -18, 500, 0.00000, -0.00199
8983, -18, 500, 0.00000, -0.00127
8984, -18, 500, 0.00000, 0.00520
8985, -18, 500, 0.00000, 0.00125
8986, -18, 500, 0.00000, 0.00017
8987, -18, 500, 0.00000, -0.00019
8988, -18, 500, 0.00000, -0.00199
8989, -18, 500, 0.00000, -0.00127
8990, -18, 500, 0.00000, 0.00161
8991, -18, 500, 0.00000, 0.00053
8992, -18, 500, 0.00000, 0.00053
8993, -18, 500, 0.00000, 0.00053
8994, -18, 500, 0.00000, 0.00700
8995, -18, 500, 0.00000, 0.00017
8996, -18, 500, 0.00000, 0.01347
8997, -18, 500, 0.00000, 0.00089
8998, -18, 500, 0.00000, 0.00125
8999, -18, 500, 0.00000, 0.00304
9000, -18, 500, 0.00000, 0.00197
9001, -18, 500, 0.00000, 0.00304
9002, -18, 500, 0.00000, 0.00017
9003, -18, 500, 0.00000, 0.00520
9004, -18, 500, 0.00000, 0.00808
9005, -18, 500, 0.00000, 0.00017
9006, -18, 500, 0.00000, 0.00161
9007, -18, 500, 0.00000, 0.00340
9008, -18, 500, 0.00000, 0.00017
9009, -18, 500, 0.00000, -0.00163
9010, -18, 500, 0.00000, 0.00197
9011, -18, 500, 0.00000, 0.00197
9012, -18, 500, 0.00000, 0.00053
9013, -18, 500, 0.00000, -0.00019
9014, -18, 500, 0.00000, 0.00197
9015, -18, 500, 0.00000, 0.00197
9016, -18, 500, 0.00000, -0.00235
9017, -18, 500, 0.00000, 0.00053
9018, -18, 500, 0.00000, 0.00017
9019, -18, 500, 0.00000, -0.00019
9020, -18, 500, 0.00000, 0.00197
9021, -18, 500, 0.00000, 0.00017
9022, -18, 500, 0.00000, -0.00019
9023, -18, 500, 0.00000, -0.00666
9024, -18, 500, 0.00000, -0.00055
9025, -18, 500, 0.00000, 0.00017
9026, -18, 500, 0.00000, 0.00017
9027, -18, 500, 0.00000, 0.00304
9028, -18, 500, 0.00000, -0.00199
9029, -18, 500, 0.00000, 0.00161
9030, -18, 500, 0.00000, 0.00017
9031, -18, 500, 0.00000, 0.00664
9032, -18, 500, 0.00000, 0.00448
9033, -18, 500, 0.00000, 0.00269
9034, -18, 500, 0.00000, 0.00125
9035, -18, 500, 0.00000, 0.00017
9036, -18, 500, 0.00000, 0.00089
9037, -18, 500, 0.00000, 0.00089
9038, -18, 500, 0.00000, 0.00089
9039, -18, 500, 0.00000, 0.00233
9040, -18, 500, 0.00000, 0.00592
9041, -18, 500, 0.00000, 0.00233
9042, -18, 500, 0.00000, -0.00091
9043, -18, 500, 0.00000, -0.00019
9044, -18, 500, 0.00000, 0.00053
9045, -18, 500, 0.00000, 0.00017
9046, -18, 500, 0.00000, 0.00053
9047, -18, 500, 0.00000, 0.00197
9048, -18, 500, 0.00000, -0.00199
9049, -18, 500, 0.00000, 0.00017
9050, -18, 500, 0.00000, 0.00197
9051, -18, 500, 0.00000, 0.00448
9052, -18, 500, 0.00000, -0.00199
9053, -18, 500, 0.00000, -0.00091
9054, -18, 500, 0.00000, -0.00055
9055, -18, 500, 0.00000, -0.00199
9056, -18, 500, 0.00000, 0.00017
9057, -18, 500, 0.00000, 0.00053
9058, -18, 500, 0.00000, -0.00019
9059, -18, 500, 0.00000, 0.00089
9060, -18, 500, 0.00000, -0.00019
9061, -18, 500, 0.00000, 0.00340
9062, -18, 500, 0.00000, -0.01708
9063, -18, 500, 0.00000, 0.00233
9064, -18, 500, 0.00000, -0.00379
9065, -18, 500, 0.00000, -0.00127
9066, -18, 500, 0.00000, 0.00053
9067, -18, 500, 0.00000, -0.00163
9068, -18, 500, 0.00000, 0.00412
9069, -18, 500, 0.00000, 0.00628
9070, -18, 500, 0.00000, -0.00199
9071, -18, 500, 0.00000, 0.00089
9072, -18, 500, 0.00000, 0.00484
9073, -18, 500, 0.00000, 0.00125
9074, -18, 500, 0.00000, -0.00199
9075, -18, 500, 0.00000, -0.00091
9076, -18, 500, 0.00000, 0.00089
9077, -18, 500, 0.00000, -0.00235
9078, -18, 500, 0.00000, 0.00089
9079, -18, 500, 0.00000, -0.00666
9080, -18, 500, 0.00000, 0.00053
9081, -18, 500, 0.00000, -0.00019
9082, -18, 500, 0.00000, 0.00161
9083, -18, 500, 0.00000, -0.00379
9084, -18, 500, 0.00000, -0.01133
9085, -18, 500, 0.00000, -0.00702
9086, -18, 500, 0.00000, 0.00089
9087, -18, 500, 0.00000, 0.00484
9088, -18, 500, 0.00000, 0.00089
9089, -18, 500, 0.00000, 0.00233
9090, -18, 500, 0.00000, -0.00127
9091, -18, 500, 0.00000, 0.00089
9092, -18, 500, 0.00000, -0.00163
9093, -18, 500, 0.00000, 0.00053
9094, -18, 500, 0.00000, -0.00127
9095, -18, 500, 0.00000, 0.00089
9096, -18, 500, 0.00000, -0.00055
9097, -18, 500, 0.00000, -0.00019
9098, -18, 500, 0.00000, 0.00844
9099, -18, 500, 0.00000, -0.00055
9100, -18, 500, 0.00000, -0.00235
9101, -18, 500, 0.00000, -0.00414
9102, -18, 500, 0.00000, -0.00127
9103, -18, 500, 0.00000, 0.00412
9104, -18, 500, 0.00000, -0.00199
9105, -18, 500, 0.00000, 0.00125
9106, -18, 500, 0.00000, 0.00053
9107, -18, 500, 0.00000, -0.00127
9108, -18, 500, 0.00000, 0.00161
9109, -18, 500, 0.00000, -0.00055
9110, -18, 500, 0.00000, 0.00556
9111, -18, 500, 0.00000, -0.00091
9112, -18, 500, 0.00000, -0.00055
9113, -18, 500, 0.00000, 0.00520
9114, -18, 500, 0.00000, -0.00055
9115, -18, 500, 0.00000, -0.00091
9116, -18, 500, 0.00000, -0.00990
9117, -18, 500, 0.00000, 0.00161
9118, -18, 500, 0.00000, -0.00019
9119, -18, 500, 0.00000, -0.00091
9120, -18, 500, 0.00000, 0.00017
9121, -18, 500, 0.00000, 0.00017
9122, -18, 500, 0.00000, -0.00235
9123, -18, 500, 0.00000, 0.00197
9124, -18, 500, 0.00000, -0.00055
9125, -18, 500, 0.00000, 0.00664
9126, -18, 500, 0.00000, 0.00161
9127, -18, 500, 0.00000, -0.00235
9128, -18, 500, 0.00000, 0.00017
9129, -18, 500, 0.00000, -0.00019
9130, -18, 500, 0.00000, 0.00125
9131, -18, 500, 0.00000, 0.00197
9132, -18, 500, 0.00000, 0.00197
9133, -18, 500, 0.00000, -0.00235
9134, -18, 500, 0.00000, 0.00017
9135, -18, 500, 0.00000, -0.00019
9136, -18, 500, 0.00000, 0.00017
9137, -18, 500, 0.00000, -0.00271
9138, -18, 500, 0.00000, 0.00161
9139, -18, 500, 0.00000, 0.00592
9140, -18, 500, 0.00000, -0.00055
9141, -18, 500, 0.00000, -0.00019
9142, -18, 500, 0.00000, 0.00053
9143, -18, 500, 0.00000, -0.00055
9144, -18, 500, 0.00000, -0.00055
9145, -18, 500, 0.00000, -0.00199
9146, -18, 500, 0.00000, 0.00125
9147, -18, 500, 0.00000, -0.00414
9148, -18, 500, 0.00000, 0.00089
9149, -18, 500, 0.00000, 0.00592
9150, -18, 500, 0.00000, -0.00055
9151, -18, 500, 0.00000, -0.00091
9152, -18, 500, 0.00000, 0.00089
9153, -18, 500, 0.00000, 0.00017
9154, -18, 500, 0.00000, 0.00089
9155, -18, 500, 0.00000, -0.00594
9156, -18, 500, 0.00000, -0.00163
9157, -18, 500, 0.00000, -0.00091
9158, -18, 500, 0.00000, 0.00125
9159, -18, 500, 0.00000, 0.00089
9160, -18, 500, 0.00000, 0.01383
9161, -18, 500, 0.00000, -0.00127
9162, -18, 500, 0.00000, -0.00199
9163, -18, 500, 0.00000, -0.00091
9164, -18, 500, 0.00000, -0.00019
9165, -18, 500, 0.00000, -0.00055
9166, -18, 500, 0.00000, 0.00017
9167, -18, 500, 0.00000, 0.00053
9168, -18, 500, 0.00000, 0.00340
9169, -18, 500, 0.00000, -0.00019
9170, -18, 500, 0.00000, 0.00089
9171, -18, 500, 0.00000, -0.00055
9172, -18, 500, 0.00000, -0.00450
9173, -18, 500, 0.00000, -0.00091
9174, -18, 500, 0.00000, 0.00197
9175, -18, 500, 0.00000, -0.00091
9176, -18, 500, 0.00000, 0.00089
9177, -18, 500, 0.00000, -0.00127
9178, -18, 500, 0.00000, -0.00091
9179, -18, 500, 0.00000, 0.00089
9180, -18, 500, 0.00000, 0.00448
9181, -18, 500, 0.00000, -0.00055
9182, -18, 500, 0.00000, -0.00199
9183, -18, 500, 0.00000, 0.00520
9184, -18, 500, 0.00000, -0.00414
9185, -18, 500, 0.00000, -0.00163
9186, -18, 500, 0.00000, -0.00091
9187, -18, 500, 0.00000, -0.00019
9188, -18, 500, 0.00000, 0.00017
9189, -18, 500, 0.00000, 0.00233
9190, -18, 500, 0.00000, 0.00161
9191, -18, 500, 0.00000, -0.00091
9192, -18, 500, 0.00000, 0.00269
9193, -18, 500, 0.00000, 0.00197
9194, -18, 500, 0.00000, 0.00089
9195, -18, 500, 0.00000, 0.00053
9196, -18, 500, 0.00000, 0.00053
9197, -18, 500, 0.00000, 0.00376
9198, -18, 500, 0.00000, -0.01205
9199, -18, 500, 0.00000, -0.00019
9200, -18, 500, 0.00000, 0.00125
9201, -18, 500, 0.00000, -0.00055
9202, -18, 500, 0.00000, -0.00199
9203, -18, 500, 0.00000, -0.00055
9204, -18, 500, 0.00000, 0.00197
9205, -18, 500, 0.00000, -0.00055
9206, -18, 500, 0.00000, -0.00414
9207, -18, 500, 0.00000, -0.00163
9208, -18, 500, 0.00000, 0.00089
9209, -18, 500, 0.00000, 0.00125
9210, -18, 500, 0.00000, -0.00163
9211, -18, 500, 0.00000, 0.00053
9212, -18, 500, 0.00000, 0.00125
9213, -18, 500, 0.00000, 0.00269
9214, -18, 500, 0.00000, -0.00091
9215, -18, 500, 0.00000, -0.00163
9216, -18, 500, 0.00000, 0.00197
9217, -18, 500, 0.00000, -0.00379
9218, -18, 500, 0.00000, 0.00017
9219, -18, 500, 0.00000, 0.00233
9220, -18, 500, 0.00000, -0.00810
9221, -18, 500, 0.00000, -0.00235
9222, -18, 500, 0.00000, 0.00125
9223, -18, 500, 0.00000, -0.00127
9224, -18, 500, 0.00000, -0.00127
9225, -18, 500, 0.00000, -0.00091
9226, -18, 500, 0.00000, 0.00304
9227, -18, 500, 0.00000, 0.00412
9228, -18, 500, 0.00000, 0.00484
9229, -18, 500, 0.00000, 0.00053
9230, -18, 500, 0.00000, 0.00017
9231, -18, 500, 0.00000, 0.00700
9232, -18, 500, 0.00000, -0.00055
9233, -18, 500, 0.00000, -0.00127
9234, -18, 500, 0.00000, -0.00019
9235, -18, 500, 0.00000, -0.00055
9236, -18, 500, 0.00000, 0.00017
9237, -18, 500, 0.00000, -0.00271
9238, -18, 500, 0.00000, -0.00163
9239, -18, 500, 0.00000, 0.00197
9240, -18, 500, 0.00000, -0.00486
9241, -18, 500, 0.00000, -0.00019
9242, -18, 500, 0.00000, -0.00235
9243, -18, 500, 0.00000, 0.00089
9244, -18, 500, 0.00000, -0.00055
9245, -18, 500, 0.00000, -0.00127
9246, -18, 500, 0.00000, 0.00017
9247, -18, 500, 0.00000, 0.00017
9248, -18, 500, 0.00000, -0.00199
9249, -18, 500, 0.00000, 0.00017
9250, -18, 500, 0.00000, -0.00666
9251, -18, 500, 0.00000, 0.00233
9252, -18, 500, 0.00000, -0.00450
9253, -18, 500, 0.00000, -0.00019
9254, -18, 500, 0.00000, 0.00089
9255, -18, 500, 0.00000, 0.00053
9256, -18, 500, 0.00000, 0.00053
9257, -18, 500, 0.00000, -0.00271
9258, -18, 500, 0.00000, -0.00271
9259, -18, 500, 0.00000, 0.00125
9260, -18, 500, 0.00000, -0.00019
9261, -18, 500, 0.00000, -0.00055
9262, -18, 500, 0.00000, 0.00197
9263, -18, 500, 0.00000, -0.00055
9264, -18, 500, 0.00000, 0.00089
9265, -18, 500, 0.00000, -0.00882
9266, -18, 500, 0.00000, -0.00019
9267, -18, 500, 0.00000, 0.00053
9268, -18, 500, 0.00000, -0.00127
9269, -18, 500, 0.00000, -0.00163
9270, -18, 500, 0.00000, -0.00235
9271, -18, 500, 0.00000, 0.00089
9272, -18, 500, 0.00000, 0.00089
9273, -18, 500, 0.00000, -0.00019
9274, -18, 500, 0.00000, 0.00017
9275, -18, 500, 0.00000, 0.00484
9276, -18, 500, 0.00000, 0.00125
9277, -18, 500, 0.00000, 0.00053
9278, -18, 500, 0.00000, -0.00235
9279, -18, 500, 0.00000, -0.00019
9280, -18, 500, 0.00000, -0.00127
9281, -18, 500, 0.00000, -0.00127
9282, -18, 500, 0.00000, 0.00233
9283, -18, 500, 0.00000, 0.00017
9284, -18, 500, 0.00000, 0.00017
9285, -18, 500, 0.00000, -0.00558
9286, -18, 500, 0.00000, 0.00125
9287, -18, 500, 0.00000, 0.00017
9288, -18, 500, 0.00000, 0.00017
9289, -18, 500, 0.00000, 0.00017
9290, -18, 500, 0.00000, 0.00340
9291, -18, 500, 0.00000, -0.00163
9292, -18, 500, 0.00000, -0.00091
9293, -18, 500, 0.00000, -0.00235
9294, -18, 500, 0.00000, -0.00163
9295, -18, 500, 0.00000, -0.00235
9296, -18, 500, 0.00000, -0.00163
9297, -18, 500, 0.00000, -0.00163
9298, -18, 500, 0.00000, -0.00055
9299, -18, 500, 0.00000, 0.00269
9300, -18, 500, 0.00000, 0.00125
9301, -18, 500, 0.00000, -0.00127
9302, -18, 500, 0.00000, 0.00233
9303, -18, 500, 0.00000, -0.00019
9304, -18, 500, 0.00000, -0.00091
9305, -18, 500, 0.00000, 0.00197
9306, -18, 500, 0.00000, 0.00340
9307, -18, 500, 0.00000, -0.00379
9308, -18, 500, 0.00000, 0.00053
9309, -18, 500, 0.00000, -0.00091
9310, -18, 500, 0.00000, 0.00053
9311, -18, 500, 0.00000, -0.00271
9312, -18, 500, 0.00000, 0.00376
9313, -18, 500, 0.00000, 0.00556
9314, -18, 500, 0.00000, -0.00055
9315, -18, 500, 0.00000, -0.00091
9316, -18, 500, 0.00000, 0.00017
9317, -18, 500, 0.00000, 0.00484
9318, -18, 500, 0.00000, 0.00269
9319, -18, 500, 0.00000, -0.00846
9320, -18, 500, 0.00000, 0.00161
9321, -18, 500, 0.00000, -0.00379
9322, -18, 500, 0.00000, 0.00269
9323, -18, 500, 0.00000, 0.00017
9324, -18, 500, 0.20000, 0.00017
9325, -18, 500, 0.20000, -0.00522
9326, -18, 500, 0.20000, -0.00343
9327, -18, 500, 0.20000, 0.00304
9328, -18, 500, 0.20000, 0.00772
9329, -18, 500, 0.20000, 0.02246
9330, -18, 500, 0.20000, 0.01994
9331, -18, 500, 0.20000, 0.02281
9332, -18, 500, 0.20000, 0.03072
9333, -18, 500, 0.20000, 0.04222
9334, -18, 500, 0.20000, 0.05445
9335, -18, 500, 0.20000, 0.06595
9336, -18, 500, 0.20000, 0.07350
9337, -18, 500, 0.20000, 0.08823
9338, -18, 500, 0.20000, 0.09435
9339, -18, 500, 0.20000, 0.10405
9340, -18, 500, 0.20000, 0.11735
9341, -18, 500, 0.20000, 0.11376
9342, -18, 500, 0.20000, 0.12670
9343, -18, 500, 0.20000, 0.13353
9344, -18, 500, 0.20000, 0.14323
9345, -18, 500, 0.20000, 0.15042
9346, -18, 500, 0.20000, 0.15797
9347, -18, 500, 0.20000, 0.16228
9348, -18, 500, 0.20000, 0.16552
9349, -18, 500, 0.20000, 0.17414
9350, -18, 500, 0.20000, 0.17486
9351, -18, 500, 0.20000, 0.18565
9352, -18, 500, 0.20000, 0.19068
9353, -18, 500, 0.20000, 0.19284
9354, -18, 500, 0.20000, 0.19284
9355, -18, 500, 0.20000, 0.19679
9356, -18, 500, 0.20000, 0.20146
9357, -18, 500, 0.20000, 0.20218
9358, -18, 500, 0.20000, 0.20685
9359, -18, 500, 0.20000, 0.20578
9360, -18, 500, 0.20000, 0.20757
9361, -18, 500, 0.20000, 0.20721
9362, -18, 500, 0.20000, 0.20829
9363, -18, 500, 0.20000, 0.21908
9364, -18, 500, 0.20000, 0.20685
9365, -18, 500, 0.20000, 0.20901
9366, -18, 500, 0.20000, 0.21297
9367, -18, 500, 0.20000, 0.21117
9368, -18, 500, 0.20000, 0.20973
9369, -18, 500, 0.20000, 0.20793
9370, -18, 500, 0.20000, 0.20685
9371, -18, 500, 0.20000, 0.20757
9372, -18, 500, 0.20000, 0.21045
9373, -18, 500, 0.20000, 0.21189
9374, -18, 500, 0.20000, 0.20793
9375, -18, 500, 0.20000, 0.20901
9376, -18, 500, 0.20000, 0.20937
9377, -18, 500, 0.20000, 0.20973
9378, -18, 500, 0.20000, 0.20470
9379, -18, 500, 0.20000, 0.20685
9380, -18, 500, 0.20000, 0.20542
9381, -18, 500, 0.20000, 0.20434
9382, -18, 500, 0.20000, 0.20470
9383, -18, 500, 0.20000, 0.20182
9384, -18, 500, 0.20000, 0.20146
9385, -18, 500, 0.20000, 0.20146
9386, -18, 500, 0.20000, 0.19607
9387, -18, 500, 0.20000, 0.20614
9388, -18, 500, 0.20000, 0.20434
9389, -18, 500, 0.20000, 0.20146
9390, -18, 500, 0.20000, 0.19895
9391, -18, 500, 0.20000, 0.19931
9392, -18, 500, 0.20000, 0.20002
9393, -18, 500, 0.20000, 0.19571
9394, -18, 500, 0.20000, 0.19823
9395, -18, 500, 0.20000, 0.19391
9396, -18, 500, 0.20000, 0.20182
9397, -18, 500, 0.20000, 0.19859
9398, -18, 500, 0.20000, 0.19859
9399, -18, 500, 0.20000, 0.19715
9400, -18, 500, 0.20000, 0.20434
9401, -18, 500, 0.20000, 0.19535
9402, -18, 500, 0.20000, 0.20218
9403, -18, 500, 0.20000, 0.19895
9404, -18, 500, 0.20000, 0.19967
9405, -18, 500, 0.20000, 0.20074
9406, -18, 500, 0.20000, 0.19931
9407, -18, 500, 0.20000, 0.20038
9408, -18, 500, 0.20000, 0.19751
9409, -18, 500, 0.20000, 0.20038
9410, -18, 500, 0.20000, 0.20074
9411, -18, 500, 0.20000, 0.20182
9412, -18, 500, 0.20000, 0.19895
9413, -18, 500, 0.20000, 0.19751
9414, -18, 500, 0.20000, 0.19751
9415, -18, 500, 0.20000, 0.20470
9416, -18, 500, 0.20000, 0.20434
9417, -18, 500, 0.20000, 0.20038
9418, -18, 500, 0.20000, 0.18385
9419, -18, 500, 0.20000, 0.20254
9420, -18, 500, 0.20000, 0.20146
9421, -18, 500, 0.20000, 0.20110
9422, -18, 500, 0.20000, 0.19931
9423, -18, 500, 0.20000, 0.19859
9424, -18, 500, 0.20000, 0.20362
9425, -18, 500, 0.20000, 0.20182
9426, -18, 500, 0.20000, 0.19823
9427, -18, 500, 0.20000, 0.19643
9428, -18, 500, 0.20000, 0.20038
9429, -18, 500, 0.20000, 0.19823
9430, -18, 500, 0.20000, 0.19787
9431, -18, 500, 0.20000, 0.19895
9432, -18, 500, 0.20000, 0.19176
9433, -18, 500, 0.20000, 0.20470
9434, -18, 500, 0.20000, 0.20038
9435, -18, 500, 0.20000, 0.20110
9436, -18, 500, 0.20000, 0.19715
9437, -18, 500, 0.20000, 0.19967
9438, -18, 500, 0.20000, 0.19895
9439, -18, 500, 0.20000, 0.19751
9440, -18, 500, 0.20000, 0.20254
9441, -18, 500, 0.20000, 0.20074
9442, -18, 500, 0.20000, 0.19679
9443, -18, 500, 0.20000, 0.19895
9444, -18, 500, 0.20000, 0.19787
9445, -18, 500, 0.20000, 0.19751
9446, -18, 500, 0.20000, 0.20038
9447, -18, 500, 0.20000, 0.19931
9448, -18, 500, 0.20000, 0.19787
9449, -18, 500, 0.20000, 0.19787
9450, -18, 500, 0.20000, 0.19643
9451, -18, 500, 0.20000, 0.19751
9452, -18, 500, 0.20000, 0.19751
9453, -18, 500, 0.20000, 0.19967
9454, -18, 500, 0.20000, 0.20074
9455, -18, 500, 0.20000, 0.19895
9456, -18, 500, 0.20000, 0.19931
9457, -18, 500, 0.20000, 0.20182
9458, -18, 500, 0.20000, 0.20182
9459, -18, 500, 0.20000, 0.19679
9460, -18, 500, 0.20000, 0.20074
9461, -18, 500, 0.20000, 0.19931
9462, -18, 500, 0.20000, 0.19895
9463, -18, 500, 0.20000, 0.20002
9464, -18, 500, 0.20000, 0.19895
9465, -18, 500, 0.20000, 0.19895
9466, -18, 500, 0.20000, 0.20110
9467, -18, 500, 0.20000, 0.19931
9468, -18, 500, 0.20000, 0.20110
9469, -18, 500, 0.20000, 0.19859
9470, -18, 500, 0.20000, 0.20182
9471, -18, 500, 0.20000, 0.19931
9472, -18, 500, 0.20000, 0.20182
9473, -18, 500, 0.20000, 0.20038
9474, -18, 500, 0.20000, 0.19931
9475, -18, 500, 0.20000, 0.19931
9476, -18, 500, 0.20000, 0.20038
9477, -18, 500, 0.20000, 0.20074
9478, -18, 500, 0.20000, 0.20326
9479, -18, 500, 0.20000, 0.19643
9480, -18, 500, 0.20000, 0.20721
9481, -18, 500, 0.20000, 0.19967
9482, -18, 500, 0.20000, 0.20074
9483, -18, 500, 0.20000, 0.20290
9484, -18, 500, 0.20000, 0.19751
9485, -18, 500, 0.20000, 0.19607
9486, -18, 500, 0.20000, 0.20254
9487, -18, 500, 0.20000, 0.20110
9488, -18, 500, 0.20000, 0.20074
9489, -18, 500, 0.20000, 0.20074
9490, -18, 500, 0.20000, 0.20110
9491, -18, 500, 0.20000, 0.20146
9492, -18, 500, 0.20000, 0.19895
9493, -18, 500, 0.20000, 0.20002
9494, -18, 500, 0.20000, 0.20362
9495, -18, 500, 0.20000, 0.19931
9496, -18, 500, 0.20000, 0.20218
9497, -18, 500, 0.20000, 0.19571
9498, -18, 500, 0.20000, 0.20218
9499, -18, 500, 0.20000, 0.20002
9500, -18, 500, 0.20000, 0.19859
9501, -18, 500, 0.20000, 0.19859
9502, -18, 500, 0.20000, 0.19931
9503, -18, 500, 0.20000, 0.20038
9504, -18, 500, 0.20000, 0.20362
9505, -18, 500, 0.20000, 0.20074
9506, -18, 500, 0.20000, 0.19679
9507, -18, 500, 0.20000, 0.19751
9508, -18, 500, 0.20000, 0.20326
9509, -18, 500, 0.20000, 0.20002
9510, -18, 500, 0.20000, 0.20038
9511, -18, 500, 0.20000, 0.20182
9512, -18, 500, 0.20000, 0.19967
9513, -18, 500, 0.20000, 0.20326
9514, -18, 500, 0.20000, 0.19931
9515, -18, 500, 0.20000, 0.19895
9516, -18, 500, 0.20000, 0.19679
9517, -18, 500, 0.20000, 0.20146
9518, -18, 500, 0.20000, 0.19895
9519, -18, 500, 0.20000, 0.19859
9520, -18, 500, 0.20000, 0.19320
9521, -18, 500, 0.20000, 0.19967
9522, -18, 500, 0.20000, 0.19679
9523, -18, 500, 0.20000, 0.19823
9524, -18, 500, 0.20000, 0.19679
9525, -18, 500, 0.20000, 0.20038
9526, -18, 500, 0.20000, 0.20002
9527, -18, 500, 0.20000, 0.19967
9528, -18, 500, 0.20000, 0.19859
9529, -18, 500, 0.20000, 0.19679
9530, -18, 500, 0.20000, 0.19823
9531, -18, 500, 0.20000, 0.20434
9532, -18, 500, 0.20000, 0.19751
9533, -18, 500, 0.20000, 0.19895
9534, -18, 500, 0.20000, 0.19967
9535, -18, 500, 0.20000, 0.19284
9536, -18, 500, 0.20000, 0.19859
9537, -18, 500, 0.20000, 0.20038
9538, -18, 500, 0.20000, 0.20002
9539, -18, 500, 0.20000, 0.20074
9540, -18, 500, 0.20000, 0.20074
9541, -18, 500, 0.20000, 0.19499
9542, -18, 500, 0.20000, 0.19535
9543, -18, 500, 0.20000, 0.20434
9544, -18, 500, 0.20000, 0.19895
9545, -18, 500, 0.20000, 0.19787
9546, -18, 500, 0.20000, 0.19535
9547, -18, 500, 0.20000, 0.19787
9548, -18, 500, 0.20000, 0.20362
9549, -18, 500, 0.20000, 0.19715
9550, -18, 500, 0.20000, 0.19751
9551, -18, 500, 0.20000, 0.19895
9552, -18, 500, 0.20000, 0.20685
9553, -18, 500, 0.20000, 0.19823
9554, -18, 500, 0.20000, 0.19499
9555, -18, 500, 0.20000, 0.19931
9556, -18, 500, 0.20000, 0.20002
9557, -18, 500, 0.20000, 0.19859
9558, -18, 500, 0.20000, 0.20074
9559, -18, 500, 0.20000, 0.20470
9560, -18, 500, 0.20000, 0.19715
9561, -18, 500, 0.20000, 0.19967
9562, -18, 500, 0.20000, 0.19895
9563, -18, 500, 0.20000, 0.20002
9564, -18, 500, 0.20000, 0.20038
9565, -18, 500, 0.20000, 0.19967
9566, -18, 500, 0.20000, 0.19967
9567, -18, 500, 0.20000, 0.19967
9568, -18, 500, 0.20000, 0.20146
9569, -18, 500, 0.20000, 0.19463
9570, -18, 500, 0.20000, 0.20146
9571, -18, 500, 0.20000, 0.19931
9572, -18, 500, 0.20000, 0.20254
9573, -18, 500, 0.20000, 0.20290
9574, -18, 500, 0.20000, 0.19931
9575, -18, 500, 0.20000, 0.19751
9576, -18, 500, 0.20000, 0.20434
9577, -18, 500, 0.20000, 0.19967
9578, -18, 500, 0.20000, 0.19931
9579, -18, 500, 0.20000, 0.19895
9580, -18, 500, 0.20000, 0.19823
9581, -18, 500, 0.20000, 0.20074
9582, -18, 500, 0.20000, 0.20074
9583, -18, 500, 0.20000, 0.19931
9584, -18, 500, 0.20000, 0.19895
9585, -18, 500, 0.20000, 0.20110
9586, -18, 500, 0.20000, 0.19931
9587, -18, 500, 0.20000, 0.20002
9588, -18, 500, 0.20000, 0.20218
9589, -18, 500, 0.20000, 0.20362
9590, -18, 500, 0.20000, 0.19895
9591, -18, 500, 0.20000, 0.20146
9592, -18, 500, 0.20000, 0.19895
9593, -18, 500, 0.20000, 0.19607
9594, -18, 500, 0.20000, 0.19787
9595, -18, 500, 0.20000, 0.19751
9596, -18, 500, 0.20000, 0.20002
9597, -18, 500, 0.20000, 0.19823
9598, -18, 500, 0.20000, 0.20110
9599, -18, 500, 0.20000, 0.19967
9600, -18, 500, 0.20000, 0.19895
9601, -18, 500, 0.20000, 0.19931
9602, -18, 500, 0.20000, 0.20038
9603, -18, 500, 0.20000, 0.19931
9604, -18, 500, 0.20000, 0.19751
9605, -18, 500, 0.20000, 0.19823
9606, -18, 500, 0.20000, 0.19715
9607, -18, 500, 0.20000, 0.20002
9608, -18, 500, 0.20000, 0.20146
9609, -18, 500, 0.20000, 0.20218
9610, -18, 500, 0.20000, 0.19859
9611, -18, 500, 0.20000, 0.20434
9612, -18, 500, 0.20000, 0.20110
9613, -18, 500, 0.20000, 0.19931
9614, -18, 500, 0.20000, 0.19859
9615, -18, 500, 0.20000, 0.20074
9616, -18, 500, 0.20000, 0.20146
9617, -18, 500, 0.20000, 0.20506
9618, -18, 500, 0.20000, 0.19427
9619, -18, 500, 0.20000, 0.19967
9620, -18, 500, 0.20000, 0.20074
9621, -18, 500, 0.20000, 0.20038
9622, -18, 500, 0.20000, 0.20038
9623, -18, 500, 0.20000, 0.19931
9624, -18, 500, 0.20000, 0.19895
9625, -18, 500, 0.20000, 0.20002
9626, -18, 500, 0.20000, 0.20398
9627, -18, 500, 0.20000, 0.20182
9628, -18, 500, 0.20000, 0.20218
9629, -18, 500, 0.20000, 0.20038
9630, -18, 500, 0.20000, 0.19895
9631, -18, 500, 0.20000, 0.20002
9632, -18, 500, 0.20000, 0.20038
9633, -18, 500, 0.20000, 0.19607
9634, -18, 500, 0.20000, 0.21261
9635, -18, 500, 0.20000, 0.19931
9636, -18, 500, 0.20000, 0.20038
9637, -18, 500, 0.20000, 0.20074
9638, -18, 500, 0.20000, 0.20362
9639, -18, 500, 0.20000, 0.19895
9640, -18, 500, 0.20000, 0.19931
9641, -18, 500, 0.20000, 0.20110
9642, -18, 500, 0.20000, 0.19895
9643, -18, 500, 0.20000, 0.19895
9644, -18, 500, 0.20000, 0.20254
9645, -18, 500, 0.20000, 0.20614
9646, -18, 500, 0.20000, 0.19679
9647, -18, 500, 0.20000, 0.19284
9648, -18, 500, 0.20000, 0.19823
9649, -18, 500, 0.20000, 0.20002
9650, -18, 500, 0.20000, 0.19859
9651, -18, 500, 0.20000, 0.20470
9652, -18, 500, 0.20000, 0.19967
9653, -18, 500, 0.20000, 0.20110
9654, -18, 500, 0.20000, 0.18960
9655, -18, 500, 0.20000, 0.19643
9656, -18, 500, 0.20000, 0.20578
9657, -18, 500, 0.20000, 0.19823
9658, -18, 500, 0.20000, 0.20146
9659, -18, 500, 0.20000, 0.20146
9660, -18, 500, 0.20000, 0.20146
9661, -18, 500, 0.20000, 0.19032
9662, -18, 500, 0.20000, 0.19751
9663, -18, 500, 0.20000, 0.19967
9664, -18, 500, 0.20000, 0.20182
9665, -18, 500, 0.20000, 0.20038
9666, -18, 500, 0.20000, 0.19787
9667, -18, 500, 0.20000, 0.19895
9668, -18, 500, 0.20000, 0.20038
9669, -18, 500, 0.20000, 0.20290
9670, -18, 500, 0.20000, 0.20038
9671, -18, 500, 0.20000, 0.20074
9672, -18, 500, 0.20000, 0.19859
9673, -18, 500, 0.20000, 0.19751
9674, -18, 500, 0.20000, 0.20146
9675, -18, 500, 0.20000, 0.19967
9676, -18, 500, 0.20000, 0.20146
9677, -18, 500, 0.20000, 0.19751
9678, -18, 500, 0.20000, 0.19679
9679, -18, 500, 0.20000, 0.19931
9680, -18, 500, 0.20000, 0.20254
9681, -18, 500, 0.20000, 0.20542
9682, -18, 500, 0.20000, 0.19895
9683, -18, 500, 0.20000, 0.19967
9684, -18, 500, 0.20000, 0.20578
9685, -18, 500, 0.20000, 0.20182
9686, -18, 500, 0.20000, 0.18637
9687, -18, 500, 0.20000, 0.20326
9688, -18, 500, 0.20000, 0.20218
9689, -18, 500, 0.20000, 0.19967
9690, -18, 500, 0.20000, 0.20110
9691, -18, 500, 0.20000, 0.19931
9692, -18, 500, 0.20000, 0.19895
9693, -18, 500, 0.20000, 0.19823
9694, -18, 500, 0.20000, 0.20038
9695, -18, 500, 0.20000, 0.20110
9696, -18, 500, 0.20000, 0.20002
9697, -18, 500, 0.20000, 0.19715
9698, -18, 500, 0.20000, 0.20038
9699, -18, 500, 0.20000, 0.20182
9700, -18, 500, 0.20000, 0.19787
9701, -18, 500, 0.20000, 0.20002
9702, -18, 500, 0.20000, 0.20685
9703, -18, 500, 0.20000, 0.19859
9704, -18, 500, 0.20000, 0.20398
9705, -18, 500, 0.20000, 0.18816
9706, -18, 500, 0.20000, 0.19355
9707, -18, 500, 0.20000, 0.19607
9708, -18, 500, 0.20000, 0.19571
9709, -18, 500, 0.20000, 0.19967
9710, -18, 500, 0.20000, 0.20074
9711, -18, 500, 0.20000, 0.19679
9712, -18, 500, 0.20000, 0.20074
9713, -18, 500, 0.20000, 0.19751
9714, -18, 500, 0.20000, 0.20074
9715, -18, 500, 0.20000, 0.20721
9716, -18, 500, 0.20000, 0.19967
9717, -18, 500, 0.20000, 0.19895
9718, -18, 500, 0.20000, 0.20038
9719, -18, 500, 0.20000, 0.19931
9720, -18, 500, 0.20000, 0.20002
9721, -18, 500, 0.20000, 0.19715
9722, -18, 500, 0.20000, 0.19931
9723, -18, 500, 0.20000, 0.20326
9724, -18, 500, 0.20000, 0.19248
9725, -18, 500, 0.20000, 0.19931
9726, -18, 500, 0.20000, 0.20146
9727, -18, 500, 0.20000, 0.20038
9728, -18, 500, 0.20000, 0.19967
9729, -18, 500, 0.20000, 0.20685
9730, -18, 500, 0.20000, 0.20110
9731, -18, 500, 0.20000, 0.20002
9732, -18, 500, 0.20000, 0.18673
9733, -18, 500, 0.00000, 0.19967
9734, -18, 500, 0.00000, 0.20074
9735, -18, 500, 0.00000, 0.20038
9736, -18, 500, 0.00000, 0.19499
9737, -18, 500, 0.00000, 0.19140
9738, -18, 500, 0.00000, 0.18601
9739, -18, 500, 0.00000, 0.17738
9740, -18, 500, 0.00000, 0.16731
9741, -18, 500, 0.00000, 0.15761
9742, -18, 500, 0.00000, 0.15401
9743, -18, 500, 0.00000, 0.14539
9744, -18, 500, 0.00000, 0.13460
9745, -18, 500, 0.00000, 0.12454
9746, -18, 500, 0.00000, 0.11483
9747, -18, 500, 0.00000, 0.10513
9748, -18, 500, 0.00000, 0.09291
9749, -18, 500, 0.00000, 0.08859
9750, -18, 500, 0.00000, 0.07709
9751, -18, 500, 0.00000, 0.07098
9752, -18, 500, 0.00000, 0.06667
9753, -18, 500, 0.00000, 0.05409
9754, -18, 500, 0.00000, 0.04546
9755, -18, 500, 0.00000, 0.03971
9756, -18, 500, 0.00000, 0.03360
9757, -18, 500, 0.00000, 0.02964
9758, -18, 500, 0.00000, 0.02461
9759, -18, 500, 0.00000, 0.01814
9760, -18, 500, 0.00000, 0.01383
9761, -18, 500, 0.00000, 0.01059
9762, -18, 500, 0.00000, 0.00592
9763, -18, 500, 0.00000, 0.00484
9764, -18, 500, 0.00000, 0.01095
9765, -18, 500, 0.00000, -0.00307
9766, -18, 500, 0.00000, -0.00594
9767, -18, 500, 0.00000, -0.00774
9768, -18, 500, 0.00000, -0.00522
9769, -18, 500, 0.00000, -0.00774
9770, -18, 500, 0.00000, -0.01026
9771, -18, 500, 0.00000, -0.01277
9772, -18, 500, 0.00000, -0.00882
9773, -18, 500, 0.00000, -0.01061
9774, -18, 500, 0.00000, -0.00846
9775, -18, 500, 0.00000, -0.00702
9776, -18, 500, 0.00000, -0.01133
9777, -18, 500, 0.00000, -0.01205
9778, -18, 500, 0.00000, -0.00990
9779, -18, 500, 0.00000, -0.00990
9780, -18, 500, 0.00000, -0.00990
9781, -18, 500, 0.00000, -0.01133
9782, -18, 500, 0.00000, -0.00918
9783, -18, 500, 0.00000, -0.00954
9784, -18, 500, 0.00000, -0.00990
9785, -18, 500, 0.00000, -0.00450
9786, -18, 500, 0.00000, -0.00774
9787, -18, 500, 0.00000, -0.00666
9788, -18, 500, 0.00000, -0.00414
9789, -18, 500, 0.00000, -0.00594
9790, -18, 500, 0.00000, -0.00522
9791, -18, 500, 0.00000, -0.00522
9792, -18, 500, 0.00000, -0.00271
9793, -18, 500, 0.00000, -0.00379
9794, -18, 500, 0.00000, -0.00558
9795, -18, 500, 0.00000, -0.00343
9796, -18, 500, 0.00000, -0.00019
9797, -18, 500, 0.00000, -0.00019
9798, -18, 500, 0.00000, -0.00271
9799, -18, 500, 0.00000, -0.00019
9800, -18, 500, 0.00000, -0.00199
9801, -18, 500, 0.00000, -0.00163
9802, -18, 500, 0.00000, 0.00197
9803, -18, 500, 0.00000, 0.00808
9804, -18, 500, 0.00000, 0.00053
9805, -18, 500, 0.00000, 0.00017
9806, -18, 500, 0.00000, 0.00053
9807, -18, 500, 0.00000, 0.00700
9808, -18, 500, 0.00000, -0.00091
9809, -18, 500, 0.00000, -0.00235
9810, -18, 500, 0.00000, 0.00197
9811, -18, 500, 0.00000, 0.00161
9812, -18, 500, 0.00000, -0.00019
9813, -18, 500, 0.00000, -0.00199
9814, -18, 500, 0.00000, -0.00163
9815, -18, 500, 0.00000, 0.00053
9816, -18, 500, 0.00000, 0.00125
9817, -18, 500, 0.00000, -0.00019
9818, -18, 500, 0.00000, 0.00089
9819, -18, 500, 0.00000, -0.00091
9820, -18, 500, 0.00000, 0.00197
9821, -18, 500, 0.00000, 0.00125
9822, -18, 500, 0.00000, 0.00053
9823, -18, 500, 0.00000, -0.00558
9824, -18, 500, 0.00000, 0.00125
9825, -18, 500, 0.00000, 0.00125
9826, -18, 500, 0.00000, 0.00161
9827, -18, 500, 0.00000, 0.00197
9828, -18, 500, 0.00000, 0.00736
9829, -18, 500, 0.00000, 0.00304
9830, -18, 500, 0.00000, 0.00053
9831, -18, 500, 0.00000, 0.00053
9832, -18, 500, 0.00000, -0.00235
9833, -18, 500, 0.00000, 0.00125
9834, -18, 500, 0.00000, 0.00017
9835, -18, 500, 0.00000, -0.00091
9836, -18, 500, 0.00000, 0.00484
9837, -18, 500, 0.00000, 0.00125
9838, -18, 500, 0.00000, 0.00017
9839, -18, 500, 0.00000, -0.00163
9840, -18, 500, 0.00000, -0.00055
9841, -18, 500, 0.00000, -0.00055
9842, -18, 500, 0.00000, 0.00053
9843, -18, 500, 0.00000, 0.00161
9844, -18, 500, 0.00000, 0.00304
9845, -18, 500, 0.00000, -0.00019
9846, -18, 500, 0.00000, -0.00019
9847, -18, 500, 0.00000, -0.00091
9848, -18, 500, 0.00000, 0.00017
9849, -18, 500, 0.00000, 0.00017
9850, -18, 500, 0.00000, 0.00161
9851, -18, 500, 0.00000, 0.00161
9852, -18, 500, 0.00000, -0.01421
9853, -18, 500, 0.00000, 0.00412
9854, -18, 500, 0.00000, -0.00127
9855, -18, 500, 0.00000, -0.00702
9856, -18, 500, 0.00000, 0.00161
9857, -18, 500, 0.00000, -0.00199
9858, -18, 500, 0.00000, 0.00808
9859, -18, 500, 0.00000, -0.00055
9860, -18, 500, 0.00000, 0.00197
9861, -18, 500, 0.00000, 0.00017
9862, -18, 500, 0.00000, -0.00271
9863, -18, 500, 0.00000, -0.00199
9864, -18, 500, 0.00000, -0.00163
9865, -18, 500, 0.00000, 0.00412
9866, -18, 500, 0.00000, -0.00019
9867, -18, 500, 0.00000, 0.00017
9868, -18, 500, 0.00000, 0.00269
9869, -18, 500, 0.00000, 0.00017
9870, -18, 500, 0.00000, -0.00271
9871, -18, 500, 0.00000, -0.00127
9872, -18, 500, 0.00000, -0.00055
9873, -18, 500, 0.00000, -0.00127
9874, -18, 500, 0.00000, -0.00235
9875, -18, 500, 0.00000, -0.00199
9876, -18, 500, 0.00000, 0.00125
9877, -18, 500, 0.00000, 0.00269
9878, -18, 500, 0.00000, 0.00161
9879, -18, 500, 0.00000, 0.00089
9880, -18, 500, 0.00000, 0.00197
9881, -18, 500, 0.00000, 0.00053
9882, -18, 500, 0.00000, -0.00127
9883, -18, 500, 0.00000, -0.00307
9884, -18, 500, 0.00000, 0.00376
9885, -18, 500, 0.00000, -0.00271
9886, -18, 500, 0.00000, 0.00053
9887, -18, 500, 0.00000, -0.00091
9888, -18, 500, 0.00000, -0.00055
9889, -18, 500, 0.00000, 0.00017
9890, -18, 500, 0.00000, 0.00053
9891, -18, 500, 0.00000, 0.00556
9892, -18, 500, 0.00000, 0.00089
9893, -18, 500, 0.00000, 0.00089
9894, -18, 500, 0.00000, 0.00125
9895, -18, 500, 0.00000, 0.00089
9896, -18, 500, 0.00000, -0.00271
9897, -18, 500, 0.00000, -0.00019
9898, -18, 500, 0.00000, -0.00271
9899, -18, 500, 0.00000, -0.00199
9900, -18, 500, 0.00000, 0.00053
9901, -18, 500, 0.00000, 0.00089
9902, -18, 500, 0.00000, 0.00089
9903, -18, 500, 0.00000, -0.00379
9904, -18, 500, 0.00000, 0.00053
9905, -18, 500, 0.00000, -0.00163
9906, -18, 500, 0.00000, 0.00053
9907, -18, 500, 0.00000, 0.00053
9908, -18, 500, 0.00000, -0.00271
9909, -18, 500, 0.00000, -0.00127
9910, -18, 500, 0.00000, -0.00019
9911, -18, 500, 0.00000, -0.00019
9912, -18, 500, 0.00000, -0.00379
9913, -18, 500, 0.00000, -0.00019
9914, -18, 500, 0.00000, 0.00017
9915, -18, 500, 0.00000, -0.00055
9916, -18, 500, 0.00000, -0.00055
9917, -18, 500, 0.00000, 0.00161
9918, -18, 500, 0.00000, -0.00019
9919, -18, 500, 0.00000, -0.00127
9920, -18, 500, 0.00000, 0.00376
9921, -18, 500, 0.00000, 0.00125
9922, -18, 500, 0.00000, -0.00091
9923, -18, 500, 0.00000, -0.00019
9924, -18, 500, 0.00000, -0.00127
9925, -18, 500, 0.00000, -0.00163
9926, -18, 500, 0.00000, -0.00055
9927, -18, 500, 0.00000, 0.00161
9928, -18, 500, 0.00000, 0.00089
9929, -18, 500, 0.00000, -0.01277
9930, -18, 500, 0.00000, 0.00053
9931, -18, 500, 0.00000, -0.00127
9932, -18, 500, 0.00000, -0.00163
9933, -18, 500, 0.00000, 0.00017
9934, -18, 500, 0.00000, -0.00163
9935, -18, 500, 0.00000, 0.00053
9936, -18, 500, 0.00000, -0.00666
9937, -18, 500, 0.00000, -0.00522
9938, -18, 500, 0.00000, -0.00019
9939, -18, 500, 0.00000, 0.00089
9940, -18, 500, 0.00000, 0.00089
9941, -18, 500, 0.00000, -0.00091
9942, -18, 500, 0.00000, -0.00019
9943, -18, 500, 0.00000, 0.00304
9944, -18, 500, 0.00000, -0.00271
9945, -18, 500, 0.00000, -0.00307
9946, -18, 500, 0.00000, -0.00019
9947, -18, 500, 0.00000, -0.00019
9948, -18, 500, 0.00000, 0.00412
9949, -18, 500, 0.00000, 0.00376
9950, -18, 500, 0.00000, -0.00235
9951, -18, 500, 0.00000, -0.00019
9952, -18, 500, 0.00000, -0.00630
9953, -18, 500, 0.00000, -0.00055
9954, -18, 500, 0.00000, -0.00091
9955, -18, 500, 0.00000, 0.00161
9956, -18, 500, 0.00000, -0.00235
9957, -18, 500, 0.00000, 0.00017
9958, -18, 500, 0.00000, 0.00304
9959, -18, 500, 0.00000, 0.00197
9960, -18, 500, 0.00000, 0.00484
9961, -18, 500, 0.00000, -0.00055
9962, -18, 500, 0.00000, -0.00091
9963, -18, 500, 0.00000, 0.00161
9964, -18, 500, 0.00000, 0.00053
9965, -18, 500, 0.00000, -0.00235
9966, -18, 500, 0.00000, -0.00271
9967, -18, 500, 0.00000, 0.00089
9968, -18, 500, 0.00000, 0.00304
9969, -18, 500, 0.00000, 0.00412
9970, -18, 500, 0.00000, 0.00269
9971, -18, 500, 0.00000, 0.00053
9972, -18, 500, 0.00000, -0.00019
9973, -18, 500, 0.00000, 0.00017
9974, -18, 500, 0.00000, 0.00376
9975, -18, 500, 0.00000, 0.00376
9976, -18, 500, 0.00000, -0.00055
9977, -18, 500, 0.00000, 0.00053
9978, -18, 500, 0.00000, -0.00163
9979, -18, 500, 0.00000, -0.00163
9980, -18, 500, 0.00000, 0.00089
9981, -18, 500, 0.00000, -0.00019
9982, -18, 500, 0.00000, 0.00484
9983, -18, 500, 0.00000, -0.00307
9984, -18, 500, 0.00000, 0.00161
9985, -18, 500, 0.00000, 0.00448
9986, -18, 500, 0.00000, -0.00019
9987, -18, 500, 0.00000, 0.00017
9988, -18, 500, 0.00000, 0.00053
9989, -18, 500, 0.00000, 0.00089
9990, -18, 500, 0.00000, -0.00055
9991, -18, 500, 0.00000, -0.00199
9992, -18, 500, 0.00000, -0.00055
9993, -18, 500, 0.00000, -0.00127
9994, -18, 500, 0.00000, 0.00161
9995, -18, 500, 0.00000, 0.00089
9996, -18, 500, 0.00000, -0.00379
9997, -18, 500, 0.00000, 0.00233
9998, -18, 500, 0.00000, -0.00163
9999, -18, 500, 0.00000, 0.00161
10000, -18, 500, 0.00000, 0.00053
10001, -18, 500, 0.00000, -0.00091
10002, -18, 500, 0.00000, 0.00089
10003, -18, 500, 0.00000, 0.00053
10004, -18, 500, 0.00000, -0.00163
10005, -18, 500, 0.00000, 0.00089
10006, -18, 500, 0.00000, -0.00594
10007, -18, 500, 0.00000, -0.00271
10008, -18, 500, 0.00000, -0.00091
10009, -18, 500, 0.00000, 0.00017
10010, -18, 500, 0.00000, 0.00269
10011, -18, 500, 0.00000, 0.00053
10012, -18, 500, 0.00000, -0.00055
10013, -18, 500, 0.00000, -0.00055
10014, -18, 500, 0.00000, 0.00269
10015, -18, 500, 0.00000, -0.00163
10016, -18, 500, 0.00000, -0.00127
10017, -18, 500, 0.00000, 0.00017
10018, -18, 500, 0.00000, 0.00017
10019, -18, 500, 0.00000, -0.00235
10020, -18, 500, 0.00000, 0.00233
10021, -18, 500, 0.00000, -0.00091
10022, -18, 500, 0.00000, -0.00055
10023, -18, 500, 0.00000, -0.00019
10024, -18, 500, 0.00000, -0.00055
10025, -18, 500, 0.00000, 0.00017
10026, -18, 500, 0.00000, 0.00161
10027, -18, 500, 0.00000, 0.00017
10028, -18, 500, 0.00000, -0.00019
10029, -18, 500, 0.00000, 0.00556
10030, -18, 500, 0.00000, -0.00055
10031, -18, 500, 0.00000, -0.00055
10032, -18, 500, 0.00000, 0.00089
10033, -18, 500, 0.00000, -0.00307
10034, -18, 500, 0.00000, 0.00125
10035, -18, 500, 0.00000, -0.00091
10036, -18, 500, 0.00000, -0.00091
10037, -18, 500, 0.00000, -0.00055
10038, -18, 500, 0.00000, -0.00199
10039, -18, 500, 0.00000, 0.00269
10040, -18, 500, 0.00000, -0.00091
10041, -18, 500, 0.00000, 0.00053
10042, -18, 500, 0.00000, -0.00127
10043, -18, 500, 0.00000, 0.00233
10044, -18, 500, 0.00000, -0.00019
10045, -18, 500, 0.00000, 0.00340
10046, -18, 500, 0.00000, 0.00161
10047, -18, 500, 0.00000, -0.01601
10048, -18, 500, 0.00000, 0.00340
10049, -18, 500, 0.00000, -0.00055
10050, -18, 500, 0.00000, 0.00412
10051, -18, 500, 0.00000, -0.00055
10052, -18, 500, 0.00000, 0.00197
10053, -18, 500, 0.00000, -0.00127
10054, -18, 500, 0.00000, -0.00091
10055, -18, 500, 0.00000, 0.00017
10056, -18, 500, 0.00000, 0.00269
10057, -18, 500, 0.00000, -0.00091
10058, -18, 500, 0.00000, 0.00233
10059, -18, 500, 0.00000, 0.00053
10060, -18, 500, 0.00000, -0.00163
10061, -18, 500, 0.00000, -0.00235
10062, -18, 500, 0.00000, 0.00053
10063, -18, 500, 0.00000, -0.00127
10064, -18, 500, 0.00000, 0.00089
10065, -18, 500, 0.00000, 0.00412
10066, -18, 500, 0.00000, 0.00592
10067, -18, 500, 0.00000, -0.00091
10068, -18, 500, 0.00000, 0.00556
10069, -18, 500, 0.00000, -0.00091
10070, -18, 500, 0.00000, -0.00379
10071, -18, 500, 0.00000, 0.00089
10072, -18, 500, 0.00000, -0.01205
10073, -18, 500, 0.00000, 0.00089
10074, -18, 500, 0.00000, -0.00271
10075, -18, 500, 0.00000, -0.01313
10076, -18, 500, 0.00000, -0.00379
10077, -18, 500, 0.00000, -0.00199
10078, -18, 500, 0.00000, 0.00125
10079, -18, 500, 0.00000, 0.00376
10080, -18, 500, 0.00000, -0.00414
10081, -18, 500, 0.00000, 0.00376
10082, -18, 500, 0.00000, -0.00127
10083, -18, 500, 0.00000, -0.00019
10084, -18, 500, 0.00000, -0.00019
10085, -18, 500, 0.00000, 0.00161
10086, -18, 500, 0.00000, -0.01061
10087, -18, 500, 0.00000, -0.00271
10088, -18, 500, 0.00000, -0.00414
10089, -18, 500, 0.00000, 0.00484
10090, -18, 500, 0.00000, 0.00053
10091, -18, 500, 0.00000, -0.00163
10092, -18, 500, 0.00000, 0.00412
10093, -18, 500, 0.00000, 0.00017
10094, -18, 500, 0.00000, -0.00127
10095, -18, 500, 0.00000, 0.00017
10096, -18, 500, 0.00000, 0.00161
10097, -18, 500, 0.00000, -0.00055
10098, -18, 500, 0.00000, 0.00017
10099, -18, 500, 0.00000, -0.00055
10100, -18, 500, 0.00000, -0.00019
10101, -18, 500, 0.00000, -0.00019
10102, -18, 500, 0.00000, -0.00163
10103, -18, 500, 0.00000, -0.00307
10104, -18, 500, 0.00000, 0.00700
10105, -18, 500, 0.00000, -0.00127
10106, -18, 500, 0.00000, -0.00343
10107, -18, 500, 0.00000, -0.00055
10108, -18, 500, 0.00000, -0.00882
10109, -18, 500, 0.00000, -0.00522
10110, -18, 500, 0.00000, 0.00269
10111, -18, 500, 0.00000, 0.00161
10112, -18, 500, 0.00000, -0.00127
10113, -18, 500, 0.00000, -0.00127
10114, -18, 500, 0.00000, 0.00161
10115, -18, 500, 0.00000, -0.00019
10116, -18, 500, 0.00000, 0.00161
10117, -18, 500, 0.00000, -0.00163
10118, -18, 500, 0.00000, 0.00017
10119, -18, 500, 0.00000, -0.00522
10120, -18, 500, 0.00000, 0.00017
10121, -18, 500, 0.00000, -0.00163
10122, -18, 500, 0.00000, 0.00125
10123, -18, 500, 0.00000, 0.00304
10124, -18, 500, 0.00000, 0.00233
10125, -18, 500, 0.00000, -0.00127
10126, -18, 500, 0.00000, -0.00127
10127, -18, 500, 0.00000, -0.00127
10128, -18, 500, 0.00000, 0.00161
10129, -18, 500, 0.00000, 0.00304
10130, -18, 500, 0.00000, -0.00379
10131, -18, 500, 0.00000, -0.00091
10132, -18, 500, 0.00000, -0.00127
10133, -18, 500, 0.20000, 0.00269
10134, -18, 500, 0.20000, -0.00127
10135, -18, 500, 0.20000, -0.00343
10136, -18, 500, 0.20000, 0.00664
10137, -18, 500, 0.20000, 0.00592
10138, -18, 500, 0.20000, 0.01455
10139, -18, 500, 0.20000, 0.02317
10140, -18, 500, 0.20000, 0.02964
10141, -18, 500, 0.20000, 0.04043
10142, -18, 500, 0.20000, 0.04834
10143, -18, 500, 0.20000, 0.05768
10144, -18, 500, 0.20000, 0.06739
10145, -18, 500, 0.20000, 0.07494
10146, -18, 500, 0.20000, 0.07817
10147, -18, 500, 0.20000, 0.09722
10148, -18, 500, 0.20000, 0.11196
10149, -18, 500, 0.20000, 0.11663
10150, -18, 500, 0.20000, 0.12346
10151, -18, 500, 0.20000, 0.13281
10152, -18, 500, 0.20000, 0.13928
10153, -18, 500, 0.20000, 0.14647
10154, -18, 500, 0.20000, 0.15833
10155, -18, 500, 0.20000, 0.16300
10156, -18, 500, 0.20000, 0.16049
10157, -18, 500, 0.20000, 0.17378
10158, -18, 500, 0.20000, 0.17810
10159, -18, 500, 0.20000, 0.18421
10160, -18, 500, 0.20000, 0.19571
10161, -18, 500, 0.20000, 0.18960
10162, -18, 500, 0.20000, 0.19643
10163, -18, 500, 0.20000, 0.20074
10164, -18, 500, 0.20000, 0.20074
10165, -18, 500, 0.20000, 0.21368
10166, -18, 500, 0.20000, 0.20578
10167, -18, 500, 0.20000, 0.20685
10168, -18, 500, 0.20000, 0.20721
10169, -18, 500, 0.20000, 0.20901
10170, -18, 500, 0.20000, 0.20901
10171, -18, 500, 0.20000, 0.21332
10172, -18, 500, 0.20000, 0.19895
10173, -18, 500, 0.20000, 0.21189
10174, -18, 500, 0.20000, 0.21332
10175, -18, 500, 0.20000, 0.21009
10176, -18, 500, 0.20000, 0.20937
10177, -18, 500, 0.20000, 0.20721
10178, -18, 500, 0.20000, 0.20614
10179, -18, 500, 0.20000, 0.21153
10180, -18, 500, 0.20000, 0.21189
10181, -18, 500, 0.20000, 0.20901
10182, -18, 500, 0.20000, 0.20865
10183, -18, 500, 0.20000, 0.21404
10184, -18, 500, 0.20000, 0.20793
10185, -18, 500, 0.20000, 0.20578
10186, -18, 500, 0.20000, 0.20506
10187, -18, 500, 0.20000, 0.20901
10188, -18, 500, 0.20000, 0.20901
10189, -18, 500, 0.20000, 0.20793
10190, -18, 500, 0.20000, 0.20290
10191, -18, 500, 0.20000, 0.20434
10192, -18, 500, 0.20000, 0.20398
10193, -18, 500, 0.20000, 0.20038
10194, -18, 500, 0.20000, 0.20002
10195, -18, 500, 0.20000, 0.20326
10196, -18, 500, 0.20000, 0.19859
10197, -18, 500, 0.20000, 0.19859
10198, -18, 500, 0.20000, 0.19931
10199, -18, 500, 0.20000, 0.19895
10200, -18, 500, 0.20000, 0.19859
10201, -18, 500, 0.20000, 0.19823
10202, -18, 500, 0.20000, 0.20326
10203, -18, 500, 0.20000, 0.19535
10204, -18, 500, 0.20000, 0.19859
10205, -18, 500, 0.20000, 0.19787
10206, -18, 500, 0.20000, 0.19571
10207, -18, 500, 0.20000, 0.19751
10208, -18, 500, 0.20000, 0.19823
10209, -18, 500, 0.20000, 0.19895
10210, -18, 500, 0.20000, 0.19895
10211, -18, 500, 0.20000, 0.20218
10212, -18, 500, 0.20000, 0.19643
10213, -18, 500, 0.20000, 0.19787
10214, -18, 500, 0.20000, 0.20362
10215, -18, 500, 0.20000, 0.20434
10216, -18, 500, 0.20000, 0.19823
10217, -18, 500, 0.20000, 0.20002
10218, -18, 500, 0.20000, 0.19715
10219, -18, 500, 0.20000, 0.20110
10220, -18, 500, 0.20000, 0.19859
10221, -18, 500, 0.20000, 0.19463
10222, -18, 500, 0.20000, 0.19967
10223, -18, 500, 0.20000, 0.19931
10224, -18, 500, 0.20000, 0.20038
10225, -18, 500, 0.20000, 0.19679
10226, -18, 500, 0.20000, 0.19643
10227, -18, 500, 0.20000, 0.19859
10228, -18, 500, 0.20000, 0.20038
10229, -18, 500, 0.20000, 0.20146
10230, -18, 500, 0.20000, 0.19859
10231, -18, 500, 0.20000, 0.19967
10232, -18, 500, 0.20000, 0.19895
10233, -18, 500, 0.20000, 0.19895
10234, -18, 500, 0.20000, 0.20074
10235, -18, 500, 0.20000, 0.19391
10236, -18, 500, 0.20000, 0.19751
10237, -18, 500, 0.20000, 0.19895
10238, -18, 500, 0.20000, 0.20146
10239, -18, 500, 0.20000, 0.18744
10240, -18, 500, 0.20000, 0.20038
10241, -18, 500, 0.20000, 0.19823
10242, -18, 500, 0.20000, 0.19895
10243, -18, 500, 0.20000, 0.19931
10244, -18, 500, 0.20000, 0.19787
10245, -18, 500, 0.20000, 0.19931
10246, -18, 500, 0.20000, 0.20362
10247, -18, 500, 0.20000, 0.19823
10248, -18, 500, 0.20000, 0.20110
10249, -18, 500, 0.20000, 0.18493
10250, -18, 500, 0.20000, 0.19859
10251, -18, 500, 0.20000, 0.20146
10252, -18, 500, 0.20000, 0.19895
10253, -18, 500, 0.20000, 0.19643
10254, -18, 500, 0.20000, 0.19607
10255, -18, 500, 0.20000, 0.20074
10256, -18, 500, 0.20000, 0.19967
10257, -18, 500, 0.20000, 0.19787
10258, -18, 500, 0.20000, 0.19787
10259, -18, 500, 0.20000, 0.19787
10260, -18, 500, 0.20000, 0.20146
10261, -18, 500, 0.20000, 0.19823
10262, -18, 500, 0.20000, 0.19967
10263, -18, 500, 0.20000, 0.19931
10264, -18, 500, 0.20000, 0.19787
10265, -18, 500, 0.20000, 0.19967
10266, -18, 500, 0.20000, 0.19931
10267, -18, 500, 0.20000, 0.20002
10268, -18, 500, 0.20000, 0.20110
10269, -18, 500, 0.20000, 0.19931
10270, -18, 500, 0.20000, 0.20326
10271, -18, 500, 0.20000, 0.19967
10272, -18, 500, 0.20000, 0.19895
10273, -18, 500, 0.20000, 0.18673
10274, -18, 500, 0.20000, 0.19823
10275, -18, 500, 0.20000, 0.19823
10276, -18, 500, 0.20000, 0.19931
10277, -18, 500, 0.20000, 0.19751
10278, -18, 500, 0.20000, 0.20074
10279, -18, 500, 0.20000, 0.20542
10280, -18, 500, 0.20000, 0.20182
10281, -18, 500, 0.20000, 0.19248
10282, -18, 500, 0.20000, 0.20362
10283, -18, 500, 0.20000, 0.20038
10284, -18, 500, 0.20000, 0.19391
10285, -18, 500, 0.20000, 0.19427
10286, -18, 500, 0.20000, 0.20002
10287, -18, 500, 0.20000, 0.19679
10288, -18, 500, 0.20000, 0.20146
10289, -18, 500, 0.20000, 0.20002
10290, -18, 500, 0.20000, 0.19823
10291, -18, 500, 0.20000, 0.19751
10292, -18, 500, 0.20000, 0.19931
10293, -18, 500, 0.20000, 0.20146
10294, -18, 500, 0.20000, 0.19967
10295, -18, 500, 0.20000, 0.19859
10296, -18, 500, 0.20000, 0.20002
10297, -18, 500, 0.20000, 0.19967
10298, -18, 500, 0.20000, 0.20146
10299, -18, 500, 0.20000, 0.19823
10300, -18, 500, 0.20000, 0.19787
10301, -18, 500, 0.20000, 0.20182
10302, -18, 500, 0.20000, 0.19823
10303, -18, 500, 0.20000, 0.19607
10304, -18, 500, 0.20000, 0.19715
10305, -18, 500, 0.20000, 0.19823
10306, -18, 500, 0.20000, 0.20182
10307, -18, 500, 0.20000, 0.18816
10308, -18, 500, 0.20000, 0.19967
10309, -18, 500, 0.20000, 0.20901
10310, -18, 500, 0.20000, 0.20038
10311, -18, 500, 0.20000, 0.20362
10312, -18, 500, 0.20000, 0.20110
10313, -18, 500, 0.20000, 0.19607
10314, -18, 500, 0.20000, 0.19967
10315, -18, 500, 0.20000, 0.20721
10316, -18, 500, 0.20000, 0.20002
10317, -18, 500, 0.20000, 0.20074
10318, -18, 500, 0.20000, 0.19967
10319, -18, 500, 0.20000, 0.19931
10320, -18, 500, 0.20000, 0.19535
10321, -18, 500, 0.20000, 0.20110
10322, -18, 500, 0.20000, 0.19751
10323, -18, 500, 0.20000, 0.19967
10324, -18, 500, 0.20000, 0.19679
10325, -18, 500, 0.20000, 0.19607
10326, -18, 500, 0.20000, 0.20218
10327, -18, 500, 0.20000, 0.20254
10328, -18, 500, 0.20000, 0.19787
10329, -18, 500, 0.20000, 0.19859
10330, -18, 500, 0.20000, 0.20038
10331, -18, 500, 0.20000, 0.20002
10332, -18, 500, 0.20000, 0.19391
10333, -18, 500, 0.20000, 0.20290
10334, -18, 500, 0.20000, 0.19643
10335, -18, 500, 0.20000, 0.19140
10336, -18, 500, 0.20000, 0.19895
10337, -18, 500, 0.20000, 0.19967
10338, -18, 500, 0.20000, 0.20182
10339, -18, 500, 0.20000, 0.19967
10340, -18, 500, 0.20000, 0.19859
10341, -18, 500, 0.20000, 0.19535
10342, -18, 500, 0.20000, 0.20506
10343, -18, 500, 0.20000, 0.19967
10344, -18, 500, 0.20000, 0.19823
10345, -18, 500, 0.20000, 0.20038
10346, -18, 500, 0.20000, 0.19931
10347, -18, 500, 0.20000, 0.19931
10348, -18, 500, 0.20000, 0.20146
10349, -18, 500, 0.20000, 0.19535
10350, -18, 500, 0.20000, 0.19859
10351, -18, 500, 0.20000, 0.20002
10352, -18, 500, 0.20000, 0.20074
10353, -18, 500, 0.20000, 0.20038
10354, -18, 500, 0.20000, 0.20757
10355, -18, 500, 0.20000, 0.20110
10356, -18, 500, 0.20000, 0.20290
10357, -18, 500, 0.20000, 0.20002
10358, -18, 500, 0.20000, 0.20110
10359, -18, 500, 0.20000, 0.19607
10360, -18, 500, 0.20000, 0.20074
10361, -18, 500, 0.20000, 0.19607
10362, -18, 500, 0.20000, 0.19931
10363, -18, 500, 0.20000, 0.19967
10364, -18, 500, 0.20000, 0.19859
10365, -18, 500, 0.20000, 0.20074
10366, -18, 500, 0.20000, 0.20254
10367, -18, 500, 0.20000, 0.19895
10368, -18, 500, 0.20000, 0.20218
10369, -18, 500, 0.20000, 0.20038
10370, -18, 500, 0.20000, 0.19895
10371, -18, 500, 0.20000, 0.19931
10372, -18, 500, 0.20000, 0.19895
10373, -18, 500, 0.20000, 0.20146
10374, -18, 500, 0.20000, 0.19967
10375, -18, 500, 0.20000, 0.19931
10376, -18, 500, 0.20000, 0.20146
10377, -18, 500, 0.20000, 0.19751
10378, -18, 500, 0.20000, 0.19931
10379, -18, 500, 0.20000, 0.19967
10380, -18, 500, 0.20000, 0.19931
10381, -18, 500, 0.20000, 0.20218
10382, -18, 500, 0.20000, 0.19967
10383, -18, 500, 0.20000, 0.19823
10384, -18, 500, 0.20000, 0.19931
10385, -18, 500, 0.20000, 0.20326
10386, -18, 500, 0.20000, 0.20038
10387, -18, 500, 0.20000, 0.20038
10388, -18, 500, 0.20000, 0.20110
10389, -18, 500, 0.20000, 0.19859
10390, -18, 500, 0.20000, 0.20002
10391, -18, 500, 0.20000, 0.20254
10392, -18, 500, 0.20000, 0.19751
10393, -18, 500, 0.20000, 0.19463
10394, -18, 500, 0.20000, 0.20146
10395, -18, 500, 0.20000, 0.20038
10396, -18, 500, 0.20000, 0.19787
10397, -18, 500, 0.20000, 0.19895
10398, -18, 500, 0.20000, 0.19931
10399, -18, 500, 0.20000, 0.19967
10400, -18, 500, 0.20000, 0.18996
10401, -18, 500, 0.20000, 0.19967
10402, -18, 500, 0.20000, 0.20074
10403, -18, 500, 0.20000, 0.19967
10404, -18, 500, 0.20000, 0.20074
10405, -18, 500, 0.20000, 0.20146
10406, -18, 500, 0.20000, 0.20110
10407, -18, 500, 0.20000, 0.19607
10408, -18, 500, 0.20000, 0.19751
10409, -18, 500, 0.20000, 0.19967
10410, -18, 500, 0.20000, 0.19967
10411, -18, 500, 0.20000, 0.19787
10412, -18, 500, 0.20000, 0.19715
10413, -18, 500, 0.20000, 0.20146
10414, -18, 500, 0.20000, 0.19859
10415, -18, 500, 0.20000, 0.20074
10416, -18, 500, 0.20000, 0.20002
10417, -18, 500, 0.20000, 0.20002
10418, -18, 500, 0.20000, 0.18205
10419, -18, 500, 0.20000, 0.20326
10420, -18, 500, 0.20000, 0.20218
10421, -18, 500, 0.20000, 0.18205
10422, -18, 500, 0.20000, 0.19212
10423, -18, 500, 0.20000, 0.19931
10424, -18, 500, 0.20000, 0.20038
10425, -18, 500, 0.20000, 0.20110
10426, -18, 500, 0.20000, 0.19859
10427, -18, 500, 0.20000, 0.20074
10428, -18, 500, 0.20000, 0.20182
10429, -18, 500, 0.20000, 0.20254
10430, -18, 500, 0.20000, 0.19967
10431, -18, 500, 0.20000, 0.19859
10432, -18, 500, 0.20000, 0.20182
10433, -18, 500, 0.20000, 0.20074
10434, -18, 500, 0.20000, 0.20002
10435, -18, 500, 0.20000, 0.18852
10436, -18, 500, 0.20000, 0.19967
10437, -18, 500, 0.20000, 0.19967
10438, -18, 500, 0.20000, 0.19895
10439, -18, 500, 0.20000, 0.19859
10440, -18, 500, 0.20000, 0.20002
10441, -18, 500, 0.20000, 0.19895
10442, -18, 500, 0.20000, 0.20074
10443, -18, 500, 0.20000, 0.19967
10444, -18, 500, 0.20000, 0.20002
10445, -18, 500, 0.20000, 0.20326
10446, -18, 500, 0.20000, 0.20470
10447, -18, 500, 0.20000, 0.19895
10448, -18, 500, 0.20000, 0.20146
10449, -18, 500, 0.20000, 0.20650
10450, -18, 500, 0.20000, 0.20038
10451, -18, 500, 0.20000, 0.20146
10452, -18, 500, 0.20000, 0.19895
10453, -18, 500, 0.20000, 0.20182
10454, -18, 500, 0.20000, 0.18637
10455, -18, 500, 0.20000, 0.19535
10456, -18, 500, 0.20000, 0.19967
10457, -18, 500, 0.20000, 0.20146
10458, -18, 500, 0.20000, 0.20038
10459, -18, 500, 0.20000, 0.19895
10460, -18, 500, 0.20000, 0.19679
10461, -18, 500, 0.20000, 0.19751
10462, -18, 500, 0.20000, 0.20110
10463, -18, 500, 0.20000, 0.20002
10464, -18, 500, 0.20000, 0.20002
10465, -18, 500, 0.20000, 0.20182
10466, -18, 500, 0.20000, 0.20110
10467, -18, 500, 0.20000, 0.19895
10468, -18, 500, 0.20000, 0.19751
10469, -18, 500, 0.20000, 0.19859
10470, -18, 500, 0.20000, 0.20074
10471, -18, 500, 0.20000, 0.20002
10472, -18, 500, 0.20000, 0.19895
10473, -18, 500, 0.20000, 0.20002
10474, -18, 500, 0.20000, 0.20110
10475, -18, 500, 0.20000, 0.20002
10476, -18, 500, 0.20000, 0.19535
10477, -18, 500, 0.20000, 0.20038
10478, -18, 500, 0.20000, 0.20110
10479, -18, 500, 0.20000, 0.19967
10480, -18, 500, 0.20000, 0.20578
10481, -18, 500, 0.20000, 0.20002
10482, -18, 500, 0.20000, 0.20218
10483, -18, 500, 0.20000, 0.20002
10484, -18, 500, 0.20000, 0.20038
10485, -18, 500, 0.20000, 0.19859
10486, -18, 500, 0.20000, 0.20074
10487, -18, 500, 0.20000, 0.19967
10488, -18, 500, 0.20000, 0.20002
10489, -18, 500, 0.20000, 0.20326
10490, -18, 500, 0.20000, 0.20002
10491, -18, 500, 0.20000, 0.20002
10492, -18, 500, 0.20000, 0.19931
10493, -18, 500, 0.20000, 0.20002
10494, -18, 500, 0.20000, 0.20074
10495, -18, 500, 0.20000, 0.18744
10496, -18, 500, 0.20000, 0.19931
10497, -18, 500, 0.20000, 0.20002
10498, -18, 500, 0.20000, 0.19823
10499, -18, 500, 0.20000, 0.19823
10500, -18, 500, 0.20000, 0.19859
10501, -18, 500, 0.20000, 0.19931
10502, -18, 500, 0.20000, 0.19032
10503, -18, 500, 0.20000, 0.19859
10504, -18, 500, 0.20000, 0.19895
10505, -18, 500, 0.20000, 0.19859
10506, -18, 500, 0.20000, 0.20002
10507, -18, 500, 0.20000, 0.19967
10508, -18, 500, 0.20000, 0.19391
10509, -18, 500, 0.20000, 0.18637
10510, -18, 500, 0.20000, 0.19823
10511, -18, 500, 0.20000, 0.20074
10512, -18, 500, 0.20000, 0.20182
10513, -18, 500, 0.20000, 0.20038
10514, -18, 500, 0.20000, 0.19679
10515, -18, 500, 0.20000, 0.19931
10516, -18, 500, 0.20000, 0.19967
10517, -18, 500, 0.20000, 0.19931
10518, -18, 500, 0.20000, 0.19859
10519, -18, 500, 0.20000, 0.19823
10520, -18, 500, 0.20000, 0.20218
10521, -18, 500, 0.20000, 0.19787
10522, -18, 500, 0.20000, 0.19895
10523, -18, 500, 0.20000, 0.19787
10524, -18, 500, 0.20000, 0.20038
10525, -18, 500, 0.20000, 0.20182
10526, -18, 500, 0.20000, 0.19859
10527, -18, 500, 0.20000, 0.19967
10528, -18, 500, 0.20000, 0.19859
10529, -18, 500, 0.00000, 0.20146
10530, -18, 500, 0.00000, 0.19823
10531, -18, 500, 0.00000, 0.20146
10532, -18, 500, 0.00000, 0.19751
10533, -18, 500, 0.00000, 0.19104
10534, -18, 500, 0.00000, 0.18601
10535, -18, 500, 0.00000, 0.17558
10536, -18, 500, 0.00000, 0.16731
10537, -18, 500, 0.00000, 0.15761
10538, -18, 500, 0.00000, 0.14862
10539, -18, 500, 0.00000, 0.14143
10540, -18, 500, 0.00000, 0.13137
10541, -18, 500, 0.00000, 0.12238
10542, -18, 500, 0.00000, 0.11232
10543, -18, 500, 0.00000, 0.10441
10544, -18, 500, 0.00000, 0.09722
10545, -18, 500, 0.00000, 0.08572
10546, -18, 500, 0.00000, 0.07350
10547, -18, 500, 0.00000, 0.06487
10548, -18, 500, 0.00000, 0.05840
10549, -18, 500, 0.00000, 0.05013
10550, -18, 500, 0.00000, 0.04402
10551, -18, 500, 0.00000, 0.03575
10552, -18, 500, 0.00000, 0.02713
10553, -18, 500, 0.00000, 0.02317
10554, -18, 500, 0.00000, 0.01958
10555, -18, 500, 0.00000, 0.01131
10556, -18, 500, 0.00000, 0.01059
10557, -18, 500, 0.00000, 0.00700
10558, -18, 500, 0.00000, 0.00340
10559, -18, 500, 0.00000, 0.00017
10560, -18, 500, 0.00000, -0.00882
10561, -18, 500, 0.00000, -0.00343
10562, -18, 500, 0.00000, -0.00271
10563, -18, 500, 0.00000, -0.01026
10564, -18, 500, 0.00000, -0.01205
10565, -18, 500, 0.00000, -0.00702
10566, -18, 500, 0.00000, -0.01205
10567, -18, 500, 0.00000, -0.01457
10568, -18, 500, 0.00000, -0.01097
10569, -18, 500, 0.00000, -0.01205
10570, -18, 500, 0.00000, -0.01421
10571, -18, 500, 0.00000, -0.01493
10572, -18, 500, 0.00000, -0.01061
10573, -18, 500, 0.00000, -0.01169
10574, -18, 500, 0.00000, -0.01277
10575, -18, 500, 0.00000, -0.01960
10576, -18, 500, 0.00000, -0.01061
10577, -18, 500, 0.00000, -0.01133
10578, -18, 500, 0.00000, -0.00163
10579, -18, 500, 0.00000, -0.00954
10580, -18, 500, 0.00000, -0.00055
10581, -18, 500, 0.00000, -0.00522
10582, -18, 500, 0.00000, -0.00558
10583, -18, 500, 0.00000, -0.00486
10584, -18, 500, 0.00000, -0.00163
10585, -18, 500, 0.00000, -0.00486
10586, -18, 500, 0.00000, -0.00450
10587, -18, 500, 0.00000, 0.00161
10588, -18, 500, 0.00000, -0.00450
10589, -18, 500, 0.00000, 0.00017
10590, -18, 500, 0.00000, -0.00486
10591, -18, 500, 0.00000, 0.00017
10592, -18, 500, 0.00000, -0.00019
10593, -18, 500, 0.00000, 0.00053
10594, -18, 500, 0.00000, 0.00161
10595, -18, 500, 0.00000, 0.00233
10596, -18, 500, 0.00000, -0.00019
10597, -18, 500, 0.00000, -0.00163
10598, -18, 500, 0.00000, 0.00520
10599, -18, 500, 0.00000, -0.00271
10600, -18, 500, 0.00000, 0.00197
10601, -18, 500, 0.00000, -0.00019
10602, -18, 500, 0.00000, -0.00091
10603, -18, 500, 0.00000, -0.00307
10604, -18, 500, 0.00000, 0.00304
10605, -18, 500, 0.00000, 0.00017
10606, -18, 500, 0.00000, 0.00269
10607, -18, 500, 0.00000, 0.00233
10608, -18, 500, 0.00000, -0.00450
10609, -18, 500, 0.00000, 0.00700
10610, -18, 500, 0.00000, -0.00127
10611, -18, 500, 0.00000, 0.00089
10612, -18, 500, 0.00000, 0.00053
10613, -18, 500, 0.00000, 0.00161
10614, -18, 500, 0.00000, 0.00053
10615, -18, 500, 0.00000, -0.00199
10616, -18, 500, 0.00000, 0.00017
10617, -18, 500, 0.00000, 0.00053
10618, -18, 500, 0.00000, 0.00340
10619, -18, 500, 0.00000, -0.00163
10620, -18, 500, 0.00000, 0.00161
10621, -18, 500, 0.00000, 0.00197
10622, -18, 500, 0.00000, 0.00017
10623, -18, 500, 0.00000, -0.01457
10624, -18, 500, 0.00000, -0.00091
10625, -18, 500, 0.00000, 0.00161
10626, -18, 500, 0.00000, 0.00017
10627, -18, 500, 0.00000, -0.00343
10628, -18, 500, 0.00000, -0.00019
10629, -18, 500, 0.00000, 0.00448
10630, -18, 500, 0.00000, 0.00304
10631, -18, 500, 0.00000, 0.00161
10632, -18, 500, 0.00000, -0.00379
10633, -18, 500, 0.00000, 0.00017
10634, -18, 500, 0.00000, 0.00017
10635, -18, 500, 0.00000, -0.00163
10636, -18, 500, 0.00000, -0.00019
10637, -18, 500, 0.00000, 0.00304
10638, -18, 500, 0.00000, -0.00414
10639, -18, 500, 0.00000, -0.00163
10640, -18, 500, 0.00000, 0.00484
10641, -18, 500, 0.00000, 0.00089
10642, -18, 500, 0.00000, -0.00055
10643, -18, 500, 0.00000, -0.00019
10644, -18, 500, 0.00000, -0.00343
10645, -18, 500, 0.00000, 0.00017
10646, -18, 500, 0.00000, 0.00304
10647, -18, 500, 0.00000, 0.00592
10648, -18, 500, 0.00000, 0.00376
10649, -18, 500, 0.00000, -0.00163
10650, -18, 500, 0.00000, 0.00017
10651, -18, 500, 0.00000, 0.00304
10652, -18, 500, 0.00000, 0.00197
10653, -18, 500, 0.00000, -0.00055
10654, -18, 500, 0.00000, 0.00304
10655, -18, 500, 0.00000, 0.00340
10656, -18, 500, 0.00000, -0.00127
10657, -18, 500, 0.00000, -0.00163
10658, -18, 500, 0.00000, 0.00161
10659, -18, 500, 0.00000, -0.00019
10660, -18, 500, 0.00000, -0.00127
10661, -18, 500, 0.00000, -0.00055
10662, -18, 500, 0.00000, 0.00053
10663, -18, 500, 0.00000, 0.00412
10664, -18, 500, 0.00000, -0.00055
10665, -18, 500, 0.00000, 0.00017
10666, -18, 500, 0.00000, -0.00055
10667, -18, 500, 0.00000, -0.00019
10668, -18, 500, 0.00000, 0.00197
10669, -18, 500, 0.00000, 0.00592
10670, -18, 500, 0.00000, 0.00089
10671, -18, 500, 0.00000, 0.00053
10672, -18, 500, 0.00000, -0.00055
10673, -18, 500, 0.00000, -0.00055
10674, -18, 500, 0.00000, 0.00340
10675, -18, 500, 0.00000, -0.00271
10676, -18, 500, 0.00000, -0.00055
10677, -18, 500, 0.00000, -0.00019
10678, -18, 500, 0.00000, 0.00161
10679, -18, 500, 0.00000, -0.00235
10680, -18, 500, 0.00000, 0.00484
10681, -18, 500, 0.00000, 0.00053
10682, -18, 500, 0.00000, -0.00163
10683, -18, 500, 0.00000, 0.00053
10684, -18, 500, 0.00000, 0.00089
10685, -18, 500, 0.00000, 0.00161
10686, -18, 500, 0.00000, -0.00091
10687, -18, 500, 0.00000, -0.00091
10688, -18, 500, 0.00000, -0.01277
10689, -18, 500, 0.00000, 0.00089
10690, -18, 500, 0.00000, -0.00055
10691, -18, 500, 0.00000, 0.00125
10692, -18, 500, 0.00000, -0.00127
10693, -18, 500, 0.00000, -0.00307
10694, -18, 500, 0.00000, 0.00125
10695, -18, 500, 0.00000, -0.00091
10696, -18, 500, 0.00000, -0.00199
10697, -18, 500, 0.00000, 0.00161
10698, -18, 500, 0.00000, -0.00091
10699, -18, 500, 0.00000, -0.00127
10700, -18, 500, 0.00000, -0.01816
10701, -18, 500, 0.00000, 0.00125
10702, -18, 500, 0.00000, 0.00125
10703, -18, 500, 0.00000, -0.00019
10704, -18, 500, 0.00000, -0.00199
10705, -18, 500, 0.00000, -0.00091
10706, -18, 500, 0.00000, 0.00089
10707, -18, 500, 0.00000, -0.00199
10708, -18, 500, 0.00000, 0.00161
10709, -18, 500, 0.00000, -0.00019
10710, -18, 500, 0.00000, -0.00127
10711, -18, 500, 0.00000, -0.00163
10712, -18, 500, 0.00000, 0.00376
10713, -18, 500, 0.00000, -0.00019
10714, -18, 500, 0.00000, -0.00271
10715, -18, 500, 0.00000, 0.00412
10716, -18, 500, 0.00000, 0.00017
10717, -18, 500, 0.00000, 0.00269
10718, -18, 500, 0.00000, 0.00161
10719, -18, 500, 0.00000, 0.00017
10720, -18, 500, 0.00000, 0.00053
10721, -18, 500, 0.00000, 0.00520
10722, -18, 500, 0.00000, -0.00055
10723, -18, 500, 0.00000, 0.00017
10724, -18, 500, 0.00000, 0.00017
10725, -18, 500, 0.00000, -0.00055
10726, -18, 500, 0.00000, -0.00127
10727, -18, 500, 0.00000, -0.00127
10728, -18, 500, 0.00000, 0.00017
10729, -18, 500, 0.00000, 0.00520
10730, -18, 500, 0.00000, 0.00125
10731, -18, 500, 0.00000, -0.00091
10732, -18, 500, 0.00000, 0.00161
10733, -18, 500, 0.00000, 0.00125
10734, -18, 500, 0.00000, -0.00091
10735, -18, 500, 0.00000, -0.00127
10736, -18, 500, 0.00000, -0.00307
10737, -18, 500, 0.00000, 0.00053
10738, -18, 500, 0.00000, 0.00340
10739, -18, 500, 0.00000, -0.00235
10740, -18, 500, 0.00000, -0.00163
10741, -18, 500, 0.00000, 0.00448
10742, -18, 500, 0.00000, 0.00053
10743, -18, 500, 0.00000, 0.00089
10744, -18, 500, 0.00000, -0.00055
10745, -18, 500, 0.00000, 0.00125
10746, -18, 500, 0.00000, 0.00125
10747, -18, 500, 0.00000, 0.00125
10748, -18, 500, 0.00000, -0.00019
10749, -18, 500, 0.00000, 0.00592
10750, -18, 500, 0.00000, 0.00053
10751, -18, 500, 0.00000, 0.00304
10752, -18, 500, 0.00000, 0.00125
10753, -18, 500, 0.00000, 0.00125
10754, -18, 500, 0.00000, -0.00127
10755, -18, 500, 0.00000, -0.00127
10756, -18, 500, 0.00000, -0.00163
10757, -18, 500, 0.00000, 0.00053
10758, -18, 500, 0.00000, -0.00810
10759, -18, 500, 0.00000, -0.00127
10760, -18, 500, 0.00000, -0.00055
10761, -18, 500, 0.00000, 0.00161
10762, -18, 500, 0.00000, 0.00340
10763, -18, 500, 0.00000, 0.00017
10764, -18, 500, 0.00000, 0.00089
10765, -18, 500, 0.00000, 0.00340
10766, -18, 500, 0.00000, -0.00055
10767, -18, 500, 0.00000, 0.00017
10768, -18, 500, 0.00000, 0.00017
10769, -18, 500, 0.00000, -0.00235
10770, -18, 500, 0.00000, -0.00235
10771, -18, 500, 0.00000, -0.00235
10772, -18, 500, 0.00000, -0.00055
10773, -18, 500, 0.00000, -0.00307
10774, -18, 500, 0.00000, 0.00125
10775, -18, 500, 0.00000, 0.00053
10776, -18, 500, 0.00000, 0.00197
10777, -18, 500, 0.00000, 0.00017
10778, -18, 500, 0.00000, 0.00089
10779, -18, 500, 0.00000, -0.00414
10780, -18, 500, 0.00000, 0.00269
10781, -18, 500, 0.00000, 0.00089
10782, -18, 500, 0.00000, -0.00055
10783, -18, 500, 0.00000, 0.00017
10784, -18, 500, 0.00000, -0.00019
10785, -18, 500, 0.00000, 0.00053
10786, -18, 500, 0.00000, 0.00053
10787, -18, 500, 0.00000, -0.01277
10788, -18, 500, 0.00000, 0.00053
10789, -18, 500, 0.00000, 0.00987
10790, -18, 500, 0.00000, -0.00414
10791, -18, 500, 0.00000, -0.00055
10792, -18, 500, 0.00000, 0.00269
10793, -18, 500, 0.00000, -0.00055
10794, -18, 500, 0.00000, -0.00163
10795, -18, 500, 0.00000, -0.00271
10796, -18, 500, 0.00000, 0.00340
10797, -18, 500, 0.00000, -0.00271
10798, -18, 500, 0.00000, -0.00055
10799, -18, 500, 0.00000, -0.00091
10800, -18, 500, 0.00000, 0.00161
10801, -18, 500, 0.00000, 0.00017
10802, -18, 500, 0.00000, -0.00055
10803, -18, 500, 0.00000, -0.00199
10804, -18, 500, 0.00000, -0.00199
10805, -18, 500, 0.00000, 0.00125
10806, -18, 500, 0.00000, -0.00127
10807, -18, 500, 0.00000, 0.00340
10808, -18, 500, 0.00000, 0.00125
10809, -18, 500, 0.00000, 0.00376
10810, -18, 500, 0.00000, -0.00271
10811, -18, 500, 0.00000, 0.00808
10812, -18, 500, 0.00000, 0.00520
10813, -18, 500, 0.00000, 0.00161
10814, -18, 500, 0.00000, -0.00235
10815, -18, 500, 0.00000, 0.00197
10816, -18, 500, 0.00000, 0.00125
10817, -18, 500, 0.00000, -0.00199
10818, -18, 500, 0.00000, 0.00340
10819, -18, 500, 0.00000, 0.00592
10820, -18, 500, 0.00000, -0.00019
10821, -18, 500, 0.00000, 0.00376
10822, -18, 500, 0.00000, -0.00019
10823, -18, 500, 0.00000, 0.00125
10824, -18, 500, 0.00000, -0.00235
10825, -18, 500, 0.00000, -0.00199
10826, -18, 500, 0.00000, 0.00125
10827, -18, 500, 0.00000, 0.00125
10828, -18, 500, 0.00000, -0.00163
10829, -18, 500, 0.00000, 0.00017
10830, -18, 500, 0.00000, 0.00736
10831, -18, 500, 0.00000, -0.00307
10832, -18, 500, 0.00000, -0.00019
10833, -18, 500, 0.00000, 0.00340
10834, -18, 500, 0.00000, 0.00197
10835, -18, 500, 0.00000, 0.00053
10836, -18, 500, 0.00000, 0.00161
10837, -18, 500, 0.00000, 0.00161
10838, -18, 500, 0.00000, 0.00089
10839, -18, 500, 0.00000, -0.00379
10840, -18, 500, 0.00000, 0.00556
10841, -18, 500, 0.00000, 0.00053
10842, -18, 500, 0.00000, 0.00053
10843, -18, 500, 0.00000, -0.00019
10844, -18, 500, 0.00000, 0.00053
10845, -18, 500, 0.00000, -0.00019
10846, -18, 500, 0.00000, -0.00091
10847, -18, 500, 0.00000, 0.00053
10848, -18, 500, 0.00000, -0.00055
10849, -18, 500, 0.00000, 0.00197
10850, -18, 500, 0.00000, -0.00235
10851, -18, 500, 0.00000, 0.00304
10852, -18, 500, 0.00000, -0.00091
10853, -18, 500, 0.00000, -0.00127
10854, -18, 500, 0.00000, -0.00091
10855, -18, 500, 0.00000, -0.00055
10856, -18, 500, 0.00000, 0.00233
10857, -18, 500, 0.00000, -0.00163
10858, -18, 500, 0.00000, 0.00053
10859, -18, 500, 0.00000, 0.00269
10860, -18, 500, 0.00000, -0.00019
10861, -18, 500, 0.00000, -0.00055
10862, -18, 500, 0.00000, 0.00233
10863, -18, 500, 0.00000, 0.00556
10864, -18, 500, 0.00000, 0.00017
10865, -18, 500, 0.00000, -0.00091
10866, -18, 500, 0.00000, -0.00343
10867, -18, 500, 0.00000, -0.00091
10868, -18, 500, 0.00000, 0.00125
10869, -18, 500, 0.00000, -0.00127
10870, -18, 500, 0.00000, -0.00199
10871, -18, 500, 0.00000, -0.00199
10872, -18, 500, 0.00000, 0.00017
10873, -18, 500, 0.00000, -0.00055
10874, -18, 500, 0.00000, -0.00127
10875, -18, 500, 0.00000, -0.00235
10876, -18, 500, 0.00000, 0.00125
10877, -18, 500, 0.00000, 0.00089
10878, -18, 500, 0.00000, 0.00125
10879, -18, 500, 0.00000, 0.00017
10880, -18, 500, 0.00000, -0.00127
10881, -18, 500, 0.00000, 0.00376
10882, -18, 500, 0.00000, -0.00379
10883, -18, 500, 0.00000, -0.00091
10884, -18, 500, 0.00000, 0.00017
10885, -18, 500, 0.00000, -0.00666
10886, -18, 500, 0.00000, -0.00163
10887, -18, 500, 0.00000, 0.00233
10888, -18, 500, 0.00000, 0.00053
10889, -18, 500, 0.00000, -0.00307
10890, -18, 500, 0.00000, 0.00053
10891, -18, 500, 0.00000, 0.00197
10892, -18, 500, 0.00000, 0.00053
10893, -18, 500, 0.00000, 0.00053
10894, -18, 500, 0.00000, 0.00197
10895, -18, 500, 0.00000, 0.00017
10896, -18, 500, 0.00000, 0.00233
10897, -18, 500, 0.00000, 0.00376
10898, -18, 500, 0.00000, -0.00091
10899, -18, 500, 0.00000, -0.00307
10900, -18, 500, 0.00000, -0.00091
10901, -18, 500, 0.00000, 0.00089
10902, -18, 500, 0.00000, -0.00235
10903, -18, 500, 0.00000, 0.00161
10904, -18, 500, 0.00000, -0.00055
10905, -18, 500, 0.00000, -0.00343
10906, -18, 500, 0.00000, 0.00161
10907, -18, 500, 0.00000, 0.00161
10908, -18, 500, 0.00000, -0.00127
10909, -18, 500, 0.00000, -0.00235
10910, -18, 500, 0.00000, -0.00307
10911, -18, 500, 0.00000, 0.00269
10912, -18, 500, 0.00000, 0.00269
10913, -18, 500, 0.00000, -0.00235
10914, -18, 500, 0.00000, 0.00161
10915, -18, 500, 0.00000, -0.00163
10916, -18, 500, 0.00000, -0.00055
10917, -18, 500, 0.00000, 0.00089
10918, -18, 500, 0.00000, 0.00448
10919, -18, 500, 0.00000, -0.00379
10920, -18, 500, 0.20000, -0.00055
10921, -18, 500, 0.20000, -0.00199
10922, -18, 500, 0.20000, 0.00089
10923, -18, 500, 0.20000, 0.00520
10924, -18, 500, 0.20000, 0.00844
10925, -18, 500, 0.20000, 0.01598
10926, -18, 500, 0.20000, 0.02353
10927, -18, 500, 0.20000, 0.03683
10928, -18, 500, 0.20000, 0.03899
10929, -18, 500, 0.20000, 0.04762
10930, -18, 500, 0.20000, 0.05445
10931, -18, 500, 0.20000, 0.06990
10932, -18, 500, 0.20000, 0.07853
10933, -18, 500, 0.20000, 0.08428
10934, -18, 500, 0.20000, 0.10082
10935, -18, 500, 0.20000, 0.10657
10936, -18, 500, 0.20000, 0.12023
10937, -18, 500, 0.20000, 0.12490
10938, -18, 500, 0.20000, 0.12957
10939, -18, 500, 0.20000, 0.14072
10940, -18, 500, 0.20000, 0.14503
10941, -18, 500, 0.20000, 0.14970
10942, -18, 500, 0.20000, 0.16264
10943, -18, 500, 0.20000, 0.17271
10944, -18, 500, 0.20000, 0.17235
10945, -18, 500, 0.20000, 0.17666
10946, -18, 500, 0.20000, 0.18349
10947, -18, 500, 0.20000, 0.18888
10948, -18, 500, 0.20000, 0.19068
10949, -18, 500, 0.20000, 0.19391
10950, -18, 500, 0.20000, 0.19967
10951, -18, 500, 0.20000, 0.19751
10952, -18, 500, 0.20000, 0.20290
10953, -18, 500, 0.20000, 0.20578
10954, -18, 500, 0.20000, 0.20650
10955, -18, 500, 0.20000, 0.20254
10956, -18, 500, 0.20000, 0.20829
10957, -18, 500, 0.20000, 0.20470
10958, -18, 500, 0.20000, 0.20901
10959, -18, 500, 0.20000, 0.21368
10960, -18, 500, 0.20000, 0.20973
10961, -18, 500, 0.20000, 0.20829
10962, -18, 500, 0.20000, 0.21404
10963, -18, 500, 0.20000, 0.20757
10964, -18, 500, 0.20000, 0.21009
10965, -18, 500, 0.20000, 0.21153
10966, -18, 500, 0.20000, 0.20829
10967, -18, 500, 0.20000, 0.21045
10968, -18, 500, 0.20000, 0.21332
10969, -18, 500, 0.20000, 0.20614
10970, -18, 500, 0.20000, 0.21081
10971, -18, 500, 0.20000, 0.20901
10972, -18, 500, 0.20000, 0.20973
10973, -18, 500, 0.20000, 0.20578
10974, -18, 500, 0.20000, 0.20542
10975, -18, 500, 0.20000, 0.20254
10976, -18, 500, 0.20000, 0.20218
10977, -18, 500, 0.20000, 0.20218
10978, -18, 500, 0.20000, 0.20254
10979, -18, 500, 0.20000, 0.20254
10980, -18, 500, 0.20000, 0.20290
10981, -18, 500, 0.20000, 0.20038
10982, -18, 500, 0.20000, 0.19823
10983, -18, 500, 0.20000, 0.20218
10984, -18, 500, 0.20000, 0.19967
10985, -18, 500, 0.20000, 0.20038
10986, -18, 500, 0.20000, 0.19931
10987, -18, 500, 0.20000, 0.19715
10988, -18, 500, 0.20000, 0.19895
10989, -18, 500, 0.20000, 0.20110
10990, -18, 500, 0.20000, 0.20038
10991, -18, 500, 0.20000, 0.19823
10992, -18, 500, 0.20000, 0.19679
10993, -18, 500, 0.20000, 0.19895
10994, -18, 500, 0.20000, 0.19931
10995, -18, 500, 0.20000, 0.19859
10996, -18, 500, 0.20000, 0.20038
10997, -18, 500, 0.20000, 0.19499
10998, -18, 500, 0.20000, 0.19787
10999, -18, 500, 0.20000, 0.19571
11000, -18, 500, 0.20000, 0.19967
11001, -18, 500, 0.20000, 0.19859
11002, -18, 500, 0.20000, 0.19355
11003, -18, 500, 0.20000, 0.19715
11004, -18, 500, 0.20000, 0.20146
11005, -18, 500, 0.20000, 0.20074
11006, -18, 500, 0.20000, 0.19859
11007, -18, 500, 0.20000, 0.20002
11008, -18, 500, 0.20000, 0.20254
11009, -18, 500, 0.20000, 0.19859
11010, -18, 500, 0.20000, 0.20614
11011, -18, 500, 0.20000, 0.19931
11012, -18, 500, 0.20000, 0.19787
11013, -18, 500, 0.20000, 0.19751
11014, -18, 500, 0.20000, 0.19571
11015, -18, 500, 0.20000, 0.19715
11016, -18, 500, 0.20000, 0.19679
11017, -18, 500, 0.20000, 0.20038
11018, -18, 500, 0.20000, 0.20290
11019, -18, 500, 0.20000, 0.19715
11020, -18, 500, 0.20000, 0.19931
11021, -18, 500, 0.20000, 0.19787
11022, -18, 500, 0.20000, 0.19931
11023, -18, 500, 0.20000, 0.20326
11024, -18, 500, 0.20000, 0.19931
11025, -18, 500, 0.20000, 0.19895
11026, -18, 500, 0.20000, 0.20110
11027, -18, 500, 0.20000, 0.19463
11028, -18, 500, 0.20000, 0.19931
11029, -18, 500, 0.20000, 0.19967
11030, -18, 500, 0.20000, 0.19787
11031, -18, 500, 0.20000, 0.19895
11032, -18, 500, 0.20000, 0.19895
11033, -18, 500, 0.20000, 0.19895
11034, -18, 500, 0.20000, 0.20146
11035, -18, 500, 0.20000, 0.19895
11036, -18, 500, 0.20000, 0.19931
11037, -18, 500, 0.20000, 0.19284
11038, -18, 500, 0.20000, 0.18457
11039, -18, 500, 0.20000, 0.19787
11040, -18, 500, 0.20000, 0.20182
11041, -18, 500, 0.20000, 0.19895
11042, -18, 500, 0.20000, 0.20038
11043, -18, 500, 0.20000, 0.19787
11044, -18, 500, 0.20000, 0.19679
11045, -18, 500, 0.20000, 0.19859
11046, -18, 500, 0.20000, 0.20434
11047, -18, 500, 0.20000, 0.19931
11048, -18, 500, 0.20000, 0.19967
11049, -18, 500, 0.20000, 0.20218
11050, -18, 500, 0.20000, 0.20146
11051, -18, 500, 0.20000, 0.20074
11052, -18, 500, 0.20000, 0.20506
11053, -18, 500, 0.20000, 0.19895
11054, -18, 500, 0.20000, 0.19715
11055, -18, 500, 0.20000, 0.20254
11056, -18, 500, 0.20000, 0.20290
11057, -18, 500, 0.20000, 0.20542
11058, -18, 500, 0.20000, 0.19859
11059, -18, 500, 0.20000, 0.20182
11060, -18, 500, 0.20000, 0.20002
11061, -18, 500, 0.20000, 0.19643
11062, -18, 500, 0.20000, 0.19032
11063, -18, 500, 0.20000, 0.20110
11064, -18, 500, 0.20000, 0.19931
11065, -18, 500, 0.20000, 0.19679
11066, -18, 500, 0.20000, 0.19859
11067, -18, 500, 0.20000, 0.18816
11068, -18, 500, 0.20000, 0.20110
11069, -18, 500, 0.20000, 0.20038
11070, -18, 500, 0.20000, 0.20002
11071, -18, 500, 0.20000, 0.19931
11072, -18, 500, 0.20000, 0.19823
11073, -18, 500, 0.20000, 0.19643
11074, -18, 500, 0.20000, 0.19967
11075, -18, 500, 0.20000, 0.20002
11076, -18, 500, 0.20000, 0.20110
11077, -18, 500, 0.20000, 0.20578
11078, -18, 500, 0.20000, 0.19787
11079, -18, 500, 0.20000, 0.19859
11080, -18, 500, 0.20000, 0.19679
11081, -18, 500, 0.20000, 0.19895
11082, -18, 500, 0.20000, 0.19967
11083, -18, 500, 0.20000, 0.19859
11084, -18, 500, 0.20000, 0.19751
11085, -18, 500, 0.20000, 0.19607
11086, -18, 500, 0.20000, 0.20038
11087, -18, 500, 0.20000, 0.19895
11088, -18, 500, 0.20000, 0.20074
11089, -18, 500, 0.20000, 0.19931
11090, -18, 500, 0.20000, 0.19967
11091, -18, 500, 0.20000, 0.20074
11092, -18, 500, 0.20000, 0.20218
11093, -18, 500, 0.20000, 0.20074
11094, -18, 500, 0.20000, 0.19967
11095, -18, 500, 0.20000, 0.20038
11096, -18, 500, 0.20000, 0.20398
11097, -18, 500, 0.20000, 0.19967
11098, -18, 500, 0.20000, 0.19931
11099, -18, 500, 0.20000, 0.19643
11100, -18, 500, 0.20000, 0.19751
11101, -18, 500, 0.20000, 0.19895
11102, -18, 500, 0.20000, 0.19895
11103, -18, 500, 0.20000, 0.19967
11104, -18, 500, 0.20000, 0.19751
11105, -18, 500, 0.20000, 0.19859
11106, -18, 500, 0.20000, 0.19320
11107, -18, 500, 0.20000, 0.19679
11108, -18, 500, 0.20000, 0.19967
11109, -18, 500, 0.20000, 0.20146
11110, -18, 500, 0.20000, 0.19931
11111, -18, 500, 0.20000, 0.20002
11112, -18, 500, 0.20000, 0.20074
11113, -18, 500, 0.20000, 0.20110
11114, -18, 500, 0.20000, 0.19787
11115, -18, 500, 0.20000, 0.19499
11116, -18, 500, 0.20000, 0.20254
11117, -18, 500, 0.20000, 0.20218
11118, -18, 500, 0.20000, 0.20038
11119, -18, 500, 0.20000, 0.19823
11120, -18, 500, 0.20000, 0.19751
11121, -18, 500, 0.20000, 0.20110
11122, -18, 500, 0.20000, 0.20038
11123, -18, 500, 0.20000, 0.20901
11124, -18, 500, 0.20000, 0.20218
11125, -18, 500, 0.20000, 0.20074
11126, -18, 500, 0.20000, 0.19967
11127, -18, 500, 0.20000, 0.19931
11128, -18, 500, 0.20000, 0.19931
11129, -18, 500, 0.20000, 0.20110
11130, -18, 500, 0.20000, 0.19859
11131, -18, 500, 0.20000, 0.19967
11132, -18, 500, 0.20000, 0.20002
11133, -18, 500, 0.20000, 0.19859
11134, -18, 500, 0.20000, 0.20218
11135, -18, 500, 0.20000, 0.19931
11136, -18, 500, 0.20000, 0.19823
11137, -18, 500, 0.20000, 0.19931
11138, -18, 500, 0.20000, 0.20038
11139, -18, 500, 0.20000, 0.19967
11140, -18, 500, 0.20000, 0.20110
11141, -18, 500, 0.20000, 0.19967
11142, -18, 500, 0.20000, 0.20002
11143, -18, 500, 0.20000, 0.21297
11144, -18, 500, 0.20000, 0.19967
11145, -18, 500, 0.20000, 0.19895
11146, -18, 500, 0.20000, 0.19895
11147, -18, 500, 0.20000, 0.20362
11148, -18, 500, 0.20000, 0.19463
11149, -18, 500, 0.20000, 0.19931
11150, -18, 500, 0.20000, 0.20326
11151, -18, 500, 0.20000, 0.20002
11152, -18, 500, 0.20000, 0.20326
11153, -18, 500, 0.20000, 0.20254
11154, -18, 500, 0.20000, 0.20362
11155, -18, 500, 0.20000, 0.19967
11156, -18, 500, 0.20000, 0.19535
11157, -18, 500, 0.20000, 0.19931
11158, -18, 500, 0.20000, 0.20110
11159, -18, 500, 0.20000, 0.19787
11160, -18, 500, 0.20000, 0.19895
11161, -18, 500, 0.20000, 0.20326
11162, -18, 500, 0.20000, 0.20074
11163, -18, 500, 0.20000, 0.20398
11164, -18, 500, 0.20000, 0.19751
11165, -18, 500, 0.20000, 0.20290
11166, -18, 500, 0.20000, 0.19787
11167, -18, 500, 0.20000, 0.19787
11168, -18, 500, 0.20000, 0.20074
11169, -18, 500, 0.20000, 0.19535
11170, -18, 500, 0.20000, 0.19931
11171, -18, 500, 0.20000, 0.20146
11172, -18, 500, 0.20000, 0.19931
11173, -18, 500, 0.20000, 0.19931
11174, -18, 500, 0.20000, 0.19967
11175, -18, 500, 0.20000, 0.19715
11176, -18, 500, 0.20000, 0.19931
11177, -18, 500, 0.20000, 0.20362
11178, -18, 500, 0.20000, 0.20038
11179, -18, 500, 0.20000, 0.19931
11180, -18, 500, 0.20000, 0.20038
11181, -18, 500, 0.20000, 0.20002
11182, -18, 500, 0.20000, 0.20002
11183, -18, 500, 0.20000, 0.19787
11184, -18, 500, 0.20000, 0.19859
11185, -18, 500, 0.20000, 0.19895
11186, -18, 500, 0.20000, 0.20182
11187, -18, 500, 0.20000, 0.20038
11188, -18, 500, 0.20000, 0.19715
11189, -18, 500, 0.20000, 0.19859
11190, -18, 500, 0.20000, 0.20110
11191, -18, 500, 0.20000, 0.19679
11192, -18, 500, 0.20000, 0.20002
11193, -18, 500, 0.20000, 0.19679
11194, -18, 500, 0.20000, 0.20038
11195, -18, 500, 0.20000, 0.20002
11196, -18, 500, 0.20000, 0.19643
11197, -18, 500, 0.20000, 0.20074
11198, -18, 500, 0.20000, 0.19967
11199, -18, 500, 0.20000, 0.19571
11200, -18, 500, 0.20000, 0.19751
11201, -18, 500, 0.20000, 0.19571
11202, -18, 500, 0.20000, 0.19859
11203, -18, 500, 0.20000, 0.19859
11204, -18, 500, 0.20000, 0.19931
11205, -18, 500, 0.20000, 0.20146
11206, -18, 500, 0.20000, 0.20038
11207, -18, 500, 0.20000, 0.20038
11208, -18, 500, 0.20000, 0.20398
11209, -18, 500, 0.20000, 0.19931
11210, -18, 500, 0.20000, 0.20002
11211, -18, 500, 0.20000, 0.20290
11212, -18, 500, 0.20000, 0.19787
11213, -18, 500, 0.20000, 0.20074
11214, -18, 500, 0.20000, 0.20002
11215, -18, 500, 0.20000, 0.20002
11216, -18, 500, 0.20000, 0.19176
11217, -18, 500, 0.20000, 0.20218
11218, -18, 500, 0.20000, 0.19931
11219, -18, 500, 0.20000, 0.20074
11220, -18, 500, 0.20000, 0.19895
11221, -18, 500, 0.20000, 0.19967
11222, -18, 500, 0.20000, 0.20074
11223, -18, 500, 0.20000, 0.20326
11224, -18, 500, 0.20000, 0.19967
11225, -18, 500, 0.20000, 0.19895
11226, -18, 500, 0.20000, 0.20146
11227, -18, 500, 0.20000, 0.20002
11228, -18, 500, 0.20000, 0.20002
11229, -18, 500, 0.20000, 0.19787
11230, -18, 500, 0.20000, 0.20002
11231, -18, 500, 0.20000, 0.20182
11232, -18, 500, 0.20000, 0.20002
11233, -18, 500, 0.20000, 0.19895
11234, -18, 500, 0.20000, 0.19715
11235, -18, 500, 0.20000, 0.20434
11236, -18, 500, 0.20000, 0.18888
11237, -18, 500, 0.20000, 0.20757
11238, -18, 500, 0.20000, 0.19787
11239, -18, 500, 0.20000, 0.20038
11240, -18, 500, 0.20000, 0.19859
11241, -18, 500, 0.20000, 0.20146
11242, -18, 500, 0.20000, 0.20110
11243, -18, 500, 0.20000, 0.19859
11244, -18, 500, 0.20000, 0.19715
11245, -18, 500, 0.20000, 0.19895
11246, -18, 500, 0.20000, 0.19967
11247, -18, 500, 0.20000, 0.19967
11248, -18, 500, 0.20000, 0.19859
11249, -18, 500, 0.20000, 0.19931
11250, -18, 500, 0.20000, 0.20398
11251, -18, 500, 0.20000, 0.20038
11252, -18, 500, 0.20000, 0.20146
11253, -18, 500, 0.20000, 0.20002
11254, -18, 500, 0.20000, 0.19535
11255, -18, 500, 0.20000, 0.19931
11256, -18, 500, 0.20000, 0.19607
11257, -18, 500, 0.20000, 0.20002
11258, -18, 500, 0.20000, 0.20362
11259, -18, 500, 0.20000, 0.20038
11260, -18, 500, 0.20000, 0.19787
11261, -18, 500, 0.20000, 0.20470
11262, -18, 500, 0.20000, 0.20290
11263, -18, 500, 0.20000, 0.19787
11264, -18, 500, 0.20000, 0.19643
11265, -18, 500, 0.20000, 0.20110
11266, -18, 500, 0.20000, 0.19607
11267, -18, 500, 0.20000, 0.20074
11268, -18, 500, 0.20000, 0.19715
11269, -18, 500, 0.20000, 0.20182
11270, -18, 500, 0.20000, 0.20038
11271, -18, 500, 0.20000, 0.20074
11272, -18, 500, 0.20000, 0.19931
11273, -18, 500, 0.20000, 0.19931
11274, -18, 500, 0.20000, 0.20074
11275, -18, 500, 0.20000, 0.20038
11276, -18, 500, 0.20000, 0.19679
11277, -18, 500, 0.20000, 0.20470
11278, -18, 500, 0.20000, 0.19931
11279, -18, 500, 0.20000, 0.19427
11280, -18, 500, 0.20000, 0.20146
11281, -18, 500, 0.20000, 0.19643
11282, -18, 500, 0.20000, 0.19895
11283, -18, 500, 0.20000, 0.19787
11284, -18, 500, 0.20000, 0.20146
11285, -18, 500, 0.20000, 0.20290
11286, -18, 500, 0.20000, 0.19931
11287, -18, 500, 0.20000, 0.20398
11288, -18, 500, 0.20000, 0.20218
11289, -18, 500, 0.20000, 0.19967
11290, -18, 500, 0.20000, 0.20182
11291, -18, 500, 0.20000, 0.20218
11292, -18, 500, 0.20000, 0.20110
11293, -18, 500, 0.20000, 0.19859
11294, -18, 500, 0.20000, 0.20074
11295, -18, 500, 0.20000, 0.20074
11296, -18, 500, 0.20000, 0.20074
11297, -18, 500, 0.20000, 0.18277
11298, -18, 500, 0.20000, 0.20146
11299, -18, 500, 0.20000, 0.20254
11300, -18, 500, 0.20000, 0.20398
11301, -18, 500, 0.20000, 0.20290
11302, -18, 500, 0.20000, 0.19931
11303, -18, 500, 0.20000, 0.19895
11304, -18, 500, 0.20000, 0.20038
11305, -18, 500, 0.20000, 0.20002
11306, -18, 500, 0.20000, 0.19679
11307, -18, 500, 0.20000, 0.19787
11308, -18, 500, 0.20000, 0.20038
11309, -18, 500, 0.20000, 0.20146
11310, -18, 500, 0.20000, 0.19643
11311, -18, 500, 0.20000, 0.20074
11312, -18, 500, 0.20000, 0.19895
11313, -18, 500, 0.20000, 0.19823
11314, -18, 500, 0.20000, 0.19895
11315, -18, 500, 0.20000, 0.19931
11316, -18, 500, 0.00000, 0.19967
11317, -18, 500, 0.00000, 0.19499
11318, -18, 500, 0.00000, 0.19751
11319, -18, 500, 0.00000, 0.19823
11320, -18, 500, 0.00000, 0.18888
11321, -18, 500, 0.00000, 0.18205
11322, -18, 500, 0.00000, 0.17810
11323, -18, 500, 0.00000, 0.16552
11324, -18, 500, 0.00000, 0.15797
11325, -18, 500, 0.00000, 0.14934
11326, -18, 500, 0.00000, 0.14179
11327, -18, 500, 0.00000, 0.13209
11328, -18, 500, 0.00000, 0.12023
11329, -18, 500, 0.00000, 0.10980
11330, -18, 500, 0.00000, 0.10010
11331, -18, 500, 0.00000, 0.09542
11332, -18, 500, 0.00000, 0.08284
11333, -18, 500, 0.00000, 0.06811
11334, -18, 500, 0.00000, 0.06703
11335, -18, 500, 0.00000, 0.05732
11336, -18, 500, 0.00000, 0.05013
11337, -18, 500, 0.00000, 0.04151
11338, -18, 500, 0.00000, 0.03180
11339, -18, 500, 0.00000, 0.02964
11340, -18, 500, 0.00000, 0.02317
11341, -18, 500, 0.00000, 0.02246
11342, -18, 500, 0.00000, 0.01634
11343, -18, 500, 0.00000, 0.01095
11344, -18, 500, 0.00000, 0.00269
11345, -18, 500, 0.00000, 0.00556
11346, -18, 500, 0.00000, -0.00163
11347, -18, 500, 0.00000, 0.00125
11348, -18, 500, 0.00000, -0.00414
11349, -18, 500, 0.00000, -0.00558
11350, -18, 500, 0.00000, -0.00882
11351, -18, 500, 0.00000, -0.00954
11352, -18, 500, 0.00000, -0.00702
11353, -18, 500, 0.00000, -0.01026
11354, -18, 500, 0.00000, -0.00990
11355, -18, 500, 0.00000, -0.01133
11356, -18, 500, 0.00000, -0.00846
11357, -18, 500, 0.00000, -0.00846
11358, -18, 500, 0.00000, -0.00882
11359, -18, 500, 0.00000, -0.00666
11360, -18, 500, 0.00000, -0.01313
11361, -18, 500, 0.00000, -0.00954
11362, -18, 500, 0.00000, -0.01385
11363, -18, 500, 0.00000, -0.00774
11364, -18, 500, 0.00000, -0.01061
11365, -18, 500, 0.00000, -0.00450
11366, -18, 500, 0.00000, -0.00954
11367, -18, 500, 0.00000, -0.00594
11368, -18, 500, 0.00000, -0.00414
11369, -18, 500, 0.00000, -0.00558
11370, -18, 500, 0.00000, -0.00379
11371, -18, 500, 0.00000, -0.00127
11372, -18, 500, 0.00000, -0.00127
11373, -18, 500, 0.00000, -0.00307
11374, -18, 500, 0.00000, -0.00343
11375, -18, 500, 0.00000, -0.00055
11376, -18, 500, 0.00000, -0.00271
11377, -18, 500, 0.00000, -0.00450
11378, -18, 500, 0.00000, -0.00127
11379, -18, 500, 0.00000, 0.00161
11380, -18, 500, 0.00000, -0.00127
11381, -18, 500, 0.00000, -0.00019
11382, -18, 500, 0.00000, -0.00019
11383, -18, 500, 0.00000, -0.00055
11384, -18, 500, 0.00000, -0.00091
11385, -18, 500, 0.00000, -0.00163
11386, -18, 500, 0.00000, 0.00628
11387, -18, 500, 0.00000, 0.00340
11388, -18, 500, 0.00000, 0.00412
11389, -18, 500, 0.00000, -0.00199
11390, -18, 500, 0.00000, 0.00233
11391, -18, 500, 0.00000, -0.00055
11392, -18, 500, 0.00000, 0.00053
11393, -18, 500, 0.00000, -0.00019
11394, -18, 500, 0.00000, 0.00017
11395, -18, 500, 0.00000, 0.00197
11396, -18, 500, 0.00000, 0.00484
11397, -18, 500, 0.00000, 0.00053
11398, -18, 500, 0.00000, -0.00091
11399, -18, 500, 0.00000, -0.00343
11400, -18, 500, 0.00000, -0.00235
11401, -18, 500, 0.00000, 0.00017
11402, -18, 500, 0.00000, 0.00089
11403, -18, 500, 0.00000, 0.00233
11404, -18, 500, 0.00000, 0.00053
11405, -18, 500, 0.00000, -0.00163
11406, -18, 500, 0.00000, 0.00089
11407, -18, 500, 0.00000, -0.00343
11408, -18, 500, 0.00000, 0.00125
11409, -18, 500, 0.00000, -0.00019
11410, -18, 500, 0.00000, 0.00089
11411, -18, 500, 0.00000, -0.00702
11412, -18, 500, 0.00000, 0.00376
11413, -18, 500, 0.00000, -0.00019
11414, -18, 500, 0.00000, -0.00127
11415, -18, 500, 0.00000, 0.00520
11416, -18, 500, 0.00000, -0.00091
11417, -18, 500, 0.00000, -0.00127
11418, -18, 500, 0.00000, -0.00343
11419, -18, 500, 0.00000, -0.00127
11420, -18, 500, 0.00000, 0.00089
11421, -18, 500, 0.00000, -0.00055
11422, -18, 500, 0.00000, 0.00125
11423, -18, 500, 0.00000, -0.00091
11424, -18, 500, 0.00000, 0.00233
11425, -18, 500, 0.00000, -0.00091
11426, -18, 500, 0.00000, 0.00664
11427, -18, 500, 0.00000, -0.00199
11428, -18, 500, 0.00000, 0.00233
11429, -18, 500, 0.00000, -0.00199
11430, -18, 500, 0.00000, 0.00556
11431, -18, 500, 0.00000, 0.00161
11432, -18, 500, 0.00000, 0.00089
11433, -18, 500, 0.00000, 0.00161
11434, -18, 500, 0.00000, 0.00017
11435, -18, 500, 0.00000, 0.00161
11436, -18, 500, 0.00000, 0.00089
11437, -18, 500, 0.00000, -0.00127
11438, -18, 500, 0.00000, 0.00304
11439, -18, 500, 0.00000, -0.00055
11440, -18, 500, 0.00000, -0.00055
11441, -18, 500, 0.00000, 0.00556
11442, -18, 500, 0.00000, -0.00127
11443, -18, 500, 0.00000, 0.00089
11444, -18, 500, 0.00000, 0.00053
11445, -18, 500, 0.00000, -0.00199
11446, -18, 500, 0.00000, -0.00091
11447, -18, 500, 0.00000, 0.00161
11448, -18, 500, 0.00000, -0.00019
11449, -18, 500, 0.00000, -0.00055
11450, -18, 500, 0.00000, -0.00091
11451, -18, 500, 0.00000, 0.00269
11452, -18, 500, 0.00000, -0.01277
11453, -18, 500, 0.00000, -0.00163
11454, -18, 500, 0.00000, 0.00161
11455, -18, 500, 0.00000, 0.00089
11456, -18, 500, 0.00000, -0.00019
11457, -18, 500, 0.00000, 0.00269
11458, -18, 500, 0.00000, -0.00019
11459, -18, 500, 0.00000, 0.00089
11460, -18, 500, 0.00000, 0.00700
11461, -18, 500, 0.00000, -0.00091
11462, -18, 500, 0.00000, -0.00163
11463, -18, 500, 0.00000, -0.00127
11464, -18, 500, 0.00000, -0.00055
11465, -18, 500, 0.00000, -0.00091
11466, -18, 500, 0.00000, 0.00340
11467, -18, 500, 0.00000, -0.00127
11468, -18, 500, 0.00000, 0.00125
11469, -18, 500, 0.00000, 0.00484
11470, -18, 500, 0.00000, -0.00055
11471, -18, 500, 0.00000, -0.00091
11472, -18, 500, 0.00000, 0.00053
11473, -18, 500, 0.00000, -0.00379
11474, -18, 500, 0.00000, 0.00376
11475, -18, 500, 0.00000, 0.00053
11476, -18, 500, 0.00000, 0.00053
11477, -18, 500, 0.00000, -0.00019
11478, -18, 500, 0.00000, -0.00163
11479, -18, 500, 0.00000, 0.00017
11480, -18, 500, 0.00000, -0.00127
11481, -18, 500, 0.00000, -0.00127
11482, -18, 500, 0.00000, 0.00376
11483, -18, 500, 0.00000, -0.00163
11484, -18, 500, 0.00000, 0.00269
11485, -18, 500, 0.00000, 0.00017
11486, -18, 500, 0.00000, 0.00269
11487, -18, 500, 0.00000, 0.00125
11488, -18, 500, 0.00000, 0.00017
11489, -18, 500, 0.00000, 0.00053
11490, -18, 500, 0.00000, -0.00055
11491, -18, 500, 0.00000, -0.00163
11492, -18, 500, 0.00000, 0.00304
11493, -18, 500, 0.00000, 0.00161
11494, -18, 500, 0.00000, -0.00055
11495, -18, 500, 0.00000, -0.00271
11496, -18, 500, 0.00000, -0.00558
11497, -18, 500, 0.00000, 0.00089
11498, -18, 500, 0.00000, 0.00269
11499, -18, 500, 0.00000, 0.00233
11500, -18, 500, 0.00000, 0.00089
11501, -18, 500, 0.00000, -0.00019
11502, -18, 500, 0.00000, 0.00556
11503, -18, 500, 0.00000, 0.00125
11504, -18, 500, 0.00000, -0.00199
11505, -18, 500, 0.00000, 0.00592
11506, -18, 500, 0.00000, 0.00233
11507, -18, 500, 0.00000, -0.00055
11508, -18, 500, 0.00000, -0.00055
11509, -18, 500, 0.00000, -0.00055
11510, -18, 500, 0.00000, 0.00053
11511, -18, 500, 0.00000, 0.00017
11512, -18, 500, 0.00000, 0.00197
11513, -18, 500, 0.00000, 0.00664
11514, -18, 500, 0.00000, -0.00271
11515, -18, 500, 0.00000, 0.00017
11516, -18, 500, 0.00000, -0.00055
11517, -18, 500, 0.00000, -0.00091
11518, -18, 500, 0.00000, -0.00091
11519, -18, 500, 0.00000, -0.00307
11520, -18, 500, 0.00000, -0.00163
11521, -18, 500, 0.00000, -0.00019
11522, -18, 500, 0.00000, 0.00017
11523, -18, 500, 0.00000, -0.00127
11524, -18, 500, 0.00000, 0.00053
11525, -18, 500, 0.00000, -0.00343
11526, -18, 500, 0.00000, 0.00089
11527, -18, 500, 0.00000, 0.00340
11528, -18, 500, 0.00000, 0.00556
11529, -18, 500, 0.00000, -0.00414
11530, -18, 500, 0.00000, -0.00127
11531, -18, 500, 0.00000, 0.00053
11532, -18, 500, 0.00000, -0.00019
11533, -18, 500, 0.00000, 0.00089
11534, -18, 500, 0.00000, 0.00125
11535, -18, 500, 0.00000, -0.00019
11536, -18, 500, 0.00000, -0.00522
11537, -18, 500, 0.00000, 0.00125
11538, -18, 500, 0.00000, -0.00343
11539, -18, 500, 0.00000, -0.00019
11540, -18, 500, 0.00000, 0.00628
11541, -18, 500, 0.00000, -0.00343
11542, -18, 500, 0.00000, -0.00414
11543, -18, 500, 0.00000, 0.00376
11544, -18, 500, 0.00000, -0.00127
11545, -18, 500, 0.00000, 0.00053
11546, -18, 500, 0.00000, 0.00089
11547, -18, 500, 0.00000, 0.00089
11548, -18, 500, 0.00000, -0.00127
11549, -18, 500, 0.00000, -0.00702
11550, -18, 500, 0.00000, 0.00161
11551, -18, 500, 0.00000, -0.00127
11552, -18, 500, 0.00000, 0.00412
11553, -18, 500, 0.00000, -0.00019
11554, -18, 500, 0.00000, -0.00019
11555, -18, 500, 0.00000, 0.00053
11556, -18, 500, 0.00000, -0.00630
11557, -18, 500, 0.00000, 0.00017
11558, -18, 500, 0.00000, -0.00091
11559, -18, 500, 0.00000, -0.00019
11560, -18, 500, 0.00000, 0.00161
11561, -18, 500, 0.00000, 0.00017
11562, -18, 500, 0.00000, -0.00019
11563, -18, 500, 0.00000, 0.00017
11564, -18, 500, 0.00000, -0.00163
11565, -18, 500, 0.00000, 0.00269
11566, -18, 500, 0.00000, -0.00091
11567, -18, 500, 0.00000, 0.00520
11568, -18, 500, 0.00000, -0.00271
11569, -18, 500, 0.00000, 0.00161
11570, -18, 500, 0.00000, -0.00199
11571, -18, 500, 0.00000, -0.00558
11572, -18, 500, 0.00000, -0.01313
11573, -18, 500, 0.00000, 0.00197
11574, -18, 500, 0.00000, -0.00594
11575, -18, 500, 0.00000, 0.00017
11576, -18, 500, 0.00000, 0.00340
11577, -18, 500, 0.00000, 0.00017
11578, -18, 500, 0.00000, 0.00017
11579, -18, 500, 0.00000, -0.00127
11580, -18, 500, 0.00000, -0.00199
11581, -18, 500, 0.00000, 0.01347
11582, -18, 500, 0.00000, 0.00628
11583, -18, 500, 0.00000, -0.00235
11584, -18, 500, 0.00000, -0.00271
11585, -18, 500, 0.00000, 0.00089
11586, -18, 500, 0.00000, 0.00197
11587, -18, 500, 0.00000, -0.00414
11588, -18, 500, 0.00000, -0.00019
11589, -18, 500, 0.00000, 0.00269
11590, -18, 500, 0.00000, -0.00199
11591, -18, 500, 0.00000, 0.00484
11592, -18, 500, 0.00000, -0.00019
11593, -18, 500, 0.00000, 0.00053
11594, -18, 500, 0.00000, -0.00271
11595, -18, 500, 0.00000, -0.00055
11596, -18, 500, 0.00000, -0.00055
11597, -18, 500, 0.00000, 0.00161
11598, -18, 500, 0.00000, 0.00053
11599, -18, 500, 0.00000, -0.00019
11600, -18, 500, 0.00000, -0.00163
11601, -18, 500, 0.00000, 0.00269
11602, -18, 500, 0.00000, -0.00019
11603, -18, 500, 0.00000, -0.00343
11604, -18, 500, 0.00000, -0.00127
11605, -18, 500, 0.00000, 0.00053
11606, -18, 500, 0.00000, 0.00089
11607, -18, 500, 0.00000, -0.00235
11608, -18, 500, 0.00000, 0.00161
11609, -18, 500, 0.00000, -0.00163
11610, -18, 500, 0.00000, -0.00343
11611, -18, 500, 0.00000, -0.00414
11612, -18, 500, 0.00000, -0.00091
11613, -18, 500, 0.00000, 0.00017
11614, -18, 500, 0.00000, 0.00017
11615, -18, 500, 0.00000, 0.00125
11616, -18, 500, 0.00000, -0.00055
11617, -18, 500, 0.00000, 0.00161
11618, -18, 500, 0.00000, 0.00017
11619, -18, 500, 0.00000, 0.00556
11620, -18, 500, 0.00000, -0.00055
11621, -18, 500, 0.00000, -0.00091
11622, -18, 500, 0.00000, 0.00053
11623, -18, 500, 0.00000, 0.00053
11624, -18, 500, 0.00000, 0.00448
11625, -18, 500, 0.00000, 0.00125
11626, -18, 500, 0.00000, -0.00019
11627, -18, 500, 0.00000, -0.00091
11628, -18, 500, 0.00000, 0.00053
11629, -18, 500, 0.00000, -0.00127
11630, -18, 500, 0.00000, -0.00091
11631, -18, 500, 0.00000, -0.00019
11632, -18, 500, 0.00000, -0.00271
11633, -18, 500, 0.00000, -0.00019
11634, -18, 500, 0.00000, -0.00127
11635, -18, 500, 0.00000, -0.00199
11636, -18, 500, 0.00000, 0.00197
11637, -18, 500, 0.00000, 0.00053
11638, -18, 500, 0.00000, 0.00161
11639, -18, 500, 0.00000, -0.00199
11640, -18, 500, 0.00000, 0.00233
11641, -18, 500, 0.00000, 0.00161
11642, -18, 500, 0.00000, -0.00055
11643, -18, 500, 0.00000, -0.00127
11644, -18, 500, 0.00000, -0.00307
11645, -18, 500, 0.00000, 0.00125
11646, -18, 500, 0.00000, -0.00235
11647, -18, 500, 0.00000, -0.00019
11648, -18, 500, 0.00000, -0.00235
11649, -18, 500, 0.00000, 0.00628
11650, -18, 500, 0.00000, -0.00019
11651, -18, 500, 0.00000, 0.00520
11652, -18, 500, 0.00000, 0.00125
11653, -18, 500, 0.00000, -0.00019
11654, -18, 500, 0.00000, -0.00055
11655, -18, 500, 0.00000, -0.00019
11656, -18, 500, 0.00000, 0.00197
11657, -18, 500, 0.00000, -0.00091
11658, -18, 500, 0.00000, 0.00053
11659, -18, 500, 0.00000, 0.00017
11660, -18, 500, 0.00000, -0.00271
11661, -18, 500, 0.00000, -0.00019
11662, -18, 500, 0.00000, -0.00019
11663, -18, 500, 0.00000, -0.00414
11664, -18, 500, 0.00000, 0.00125
11665, -18, 500, 0.00000, 0.00161
11666, -18, 500, 0.00000, -0.00127
11667, -18, 500, 0.00000, -0.00343
11668, -18, 500, 0.00000, 0.00089
11669, -18, 500, 0.00000, -0.00450
11670, -18, 500, 0.00000, 0.00269
11671, -18, 500, 0.00000, 0.00448
11672, -18, 500, 0.00000, -0.00019
11673, -18, 500, 0.00000, 0.00053
11674, -18, 500, 0.00000, 0.00017
11675, -18, 500, 0.00000, -0.00127
11676, -18, 500, 0.00000, 0.00053
11677, -18, 500, 0.00000, 0.00125
11678, -18, 500, 0.00000, 0.00017
11679, -18, 500, 0.00000, -0.00091
11680, -18, 500, 0.00000, 0.00017
11681, -18, 500, 0.00000, 0.00053
11682, -18, 500, 0.00000, -0.00199
11683, -18, 500, 0.00000, 0.00520
11684, -18, 500, 0.00000, -0.00019
11685, -18, 500, 0.00000, 0.00197
11686, -18, 500, 0.00000, 0.00053
11687, -18, 500, 0.00000, -0.00091
11688, -18, 500, 0.00000, 0.00125
11689, -18, 500, 0.00000, 0.00053
11690, -18, 500, 0.00000, -0.00127
11691, -18, 500, 0.00000, 0.00269
11692, -18, 500, 0.00000, -0.00414
11693, -18, 500, 0.00000, -0.00163
11694, -18, 500, 0.00000, -0.00055
11695, -18, 500, 0.00000, -0.00199
11696, -18, 500, 0.00000, -0.00379
11697, -18, 500, 0.00000, 0.00233
11698, -18, 500, 0.00000, 0.00017
11699, -18, 500, 0.00000, -0.00091
11700, -18, 500, 0.00000, -0.00163
11701, -18, 500, 0.00000, 0.00412
11702, -18, 500, 0.00000, 0.00340
11703, -18, 500, 0.00000, -0.00199
11704, -18, 500, 0.00000, 0.00269
11705, -18, 500, 0.00000, -0.00163
11706, -18, 500, 0.00000, 0.00125
11707, -18, 500, 0.20000, 0.00592
11708, -18, 500, 0.20000, 0.00053
11709, -18, 500, 0.20000, -0.00235
11710, -18, 500, 0.20000, 0.00484
11711, -18, 500, 0.20000, 0.00808
11712, -18, 500, 0.20000, 0.01598
11713, -18, 500, 0.20000, 0.01994
11714, -18, 500, 0.20000, 0.02964
11715, -18, 500, 0.20000, 0.04007
11716, -18, 500, 0.20000, 0.04762
11717, -18, 500, 0.20000, 0.05481
11718, -18, 500, 0.20000, 0.06775
11719, -18, 500, 0.20000, 0.06990
11720, -18, 500, 0.20000, 0.08716
11721, -18, 500, 0.20000, 0.09542
11722, -18, 500, 0.20000, 0.09794
11723, -18, 500, 0.20000, 0.11663
11724, -18, 500, 0.20000, 0.12382
11725, -18, 500, 0.20000, 0.13676
11726, -18, 500, 0.20000, 0.13928
11727, -18, 500, 0.20000, 0.13676
11728, -18, 500, 0.20000, 0.15725
11729, -18, 500, 0.20000, 0.16228
11730, -18, 500, 0.20000, 0.16803
11731, -18, 500, 0.20000, 0.17630
11732, -18, 500, 0.20000, 0.17954
11733, -18, 500, 0.20000, 0.18205
11734, -18, 500, 0.20000, 0.18888
11735, -18, 500, 0.20000, 0.19248
11736, -18, 500, 0.20000, 0.19355
11737, -18, 500, 0.20000, 0.19823
11738, -18, 500, 0.20000, 0.20038
11739, -18, 500, 0.20000, 0.20326
11740, -18, 500, 0.20000, 0.20685
11741, -18, 500, 0.20000, 0.20578
11742, -18, 500, 0.20000, 0.20721
11743, -18, 500, 0.20000, 0.21009
11744, -18, 500, 0.20000, 0.21081
11745, -18, 500, 0.20000, 0.21009
11746, -18, 500, 0.20000, 0.20650
11747, -18, 500, 0.20000, 0.21153
11748, -18, 500, 0.20000, 0.21117
11749, -18, 500, 0.20000, 0.20721
11750, -18, 500, 0.20000, 0.21153
11751, -18, 500, 0.20000, 0.21189
11752, -18, 500, 0.20000, 0.20865
11753, -18, 500, 0.20000, 0.21297
11754, -18, 500, 0.20000, 0.20254
11755, -18, 500, 0.20000, 0.19535
11756, -18, 500, 0.20000, 0.20865
11757, -18, 500, 0.20000, 0.20685
11758, -18, 500, 0.20000, 0.20973
11759, -18, 500, 0.20000, 0.20578
11760, -18, 500, 0.20000, 0.20685
11761, -18, 500, 0.20000, 0.20506
11762, -18, 500, 0.20000, 0.20542
11763, -18, 500, 0.20000, 0.20470
11764, -18, 500, 0.20000, 0.20074
11765, -18, 500, 0.20000, 0.20254
11766, -18, 500, 0.20000, 0.19751
11767, -18, 500, 0.20000, 0.20254
11768, -18, 500, 0.20000, 0.19823
11769, -18, 500, 0.20000, 0.19931
11770, -18, 500, 0.20000, 0.19895
11771, -18, 500, 0.20000, 0.20074
11772, -18, 500, 0.20000, 0.19895
11773, -18, 500, 0.20000, 0.19607
11774, -18, 500, 0.20000, 0.19535
11775, -18, 500, 0.20000, 0.19715
11776, -18, 500, 0.20000, 0.19859
11777, -18, 500, 0.20000, 0.19140
11778, -18, 500, 0.20000, 0.19679
11779, -18, 500, 0.20000, 0.19931
11780, -18, 500, 0.20000, 0.19355
11781, -18, 500, 0.20000, 0.20290
11782, -18, 500, 0.20000, 0.19463
11783, -18, 500, 0.20000, 0.19859
11784, -18, 500, 0.20000, 0.19859
11785, -18, 500, 0.20000, 0.19859
11786, -18, 500, 0.20000, 0.19859
11787, -18, 500, 0.20000, 0.19679
11788, -18, 500, 0.20000, 0.19931
11789, -18, 500, 0.20000, 0.19751
11790, -18, 500, 0.20000, 0.19787
11791, -18, 500, 0.20000, 0.19823
11792, -18, 500, 0.20000, 0.20110
11793, -18, 500, 0.20000, 0.20362
11794, -18, 500, 0.20000, 0.20002
11795, -18, 500, 0.20000, 0.19715
11796, -18, 500, 0.20000, 0.19895
11797, -18, 500, 0.20000, 0.19859
11798, -18, 500, 0.20000, 0.19895
11799, -18, 500, 0.20000, 0.19679
11800, -18, 500, 0.20000, 0.19895
11801, -18, 500, 0.20000, 0.18996
11802, -18, 500, 0.20000, 0.19643
11803, -18, 500, 0.20000, 0.19895
11804, -18, 500, 0.20000, 0.19931
11805, -18, 500, 0.20000, 0.19895
11806, -18, 500, 0.20000, 0.20290
11807, -18, 500, 0.20000, 0.19607
11808, -18, 500, 0.20000, 0.19931
11809, -18, 500, 0.20000, 0.19751
11810, -18, 500, 0.20000, 0.19859
11811, -18, 500, 0.20000, 0.20038
11812, -18, 500, 0.20000, 0.19787
11813, -18, 500, 0.20000, 0.20146
11814, -18, 500, 0.20000, 0.19823
11815, -18, 500, 0.20000, 0.20038
11816, -18, 500, 0.20000, 0.20002
11817, -18, 500, 0.20000, 0.19931
11818, -18, 500, 0.20000, 0.19679
11819, -18, 500, 0.20000, 0.19607
11820, -18, 500, 0.20000, 0.19859
11821, -18, 500, 0.20000, 0.20002
11822, -18, 500, 0.20000, 0.19751
11823, -18, 500, 0.20000, 0.19967
11824, -18, 500, 0.20000, 0.19931
11825, -18, 500, 0.20000, 0.19895
11826, -18, 500, 0.20000, 0.19751
11827, -18, 500, 0.20000, 0.19463
11828, -18, 500, 0.20000, 0.20074
11829, -18, 500, 0.20000, 0.19248
11830, -18, 500, 0.20000, 0.19607
11831, -18, 500, 0.20000, 0.20146
11832, -18, 500, 0.20000, 0.20038
11833, -18, 500, 0.20000, 0.19967
11834, -18, 500, 0.20000, 0.20074
11835, -18, 500, 0.20000, 0.19823
11836, -18, 500, 0.20000, 0.20038
11837, -18, 500, 0.20000, 0.19715
11838, -18, 500, 0.20000, 0.19823
11839, -18, 500, 0.20000, 0.19679
11840, -18, 500, 0.20000, 0.19895
11841, -18, 500, 0.20000, 0.19787
11842, -18, 500, 0.20000, 0.19715
11843, -18, 500, 0.20000, 0.20110
11844, -18, 500, 0.20000, 0.19751
11845, -18, 500, 0.20000, 0.20038
11846, -18, 500, 0.20000, 0.19607
11847, -18, 500, 0.20000, 0.19715
11848, -18, 500, 0.20000, 0.20290
11849, -18, 500, 0.20000, 0.19895
11850, -18, 500, 0.20000, 0.19787
11851, -18, 500, 0.20000, 0.20146
11852, -18, 500, 0.20000, 0.19679
11853, -18, 500, 0.20000, 0.19643
11854, -18, 500, 0.20000, 0.20182
11855, -18, 500, 0.20000, 0.20038
11856, -18, 500, 0.20000, 0.18385
11857, -18, 500, 0.20000, 0.20110
11858, -18, 500, 0.20000, 0.19931
11859, -18, 500, 0.20000, 0.19823
11860, -18, 500, 0.20000, 0.19823
11861, -18, 500, 0.20000, 0.20074
11862, -18, 500, 0.20000, 0.19967
11863, -18, 500, 0.20000, 0.19571
11864, -18, 500, 0.20000, 0.19751
11865, -18, 500, 0.20000, 0.20254
11866, -18, 500, 0.20000, 0.19643
11867, -18, 500, 0.20000, 0.19967
11868, -18, 500, 0.20000, 0.20290
11869, -18, 500, 0.20000, 0.19859
11870, -18, 500, 0.20000, 0.19859
11871, -18, 500, 0.20000, 0.19535
11872, -18, 500, 0.20000, 0.19967
11873, -18, 500, 0.20000, 0.19751
11874, -18, 500, 0.20000, 0.19823
11875, -18, 500, 0.20000, 0.20110
11876, -18, 500, 0.20000, 0.20398
11877, -18, 500, 0.20000, 0.20074
11878, -18, 500, 0.20000, 0.19787
11879, -18, 500, 0.20000, 0.20002
11880, -18, 500, 0.20000, 0.20218
11881, -18, 500, 0.20000, 0.20038
11882, -18, 500, 0.20000, 0.19895
11883, -18, 500, 0.20000, 0.19643
11884, -18, 500, 0.20000, 0.19823
11885, -18, 500, 0.20000, 0.20074
11886, -18, 500, 0.20000, 0.20218
11887, -18, 500, 0.20000, 0.19895
11888, -18, 500, 0.20000, 0.20182
11889, -18, 500, 0.20000, 0.19823
11890, -18, 500, 0.20000, 0.20002
11891, -18, 500, 0.20000, 0.20074
11892, -18, 500, 0.20000, 0.19427
11893, -18, 500, 0.20000, 0.20218
11894, -18, 500, 0.20000, 0.19859
11895, -18, 500, 0.20000, 0.20110
11896, -18, 500, 0.20000, 0.19643
11897, -18, 500, 0.20000, 0.20182
11898, -18, 500, 0.20000, 0.20290
11899, -18, 500, 0.20000, 0.18996
11900, -18, 500, 0.20000, 0.19607
11901, -18, 500, 0.20000, 0.19895
11902, -18, 500, 0.20000, 0.19859
11903, -18, 500, 0.20000, 0.20074
11904, -18, 500, 0.20000, 0.19931
11905, -18, 500, 0.20000, 0.19571
11906, -18, 500, 0.20000, 0.19607
11907, -18, 500, 0.20000, 0.20182
11908, -18, 500, 0.20000, 0.20146
11909, -18, 500, 0.20000, 0.19823
11910, -18, 500, 0.20000, 0.20290
11911, -18, 500, 0.20000, 0.19176
11912, -18, 500, 0.20000, 0.19607
11913, -18, 500, 0.20000, 0.20038
11914, -18, 500, 0.20000, 0.19895
11915, -18, 500, 0.20000, 0.20074
11916, -18, 500, 0.20000, 0.20506
11917, -18, 500, 0.20000, 0.19859
11918, -18, 500, 0.20000, 0.20146
11919, -18, 500, 0.20000, 0.19931
11920, -18, 500, 0.20000, 0.19859
11921, -18, 500, 0.20000, 0.19895
11922, -18, 500, 0.20000, 0.20038
11923, -18, 500, 0.20000, 0.19859
11924, -18, 500, 0.20000, 0.19931
11925, -18, 500, 0.20000, 0.19895
11926, -18, 500, 0.20000, 0.20074
11927, -18, 500, 0.20000, 0.20038
11928, -18, 500, 0.20000, 0.19751
11929, -18, 500, 0.20000, 0.19931
11930, -18, 500, 0.20000, 0.19967
11931, -18, 500, 0.20000, 0.19499
11932, -18, 500, 0.20000, 0.19931
11933, -18, 500, 0.20000, 0.19823
11934, -18, 500, 0.20000, 0.19931
11935, -18, 500, 0.20000, 0.19823
11936, -18, 500, 0.20000, 0.19967
11937, -18, 500, 0.20000, 0.20254
11938, -18, 500, 0.20000, 0.19931
11939, -18, 500, 0.20000, 0.19859
11940, -18, 500, 0.20000, 0.19787
11941, -18, 500, 0.20000, 0.19967
11942, -18, 500, 0.20000, 0.19931
11943, -18, 500, 0.20000, 0.19823
11944, -18, 500, 0.20000, 0.20074
11945, -18, 500, 0.20000, 0.19823
11946, -18, 500, 0.20000, 0.20290
11947, -18, 500, 0.20000, 0.19823
11948, -18, 500, 0.20000, 0.19823
11949, -18, 500, 0.20000, 0.19895
11950, -18, 500, 0.20000, 0.20182
11951, -18, 500, 0.20000, 0.20074
11952, -18, 500, 0.20000, 0.19751
11953, -18, 500, 0.20000, 0.20038
11954, -18, 500, 0.20000, 0.19823
11955, -18, 500, 0.20000, 0.20326
11956, -18, 500, 0.20000, 0.19715
11957, -18, 500, 0.20000, 0.19823
11958, -18, 500, 0.20000, 0.19823
11959, -18, 500, 0.20000, 0.20110
11960, -18, 500, 0.20000, 0.19823
11961, -18, 500, 0.20000, 0.19967
11962, -18, 500, 0.20000, 0.20218
11963, -18, 500, 0.20000, 0.19715
11964, -18, 500, 0.20000, 0.20110
11965, -18, 500, 0.20000, 0.19931
11966, -18, 500, 0.20000, 0.19859
11967, -18, 500, 0.20000, 0.20002
11968, -18, 500, 0.20000, 0.20074
11969, -18, 500, 0.20000, 0.20074
11970, -18, 500, 0.20000, 0.19535
11971, -18, 500, 0.20000, 0.20038
11972, -18, 500, 0.20000, 0.19859
11973, -18, 500, 0.20000, 0.19535
11974, -18, 500, 0.20000, 0.19967
11975, -18, 500, 0.20000, 0.19823
11976, -18, 500, 0.20000, 0.20002
11977, -18, 500, 0.20000, 0.19895
11978, -18, 500, 0.20000, 0.20002
11979, -18, 500, 0.20000, 0.19859
11980, -18, 500, 0.20000, 0.19967
11981, -18, 500, 0.20000, 0.19931
11982, -18, 500, 0.20000, 0.20146
11983, -18, 500, 0.20000, 0.19823
11984, -18, 500, 0.20000, 0.20110
11985, -18, 500, 0.20000, 0.19931
11986, -18, 500, 0.20000, 0.20038
11987, -18, 500, 0.20000, 0.19895
11988, -18, 500, 0.20000, 0.19895
11989, -18, 500, 0.20000, 0.19895
11990, -18, 500, 0.20000, 0.19859
11991, -18, 500, 0.20000, 0.20218
11992, -18, 500, 0.20000, 0.20074
11993, -18, 500, 0.20000, 0.19895
11994, -18, 500, 0.20000, 0.19859
11995, -18, 500, 0.20000, 0.19787
11996, -18, 500, 0.20000, 0.20038
11997, -18, 500, 0.20000, 0.20685
11998, -18, 500, 0.20000, 0.20038
11999, -18, 500, 0.20000, 0.20326
12000, -18, 500, 0.20000, 0.19967
12001, -18, 500, 0.20000, 0.20002
12002, -18, 500, 0.20000, 0.20110
12003, -18, 500, 0.20000, 0.19931
12004, -18, 500, 0.20000, 0.20002
12005, -18, 500, 0.20000, 0.19715
12006, -18, 500, 0.20000, 0.20002
12007, -18, 500, 0.20000, 0.20002
12008, -18, 500, 0.20000, 0.19823
12009, -18, 500, 0.20000, 0.19967
12010, -18, 500, 0.20000, 0.19931
12011, -18, 500, 0.20000, 0.19967
12012, -18, 500, 0.20000, 0.20146
12013, -18, 500, 0.20000, 0.19931
12014, -18, 500, 0.20000, 0.19895
12015, -18, 500, 0.20000, 0.19931
12016, -18, 500, 0.20000, 0.19463
12017, -18, 500, 0.20000, 0.20038
12018, -18, 500, 0.20000, 0.20074
12019, -18, 500, 0.20000, 0.20002
12020, -18, 500, 0.20000, 0.19787
12021, -18, 500, 0.20000, 0.19823
12022, -18, 500, 0.20000, 0.19859
12023, -18, 500, 0.20000, 0.20038
12024, -18, 500, 0.20000, 0.19967
12025, -18, 500, 0.20000, 0.20110
12026, -18, 500, 0.20000, 0.19535
12027, -18, 500, 0.20000, 0.19967
12028, -18, 500, 0.20000, 0.20110
12029, -18, 500, 0.20000, 0.20038
12030, -18, 500, 0.20000, 0.20038
12031, -18, 500, 0.20000, 0.19967
12032, -18, 500, 0.20000, 0.18241
12033, -18, 500, 0.20000, 0.19967
12034, -18, 500, 0.20000, 0.19859
12035, -18, 500, 0.20000, 0.19823
12036, -18, 500, 0.20000, 0.19535
12037, -18, 500, 0.20000, 0.19751
12038, -18, 500, 0.20000, 0.20110
12039, -18, 500, 0.20000, 0.19967
12040, -18, 500, 0.20000, 0.19463
12041, -18, 500, 0.20000, 0.19859
12042, -18, 500, 0.20000, 0.20182
12043, -18, 500, 0.20000, 0.20290
12044, -18, 500, 0.20000, 0.19463
12045, -18, 500, 0.20000, 0.20110
12046, -18, 500, 0.20000, 0.20362
12047, -18, 500, 0.20000, 0.19859
12048, -18, 500, 0.20000, 0.19859
12049, -18, 500, 0.20000, 0.20254
12050, -18, 500, 0.20000, 0.20002
12051, -18, 500, 0.20000, 0.19895
12052, -18, 500, 0.20000, 0.19931
12053, -18, 500, 0.20000, 0.19967
12054, -18, 500, 0.20000, 0.19931
12055, -18, 500, 0.20000, 0.20685
12056, -18, 500, 0.20000, 0.19823
12057, -18, 500, 0.20000, 0.19967
12058, -18, 500, 0.20000, 0.20002
12059, -18, 500, 0.20000, 0.20110
12060, -18, 500, 0.20000, 0.20578
12061, -18, 500, 0.20000, 0.19967
12062, -18, 500, 0.20000, 0.18601
12063, -18, 500, 0.20000, 0.20038
12064, -18, 500, 0.20000, 0.19895
12065, -18, 500, 0.20000, 0.19787
12066, -18, 500, 0.20000, 0.20002
12067, -18, 500, 0.20000, 0.19895
12068, -18, 500, 0.20000, 0.19931
12069, -18, 500, 0.20000, 0.20038
12070, -18, 500, 0.20000, 0.20038
12071, -18, 500, 0.20000, 0.19715
12072, -18, 500, 0.20000, 0.20074
12073, -18, 500, 0.20000, 0.20434
12074, -18, 500, 0.20000, 0.20110
12075, -18, 500, 0.20000, 0.20038
12076, -18, 500, 0.20000, 0.19931
12077, -18, 500, 0.20000, 0.20110
12078, -18, 500, 0.20000, 0.20038
12079, -18, 500, 0.20000, 0.20002
12080, -18, 500, 0.20000, 0.21225
12081, -18, 500, 0.20000, 0.19967
12082, -18, 500, 0.20000, 0.20002
12083, -18, 500, 0.20000, 0.19823
12084, -18, 500, 0.20000, 0.20038
12085, -18, 500, 0.20000, 0.19607
12086, -18, 500, 0.20000, 0.19715
12087, -18, 500, 0.20000, 0.19715
12088, -18, 500, 0.20000, 0.19607
12089, -18, 500, 0.20000, 0.19931
12090, -18, 500, 0.20000, 0.19967
12091, -18, 500, 0.20000, 0.20470
12092, -18, 500, 0.20000, 0.20218
12093, -18, 500, 0.20000, 0.20038
12094, -18, 500, 0.20000, 0.20002
12095, -18, 500, 0.20000, 0.20146
12096, -18, 500, 0.20000, 0.19859
12097, -18, 500, 0.20000, 0.19895
12098, -18, 500, 0.20000, 0.19859
12099, -18, 500, 0.20000, 0.20110
12100, -18, 500, 0.20000, 0.19895
12101, -18, 500, 0.20000, 0.20182
12102, -18, 500, 0.20000, 0.19535
12103, -18, 500, 0.00000, 0.20038
12104, -18, 500, 0.00000, 0.19715
12105, -18, 500, 0.00000, 0.20110
12106, -18, 500, 0.00000, 0.20110
12107, -18, 500, 0.00000, 0.19140
12108, -18, 500, 0.00000, 0.18673
12109, -18, 500, 0.00000, 0.17594
12110, -18, 500, 0.00000, 0.17271
12111, -18, 500, 0.00000, 0.16049
12112, -18, 500, 0.00000, 0.15114
12113, -18, 500, 0.00000, 0.14323
12114, -18, 500, 0.00000, 0.13317
12115, -18, 500, 0.00000, 0.12310
12116, -18, 500, 0.00000, 0.10980
12117, -18, 500, 0.00000, 0.10225
12118, -18, 500, 0.00000, 0.09327
12119, -18, 500, 0.00000, 0.08823
12120, -18, 500, 0.00000, 0.06990
12121, -18, 500, 0.00000, 0.06847
12122, -18, 500, 0.00000, 0.05696
12123, -18, 500, 0.00000, 0.05049
12124, -18, 500, 0.00000, 0.04330
12125, -18, 500, 0.00000, 0.03683
12126, -18, 500, 0.00000, 0.03108
12127, -18, 500, 0.00000, 0.02713
12128, -18, 500, 0.00000, 0.02030
12129, -18, 500, 0.00000, 0.01311
12130, -18, 500, 0.00000, 0.01095
12131, -18, 500, 0.00000, 0.00700
12132, -18, 500, 0.00000, 0.00340
12133, -18, 500, 0.00000, 0.00089
12134, -18, 500, 0.00000, -0.00019
12135, -18, 500, 0.00000, -0.00271
12136, -18, 500, 0.00000, -0.00522
12137, -18, 500, 0.00000, -0.00594
12138, -18, 500, 0.00000, -0.00846
12139, -18, 500, 0.00000, -0.00918
12140, -18, 500, 0.00000, -0.01026
12141, -18, 500, 0.00000, -0.00882
12142, -18, 500, 0.00000, -0.00990
12143, -18, 500, 0.00000, -0.01277
12144, -18, 500, 0.00000, -0.01457
12145, -18, 500, 0.00000, -0.00738
12146, -18, 500, 0.00000, -0.00846
12147, -18, 500, 0.00000, -0.00379
12148, -18, 500, 0.00000, -0.01313
12149, -18, 500, 0.00000, -0.00486
12150, -18, 500, 0.00000, -0.00882
12151, -18, 500, 0.00000, -0.00414
12152, -18, 500, 0.00000, -0.00414
12153, -18, 500, 0.00000, -0.00918
12154, -18, 500, 0.00000, -0.01241
12155, -18, 500, 0.00000, -0.00522
12156, -18, 500, 0.00000, -0.00522
12157, -18, 500, 0.00000, -0.01744
12158, -18, 500, 0.00000, -0.00450
12159, -18, 500, 0.00000, -0.01026
12160, -18, 500, 0.00000, -0.00343
12161, -18, 500, 0.00000, -0.00307
12162, -18, 500, 0.00000, -0.00307
12163, -18, 500, 0.00000, -0.00379
12164, -18, 500, 0.00000, -0.00091
12165, -18, 500, 0.00000, 0.00089
12166, -18, 500, 0.00000, 0.00376
12167, -18, 500, 0.00000, -0.00091
12168, -18, 500, 0.00000, -0.00055
12169, -18, 500, 0.00000, 0.00125
12170, -18, 500, 0.00000, 0.00233
12171, -18, 500, 0.00000, 0.00304
12172, -18, 500, 0.00000, -0.00091
12173, -18, 500, 0.00000, 0.00233
12174, -18, 500, 0.00000, 0.00376
12175, -18, 500, 0.00000, -0.01133
12176, -18, 500, 0.00000, -0.00127
12177, -18, 500, 0.00000, 0.00089
12178, -18, 500, 0.00000, 0.00017
12179, -18, 500, 0.00000, 0.00269
12180, -18, 500, 0.00000, -0.00055
12181, -18, 500, 0.00000, -0.00055
12182, -18, 500, 0.00000, 0.00125
12183, -18, 500, 0.00000, -0.00414
12184, -18, 500, 0.00000, 0.00089
12185, -18, 500, 0.00000, 0.00125
12186, -18, 500, 0.00000, -0.00235
12187, -18, 500, 0.00000, -0.00163
12188, -18, 500, 0.00000, -0.00019
12189, -18, 500, 0.00000, 0.00592
12190, -18, 500, 0.00000, -0.00522
12191, -18, 500, 0.00000, 0.00053
12192, -18, 500, 0.00000, -0.00091
12193, -18, 500, 0.00000, 0.00053
12194, -18, 500, 0.00000, -0.00163
12195, -18, 500, 0.00000, 0.00125
12196, -18, 500, 0.00000, -0.00127
12197, -18, 500, 0.00000, -0.00343
12198, -18, 500, 0.00000, 0.00053
12199, -18, 500, 0.00000, -0.00127
12200, -18, 500, 0.00000, 0.00053
12201, -18, 500, 0.00000, -0.00414
12202, -18, 500, 0.00000, 0.00233
12203, -18, 500, 0.00000, -0.00127
12204, -18, 500, 0.00000, 0.00412
12205, -18, 500, 0.00000, 0.00017
12206, -18, 500, 0.00000, 0.00125
12207, -18, 500, 0.00000, -0.00127
12208, -18, 500, 0.00000, 0.00233
12209, -18, 500, 0.00000, 0.00736
12210, -18, 500, 0.00000, -0.00235
12211, -18, 500, 0.00000, 0.00089
12212, -18, 500, 0.00000, 0.00197
12213, -18, 500, 0.00000, 0.00556
12214, -18, 500, 0.00000, -0.00055
12215, -18, 500, 0.00000, -0.00163
12216, -18, 500, 0.00000, 0.00340
12217, -18, 500, 0.00000, 0.00017
12218, -18, 500, 0.00000, 0.00556
12219, -18, 500, 0.00000, 0.00197
12220, -18, 500, 0.00000, -0.00055
12221, -18, 500, 0.00000, 0.00304
12222, -18, 500, 0.00000, -0.00343
12223, -18, 500, 0.00000, 0.00125
12224, -18, 500, 0.00000, -0.00558
12225, -18, 500, 0.00000, 0.00269
12226, -18, 500, 0.00000, -0.00055
12227, -18, 500, 0.00000, 0.00089
12228, -18, 500, 0.00000, 0.00269
12229, -18, 500, 0.00000, -0.00199
12230, -18, 500, 0.00000, 0.00808
12231, -18, 500, 0.00000, 0.00089
12232, -18, 500, 0.00000, 0.00053
12233, -18, 500, 0.00000, 0.00053
12234, -18, 500, 0.00000, -0.00091
12235, -18, 500, 0.00000, 0.00197
12236, -18, 500, 0.00000, -0.00235
12237, -18, 500, 0.00000, -0.00127
12238, -18, 500, 0.00000, -0.00343
12239, -18, 500, 0.00000, 0.00448
12240, -18, 500, 0.00000, -0.00019
12241, -18, 500, 0.00000, -0.00127
12242, -18, 500, 0.00000, -0.00774
12243, -18, 500, 0.00000, 0.00017
12244, -18, 500, 0.00000, -0.00127
12245, -18, 500, 0.00000, 0.00089
12246, -18, 500, 0.00000, 0.00089
12247, -18, 500, 0.00000, 0.00053
12248, -18, 500, 0.00000, -0.00019
12249, -18, 500, 0.00000, -0.00163
12250, -18, 500, 0.00000, 0.00664
12251, -18, 500, 0.00000, -0.00055
12252, -18, 500, 0.00000, -0.00271
12253, -18, 500, 0.00000, 0.00628
12254, -18, 500, 0.00000, -0.00163
12255, -18, 500, 0.00000, -0.00127
12256, -18, 500, 0.00000, 0.00340
12257, -18, 500, 0.00000, 0.00053
12258, -18, 500, 0.00000, 0.00340
12259, -18, 500, 0.00000, 0.00448
12260, -18, 500, 0.00000, -0.00199
12261, -18, 500, 0.00000, 0.00125
12262, -18, 500, 0.00000, -0.00055
12263, -18, 500, 0.00000, -0.00055
12264, -18, 500, 0.00000, -0.00019
12265, -18, 500, 0.00000, 0.00125
12266, -18, 500, 0.00000, -0.00235
12267, -18, 500, 0.00000, 0.00053
12268, -18, 500, 0.00000, 0.00340
12269, -18, 500, 0.00000, 0.00089
12270, -18, 500, 0.00000, -0.00019
12271, -18, 500, 0.00000, 0.00053
12272, -18, 500, 0.00000, 0.00161
12273, -18, 500, 0.00000, 0.00053
12274, -18, 500, 0.00000, 0.00053
12275, -18, 500, 0.00000, 0.00053
12276, -18, 500, 0.00000, -0.00055
12277, -18, 500, 0.00000, -0.00199
12278, -18, 500, 0.00000, -0.00019
12279, -18, 500, 0.00000, -0.00235
12280, -18, 500, 0.00000, 0.00053
12281, -18, 500, 0.00000, 0.00017
12282, -18, 500, 0.00000, -0.00127
12283, -18, 500, 0.00000, 0.00376
12284, -18, 500, 0.00000, -0.00163
12285, -18, 500, 0.00000, -0.00019
12286, -18, 500, 0.00000, -0.00055
12287, -18, 500, 0.00000, 0.00161
12288, -18, 500, 0.00000, 0.00125
12289, -18, 500, 0.00000, -0.00486
12290, -18, 500, 0.00000, -0.00271
12291, -18, 500, 0.00000, 0.00089
12292, -18, 500, 0.00000, 0.00304
12293, -18, 500, 0.00000, -0.00271
12294, -18, 500, 0.00000, -0.00343
12295, -18, 500, 0.00000, -0.00271
12296, -18, 500, 0.00000, 0.00125
12297, -18, 500, 0.00000, 0.00017
12298, -18, 500, 0.00000, -0.00019
12299, -18, 500, 0.00000, -0.00810
12300, -18, 500, 0.00000, 0.00089
12301, -18, 500, 0.00000, 0.00304
12302, -18, 500, 0.00000, 0.00161
12303, -18, 500, 0.00000, -0.00199
12304, -18, 500, 0.00000, -0.00019
12305, -18, 500, 0.00000, -0.00199
12306, -18, 500, 0.00000, -0.00199
12307, -18, 500, 0.00000, -0.00091
12308, -18, 500, 0.00000, 0.00197
12309, -18, 500, 0.00000, 0.00304
12310, -18, 500, 0.00000, -0.01385
12311, -18, 500, 0.00000, -0.00127
12312, -18, 500, 0.00000, -0.00055
12313, -18, 500, 0.00000, 0.00089
12314, -18, 500, 0.00000, 0.00089
12315, -18, 500, 0.00000, -0.00019
12316, -18, 500, 0.00000, -0.00450
12317, -18, 500, 0.00000, -0.00019
12318, -18, 500, 0.00000, 0.00053
12319, -18, 500, 0.00000, -0.00271
12320, -18, 500, 0.00000, -0.00091
12321, -18, 500, 0.00000, -0.00055
12322, -18, 500, 0.00000, 0.00520
12323, -18, 500, 0.00000, -0.01637
12324, -18, 500, 0.00000, 0.00340
12325, -18, 500, 0.00000, -0.00414
12326, -18, 500, 0.00000, -0.00091
12327, -18, 500, 0.00000, -0.00019
12328, -18, 500, 0.00000, 0.00233
12329, -18, 500, 0.00000, -0.00019
12330, -18, 500, 0.00000, 0.00017
12331, -18, 500, 0.00000, -0.00091
12332, -18, 500, 0.00000, 0.00125
12333, -18, 500, 0.00000, -0.00091
12334, -18, 500, 0.00000, 0.00304
12335, -18, 500, 0.00000, -0.00450
12336, -18, 500, 0.00000, -0.00019
12337, -18, 500, 0.00000, -0.00307
12338, -18, 500, 0.00000, 0.00089
12339, -18, 500, 0.00000, 0.00197
12340, -18, 500, 0.00000, -0.00091
12341, -18, 500, 0.00000, 0.00017
12342, -18, 500, 0.00000, -0.00271
12343, -18, 500, 0.00000, -0.00055
12344, -18, 500, 0.00000, 0.00089
12345, -18, 500, 0.00000, -0.00055
12346, -18, 500, 0.00000, -0.00019
12347, -18, 500, 0.00000, 0.00233
12348, -18, 500, 0.00000, -0.00091
12349, -18, 500, 0.00000, 0.00053
12350, -18, 500, 0.00000, -0.00990
12351, -18, 500, 0.00000, -0.00199
12352, -18, 500, 0.00000, 0.00197
12353, -18, 500, 0.00000, 0.00233
12354, -18, 500, 0.00000, -0.00055
12355, -18, 500, 0.00000, -0.00019
12356, -18, 500, 0.00000, -0.00163
12357, -18, 500, 0.00000, -0.00379
12358, -18, 500, 0.00000, -0.00846
12359, -18, 500, 0.00000, -0.00199
12360, -18, 500, 0.00000, -0.00127
12361, -18, 500, 0.00000, -0.00091
12362, -18, 500, 0.00000, -0.00199
12363, -18, 500, 0.00000, 0.00448
12364, -18, 500, 0.00000, 0.00089
12365, -18, 500, 0.00000, -0.00019
12366, -18, 500, 0.00000, -0.00019
12367, -18, 500, 0.00000, -0.00127
12368, -18, 500, 0.00000, -0.00091
12369, -18, 500, 0.00000, -0.00127
12370, -18, 500, 0.00000, 0.00017
12371, -18, 500, 0.00000, 0.00053
12372, -18, 500, 0.00000, -0.00414
12373, -18, 500, 0.00000, -0.00055
12374, -18, 500, 0.00000, -0.00127
12375, -18, 500, 0.00000, -0.00127
12376, -18, 500, 0.00000, 0.00125
12377, -18, 500, 0.00000, 0.00089
12378, -18, 500, 0.00000, 0.00197
12379, -18, 500, 0.00000, 0.00089
12380, -18, 500, 0.00000, 0.00089
12381, -18, 500, 0.00000, 0.00053
12382, -18, 500, 0.00000, -0.00271
12383, -18, 500, 0.00000, 0.00053
12384, -18, 500, 0.00000, 0.00089
12385, -18, 500, 0.00000, -0.00199
12386, -18, 500, 0.00000, -0.00055
12387, -18, 500, 0.00000, -0.00343
12388, -18, 500, 0.00000, -0.00846
12389, -18, 500, 0.00000, 0.00017
12390, -18, 500, 0.00000, -0.00127
12391, -18, 500, 0.00000, 0.00053
12392, -18, 500, 0.00000, 0.00520
12393, -18, 500, 0.00000, -0.00127
12394, -18, 500, 0.00000, 0.00161
12395, -18, 500, 0.00000, 0.00484
12396, -18, 500, 0.00000, 0.00017
12397, -18, 500, 0.00000, 0.00233
12398, -18, 500, 0.00000, -0.00019
12399, -18, 500, 0.00000, -0.00163
12400, -18, 500, 0.00000, 0.00053
12401, -18, 500, 0.00000, 0.00053
12402, -18, 500, 0.00000, 0.00556
12403, -18, 500, 0.00000, 0.00125
12404, -18, 500, 0.00000, -0.00091
12405, -18, 500, 0.00000, 0.00125
12406, -18, 500, 0.00000, 0.00233
12407, -18, 500, 0.00000, 0.00089
12408, -18, 500, 0.00000, -0.00163
12409, -18, 500, 0.00000, 0.00448
12410, -18, 500, 0.00000, -0.00091
12411, -18, 500, 0.00000, 0.00161
12412, -18, 500, 0.00000, 0.00089
12413, -18, 500, 0.00000, 0.00376
12414, -18, 500, 0.00000, -0.00163
12415, -18, 500, 0.00000, -0.00055
12416, -18, 500, 0.00000, -0.00055
12417, -18, 500, 0.00000, 0.00340
12418, -18, 500, 0.00000, 0.00340
12419, -18, 500, 0.00000, -0.00127
12420, -18, 500, 0.00000, -0.00414
12421, -18, 500, 0.00000, -0.00091
12422, -18, 500, 0.00000, -0.00127
12423, -18, 500, 0.00000, -0.00558
12424, -18, 500, 0.00000, 0.00412
12425, -18, 500, 0.00000, 0.00053
12426, -18, 500, 0.00000, 0.00089
12427, -18, 500, 0.00000, -0.00522
12428, -18, 500, 0.00000, -0.00522
12429, -18, 500, 0.00000, 0.00089
12430, -18, 500, 0.00000, -0.00127
12431, -18, 500, 0.00000, -0.00055
12432, -18, 500, 0.00000, -0.00235
12433, -18, 500, 0.00000, 0.00017
12434, -18, 500, 0.00000, 0.00125
12435, -18, 500, 0.00000, -0.00199
12436, -18, 500, 0.00000, -0.00091
12437, -18, 500, 0.00000, -0.00019
12438, -18, 500, 0.00000, 0.00269
12439, -18, 500, 0.00000, 0.00197
12440, -18, 500, 0.00000, 0.00053
12441, -18, 500, 0.00000, 0.00520
12442, -18, 500, 0.00000, 0.00700
12443, -18, 500, 0.00000, -0.00127
12444, -18, 500, 0.00000, 0.00125
12445, -18, 500, 0.00000, -0.00091
12446, -18, 500, 0.00000, -0.00055
12447, -18, 500, 0.00000, -0.00055
12448, -18, 500, 0.00000, -0.00091
12449, -18, 500, 0.00000, -0.00091
12450, -18, 500, 0.00000, 0.00197
12451, -18, 500, 0.00000, 0.00053
12452, -18, 500, 0.00000, 0.00089
12453, -18, 500, 0.00000, 0.00017
12454, -18, 500, 0.00000, 0.00053
12455, -18, 500, 0.00000, 0.00017
12456, -18, 500, 0.00000, -0.00379
12457, -18, 500, 0.00000, 0.00161
12458, -18, 500, 0.00000, -0.00163
12459, -18, 500, 0.00000, -0.00019
12460, -18, 500, 0.00000, -0.00199
12461, -18, 500, 0.00000, -0.00055
12462, -18, 500, 0.00000, -0.00486
12463, -18, 500, 0.00000, -0.00235
12464, -18, 500, 0.00000, -0.00091
12465, -18, 500, 0.00000, 0.00017
12466, -18, 500, 0.00000, 0.00053
12467, -18, 500, 0.00000, -0.00235
12468, -18, 500, 0.00000, -0.00235
12469, -18, 500, 0.00000, -0.00091
12470, -18, 500, 0.00000, -0.00450
12471, -18, 500, 0.00000, 0.00017
12472, -18, 500, 0.00000, -0.00091
12473, -18, 500, 0.00000, 0.00233
12474, -18, 500, 0.00000, -0.00091
12475, -18, 500, 0.00000, -0.00163
12476, -18, 500, 0.00000, 0.00089
12477, -18, 500, 0.00000, -0.00127
12478, -18, 500, 0.00000, 0.00017
12479, -18, 500, 0.00000, -0.00163
12480, -18, 500, 0.00000, 0.00017
12481, -18, 500, 0.00000, -0.00019
12482, -18, 500, 0.00000, 0.00161
12483, -18, 500, 0.00000, 0.00340
12484, -18, 500, 0.00000, -0.00127
12485, -18, 500, 0.00000, 0.00304
12486, -18, 500, 0.00000, 0.00448
12487, -18, 500, 0.00000, -0.00091
12488, -18, 500, 0.00000, 0.00053
12489, -18, 500, 0.00000, 0.00664
12490, -18, 500, 0.00000, -0.00091
12491, -18, 500, 0.00000, 0.00053
12492, -18, 500, 0.00000, -0.00127
12493, -18, 500, 0.00000, -0.00091
12494, -18, 500, 0.20000, -0.00055
12495, -18, 500, 0.20000, 0.00520
12496, -18, 500, 0.20000, 0.00197
12497, -18, 500, 0.20000, -0.00163
12498, -18, 500, 0.20000, 0.00844
12499, -18, 500, 0.20000, 0.01598
12500, -18, 500, 0.20000, 0.02317
12501, -18, 500, 0.20000, 0.03432
12502, -18, 500, 0.20000, 0.03971
12503, -18, 500, 0.20000, 0.05085
12504, -18, 500, 0.20000, 0.05840
12505, -18, 500, 0.20000, 0.06990
12506, -18, 500, 0.20000, 0.07673
12507, -18, 500, 0.20000, 0.08392
12508, -18, 500, 0.20000, 0.10297
12509, -18, 500, 0.20000, 0.10549
12510, -18, 500, 0.20000, 0.11699
12511, -18, 500, 0.20000, 0.12562
12512, -18, 500, 0.20000, 0.13173
12513, -18, 500, 0.20000, 0.13460
12514, -18, 500, 0.20000, 0.15150
12515, -18, 500, 0.20000, 0.15617
12516, -18, 500, 0.20000, 0.15797
12517, -18, 500, 0.20000, 0.16696
12518, -18, 500, 0.20000, 0.16983
12519, -18, 500, 0.20000, 0.17810
12520, -18, 500, 0.20000, 0.18277
12521, -18, 500, 0.20000, 0.18780
12522, -18, 500, 0.20000, 0.19643
12523, -18, 500, 0.20000, 0.19212
12524, -18, 500, 0.20000, 0.19931
12525, -18, 500, 0.20000, 0.20254
12526, -18, 500, 0.20000, 0.20614
12527, -18, 500, 0.20000, 0.20614
12528, -18, 500, 0.20000, 0.20973
12529, -18, 500, 0.20000, 0.20793
12530, -18, 500, 0.20000, 0.20685
12531, -18, 500, 0.20000, 0.20865
12532, -18, 500, 0.20000, 0.21009
12533, -18, 500, 0.20000, 0.20865
12534, -18, 500, 0.20000, 0.21117
12535, -18, 500, 0.20000, 0.21009
12536, -18, 500, 0.20000, 0.20721
12537, -18, 500, 0.20000, 0.20038
12538, -18, 500, 0.20000, 0.20901
12539, -18, 500, 0.20000, 0.20829
12540, -18, 500, 0.20000, 0.20757
12541, -18, 500, 0.20000, 0.21440
12542, -18, 500, 0.20000, 0.20470
12543, -18, 500, 0.20000, 0.20757
12544, -18, 500, 0.20000, 0.20721
12545, -18, 500, 0.20000, 0.21009
12546, -18, 500, 0.20000, 0.21009
12547, -18, 500, 0.20000, 0.20685
12548, -18, 500, 0.20000, 0.20470
12549, -18, 500, 0.20000, 0.20470
12550, -18, 500, 0.20000, 0.20290
12551, -18, 500, 0.20000, 0.20614
12552, -18, 500, 0.20000, 0.20146
12553, -18, 500, 0.20000, 0.20254
12554, -18, 500, 0.20000, 0.20146
12555, -18, 500, 0.20000, 0.19715
12556, -18, 500, 0.20000, 0.20326
12557, -18, 500, 0.20000, 0.20254
12558, -18, 500, 0.20000, 0.19967
12559, -18, 500, 0.20000, 0.20074
12560, -18, 500, 0.20000, 0.19967
12561, -18, 500, 0.20000, 0.20038
12562, -18, 500, 0.20000, 0.19715
12563, -18, 500, 0.20000, 0.20038
12564, -18, 500, 0.20000, 0.20146
12565, -18, 500, 0.20000, 0.19931
12566, -18, 500, 0.20000, 0.20074
12567, -18, 500, 0.20000, 0.19715
12568, -18, 500, 0.20000, 0.20074
12569, -18, 500, 0.20000, 0.20146
12570, -18, 500, 0.20000, 0.19751
12571, -18, 500, 0.20000, 0.19859
12572, -18, 500, 0.20000, 0.19823
12573, -18, 500, 0.20000, 0.19895
12574, -18, 500, 0.20000, 0.20182
12575, -18, 500, 0.20000, 0.19607
12576, -18, 500, 0.20000, 0.19355
12577, -18, 500, 0.20000, 0.19931
12578, -18, 500, 0.20000, 0.20470
12579, -18, 500, 0.20000, 0.20182
12580, -18, 500, 0.20000, 0.19823
12581, -18, 500, 0.20000, 0.19535
12582, -18, 500, 0.20000, 0.19643
12583, -18, 500, 0.20000, 0.19427
12584, -18, 500, 0.20000, 0.20038
12585, -18, 500, 0.20000, 0.20074
12586, -18, 500, 0.20000, 0.19823
12587, -18, 500, 0.20000, 0.19751
12588, -18, 500, 0.20000, 0.19895
12589, -18, 500, 0.20000, 0.19823
12590, -18, 500, 0.20000, 0.20290
12591, -18, 500, 0.20000, 0.20506
12592, -18, 500, 0.20000, 0.19571
12593, -18, 500, 0.20000, 0.19859
12594, -18, 500, 0.20000, 0.19895
12595, -18, 500, 0.20000, 0.19895
12596, -18, 500, 0.20000, 0.19895
12597, -18, 500, 0.20000, 0.20038
12598, -18, 500, 0.20000, 0.20218
12599, -18, 500, 0.20000, 0.19643
12600, -18, 500, 0.20000, 0.19895
12601, -18, 500, 0.20000, 0.20002
12602, -18, 500, 0.20000, 0.20470
12603, -18, 500, 0.20000, 0.19967
12604, -18, 500, 0.20000, 0.20218
12605, -18, 500, 0.20000, 0.19823
12606, -18, 500, 0.20000, 0.20110
12607, -18, 500, 0.20000, 0.19859
12608, -18, 500, 0.20000, 0.20254
12609, -18, 500, 0.20000, 0.19607
12610, -18, 500, 0.20000, 0.20110
12611, -18, 500, 0.20000, 0.20182
12612, -18, 500, 0.20000, 0.20614
12613, -18, 500, 0.20000, 0.19715
12614, -18, 500, 0.20000, 0.19751
12615, -18, 500, 0.20000, 0.20074
12616, -18, 500, 0.20000, 0.20290
12617, -18, 500, 0.20000, 0.20326
12618, -18, 500, 0.20000, 0.20182
12619, -18, 500, 0.20000, 0.19931
12620, -18, 500, 0.20000, 0.19787
12621, -18, 500, 0.20000, 0.20038
12622, -18, 500, 0.20000, 0.20146
12623, -18, 500, 0.20000, 0.20182
12624, -18, 500, 0.20000, 0.19643
12625, -18, 500, 0.20000, 0.19571
12626, -18, 500, 0.20000, 0.20038
12627, -18, 500, 0.20000, 0.19895
12628, -18, 500, 0.20000, 0.20290
12629, -18, 500, 0.20000, 0.20506
12630, -18, 500, 0.20000, 0.20002
12631, -18, 500, 0.20000, 0.18996
12632, -18, 500, 0.20000, 0.20146
12633, -18, 500, 0.20000, 0.20002
12634, -18, 500, 0.20000, 0.20470
12635, -18, 500, 0.20000, 0.20398
12636, -18, 500, 0.20000, 0.19787
12637, -18, 500, 0.20000, 0.19967
12638, -18, 500, 0.20000, 0.20038
12639, -18, 500, 0.20000, 0.19895
12640, -18, 500, 0.20000, 0.19931
12641, -18, 500, 0.20000, 0.19823
12642, -18, 500, 0.20000, 0.19751
12643, -18, 500, 0.20000, 0.19643
12644, -18, 500, 0.20000, 0.19823
12645, -18, 500, 0.20000, 0.20074
12646, -18, 500, 0.20000, 0.19751
12647, -18, 500, 0.20000, 0.20757
12648, -18, 500, 0.20000, 0.19787
12649, -18, 500, 0.20000, 0.19823
12650, -18, 500, 0.20000, 0.19967
12651, -18, 500, 0.20000, 0.20398
12652, -18, 500, 0.20000, 0.20038
12653, -18, 500, 0.20000, 0.20074
12654, -18, 500, 0.20000, 0.20110
12655, -18, 500, 0.20000, 0.19895
12656, -18, 500, 0.20000, 0.20578
12657, -18, 500, 0.20000, 0.19643
12658, -18, 500, 0.20000, 0.19499
12659, -18, 500, 0.20000, 0.19967
12660, -18, 500, 0.20000, 0.19859
12661, -18, 500, 0.20000, 0.20002
12662, -18, 500, 0.20000, 0.19967
12663, -18, 500, 0.20000, 0.20937
12664, -18, 500, 0.20000, 0.20146
12665, -18, 500, 0.20000, 0.19715
12666, -18, 500, 0.20000, 0.19931
12667, -18, 500, 0.20000, 0.19931
12668, -18, 500, 0.20000, 0.20110
12669, -18, 500, 0.20000, 0.19859
12670, -18, 500, 0.20000, 0.20757
12671, -18, 500, 0.20000, 0.19751
12672, -18, 500, 0.20000, 0.19787
12673, -18, 500, 0.20000, 0.19787
12674, -18, 500, 0.20000, 0.19895
12675, -18, 500, 0.20000, 0.19859
12676, -18, 500, 0.20000, 0.19967
12677, -18, 500, 0.20000, 0.20002
12678, -18, 500, 0.20000, 0.20254
12679, -18, 500, 0.20000, 0.20074
12680, -18, 500, 0.20000, 0.19823
12681, -18, 500, 0.20000, 0.19967
12682, -18, 500, 0.20000, 0.19607
12683, -18, 500, 0.20000, 0.19859
12684, -18, 500, 0.20000, 0.20002
12685, -18, 500, 0.20000, 0.19967
12686, -18, 500, 0.20000, 0.20290
12687, -18, 500, 0.20000, 0.19284
12688, -18, 500, 0.20000, 0.19787
12689, -18, 500, 0.20000, 0.20074
12690, -18, 500, 0.20000, 0.20002
12691, -18, 500, 0.20000, 0.19787
12692, -18, 500, 0.20000, 0.19787
12693, -18, 500, 0.20000, 0.19859
12694, -18, 500, 0.20000, 0.19607
12695, -18, 500, 0.20000, 0.19679
12696, -18, 500, 0.20000, 0.19571
12697, -18, 500, 0.20000, 0.19931
12698, -18, 500, 0.20000, 0.19679
12699, -18, 500, 0.20000, 0.19751
12700, -18, 500, 0.20000, 0.19212
12701, -18, 500, 0.20000, 0.19787
12702, -18, 500, 0.20000, 0.20218
12703, -18, 500, 0.20000, 0.20110
12704, -18, 500, 0.20000, 0.19751
12705, -18, 500, 0.20000, 0.19931
12706, -18, 500, 0.20000, 0.19643
12707, -18, 500, 0.20000, 0.19895
12708, -18, 500, 0.20000, 0.20038
12709, -18, 500, 0.20000, 0.19823
12710, -18, 500, 0.20000, 0.20542
12711, -18, 500, 0.20000, 0.20398
12712, -18, 500, 0.20000, 0.20290
12713, -18, 500, 0.20000, 0.19931
12714, -18, 500, 0.20000, 0.19823
12715, -18, 500, 0.20000, 0.20146
12716, -18, 500, 0.20000, 0.19931
12717, -18, 500, 0.20000, 0.19931
12718, -18, 500, 0.20000, 0.20074
12719, -18, 500, 0.20000, 0.19895
12720, -18, 500, 0.20000, 0.20002
12721, -18, 500, 0.20000, 0.20110
12722, -18, 500, 0.20000, 0.19751
12723, -18, 500, 0.20000, 0.20146
12724, -18, 500, 0.20000, 0.19931
12725, -18, 500, 0.20000, 0.19859
12726, -18, 500, 0.20000, 0.19823
12727, -18, 500, 0.20000, 0.19823
12728, -18, 500, 0.20000, 0.19643
12729, -18, 500, 0.20000, 0.19535
12730, -18, 500, 0.20000, 0.20146
12731, -18, 500, 0.20000, 0.20074
12732, -18, 500, 0.20000, 0.19967
12733, -18, 500, 0.20000, 0.19571
12734, -18, 500, 0.20000, 0.20038
12735, -18, 500, 0.20000, 0.20254
12736, -18, 500, 0.20000, 0.19859
12737, -18, 500, 0.20000, 0.19787
12738, -18, 500, 0.20000, 0.20362
12739, -18, 500, 0.20000, 0.19320
12740, -18, 500, 0.20000, 0.19607
12741, -18, 500, 0.20000, 0.19895
12742, -18, 500, 0.20000, 0.19859
12743, -18, 500, 0.20000, 0.19895
12744, -18, 500, 0.20000, 0.20074
12745, -18, 500, 0.20000, 0.19967
12746, -18, 500, 0.20000, 0.19967
12747, -18, 500, 0.20000, 0.19787
12748, -18, 500, 0.20000, 0.20182
12749, -18, 500, 0.20000, 0.20290
12750, -18, 500, 0.20000, 0.19751
12751, -18, 500, 0.20000, 0.19859
12752, -18, 500, 0.20000, 0.19859
12753, -18, 500, 0.20000, 0.19823
12754, -18, 500, 0.20000, 0.19715
12755, -18, 500, 0.20000, 0.19967
12756, -18, 500, 0.20000, 0.20146
12757, -18, 500, 0.20000, 0.19859
12758, -18, 500, 0.20000, 0.19715
12759, -18, 500, 0.20000, 0.20074
12760, -18, 500, 0.20000, 0.19859
12761, -18, 500, 0.20000, 0.20002
12762, -18, 500, 0.20000, 0.19967
12763, -18, 500, 0.20000, 0.19571
12764, -18, 500, 0.20000, 0.19679
12765, -18, 500, 0.20000, 0.20110
12766, -18, 500, 0.20000, 0.19967
12767, -18, 500, 0.20000, 0.20182
12768, -18, 500, 0.20000, 0.20074
12769, -18, 500, 0.20000, 0.18888
12770, -18, 500, 0.20000, 0.20110
12771, -18, 500, 0.20000, 0.20002
12772, -18, 500, 0.20000, 0.19715
12773, -18, 500, 0.20000, 0.19751
12774, -18, 500, 0.20000, 0.19931
12775, -18, 500, 0.20000, 0.19823
12776, -18, 500, 0.20000, 0.19895
12777, -18, 500, 0.20000, 0.20110
12778, -18, 500, 0.20000, 0.20182
12779, -18, 500, 0.20000, 0.20002
12780, -18, 500, 0.20000, 0.20146
12781, -18, 500, 0.20000, 0.19823
12782, -18, 500, 0.20000, 0.20038
12783, -18, 500, 0.20000, 0.20146
12784, -18, 500, 0.20000, 0.19715
12785, -18, 500, 0.20000, 0.19391
12786, -18, 500, 0.20000, 0.20038
12787, -18, 500, 0.20000, 0.19895
12788, -18, 500, 0.20000, 0.20038
12789, -18, 500, 0.20000, 0.19859
12790, -18, 500, 0.20000, 0.20254
12791, -18, 500, 0.20000, 0.20182
12792, -18, 500, 0.20000, 0.19859
12793, -18, 500, 0.20000, 0.19931
12794, -18, 500, 0.20000, 0.19967
12795, -18, 500, 0.20000, 0.20110
12796, -18, 500, 0.20000, 0.19715
12797, -18, 500, 0.20000, 0.19931
12798, -18, 500, 0.20000, 0.19427
12799, -18, 500, 0.20000, 0.19715
12800, -18, 500, 0.20000, 0.19967
12801, -18, 500, 0.20000, 0.20074
12802, -18, 500, 0.20000, 0.20218
12803, -18, 500, 0.20000, 0.19284
12804, -18, 500, 0.20000, 0.19787
12805, -18, 500, 0.20000, 0.19715
12806, -18, 500, 0.20000, 0.20002
12807, -18, 500, 0.20000, 0.19859
12808, -18, 500, 0.20000, 0.20146
12809, -18, 500, 0.20000, 0.20002
12810, -18, 500, 0.20000, 0.19787
12811, -18, 500, 0.20000, 0.19715
12812, -18, 500, 0.20000, 0.20074
12813, -18, 500, 0.20000, 0.19967
12814, -18, 500, 0.20000, 0.20002
12815, -18, 500, 0.20000, 0.19931
12816, -18, 500, 0.20000, 0.19895
12817, -18, 500, 0.20000, 0.19931
12818, -18, 500, 0.20000, 0.19787
12819, -18, 500, 0.20000, 0.19643
12820, -18, 500, 0.20000, 0.20542
12821, -18, 500, 0.20000, 0.20110
12822, -18, 500, 0.20000, 0.19535
12823, -18, 500, 0.20000, 0.20182
12824, -18, 500, 0.20000, 0.20362
12825, -18, 500, 0.20000, 0.19535
12826, -18, 500, 0.20000, 0.19607
12827, -18, 500, 0.20000, 0.20074
12828, -18, 500, 0.20000, 0.20182
12829, -18, 500, 0.20000, 0.20002
12830, -18, 500, 0.20000, 0.19967
12831, -18, 500, 0.20000, 0.20290
12832, -18, 500, 0.20000, 0.19715
12833, -18, 500, 0.20000, 0.19895
12834, -18, 500, 0.20000, 0.20002
12835, -18, 500, 0.20000, 0.19859
12836, -18, 500, 0.20000, 0.19895
12837, -18, 500, 0.20000, 0.19679
12838, -18, 500, 0.20000, 0.19823
12839, -18, 500, 0.20000, 0.19931
12840, -18, 500, 0.20000, 0.19967
12841, -18, 500, 0.20000, 0.19787
12842, -18, 500, 0.20000, 0.19931
12843, -18, 500, 0.20000, 0.20074
12844, -18, 500, 0.20000, 0.20146
12845, -18, 500, 0.20000, 0.19895
12846, -18, 500, 0.20000, 0.19931
12847, -18, 500, 0.20000, 0.20218
12848, -18, 500, 0.20000, 0.19787
12849, -18, 500, 0.20000, 0.20002
12850, -18, 500, 0.20000, 0.18385
12851, -18, 500, 0.20000, 0.19679
12852, -18, 500, 0.20000, 0.19967
12853, -18, 500, 0.20000, 0.20002
12854, -18, 500, 0.20000, 0.20074
12855, -18, 500, 0.20000, 0.19823
12856, -18, 500, 0.20000, 0.19787
12857, -18, 500, 0.20000, 0.19823
12858, -18, 500, 0.20000, 0.20002
12859, -18, 500, 0.20000, 0.19895
12860, -18, 500, 0.20000, 0.19931
12861, -18, 500, 0.20000, 0.19823
12862, -18, 500, 0.20000, 0.20110
12863, -18, 500, 0.20000, 0.19859
12864, -18, 500, 0.20000, 0.19751
12865, -18, 500, 0.20000, 0.20038
12866, -18, 500, 0.20000, 0.20074
12867, -18, 500, 0.20000, 0.19859
12868, -18, 500, 0.20000, 0.20218
12869, -18, 500, 0.20000, 0.20182
12870, -18, 500, 0.20000, 0.19859
12871, -18, 500, 0.20000, 0.20002
12872, -18, 500, 0.20000, 0.19823
12873, -18, 500, 0.20000, 0.19212
12874, -18, 500, 0.20000, 0.19715
12875, -18, 500, 0.20000, 0.19787
12876, -18, 500, 0.20000, 0.20182
12877, -18, 500, 0.20000, 0.20146
12878, -18, 500, 0.20000, 0.19859
12879, -18, 500, 0.20000, 0.20110
12880, -18, 500, 0.20000, 0.20110
12881, -18, 500, 0.20000, 0.19895
12882, -18, 500, 0.20000, 0.19787
12883, -18, 500, 0.20000, 0.20002
12884, -18, 500, 0.20000, 0.20002
12885, -18, 500, 0.20000, 0.20110
12886, -18, 500, 0.20000, 0.20398
12887, -18, 500, 0.20000, 0.20218
12888, -18, 500, 0.20000, 0.20685
12889, -18, 500, 0.00000, 0.18421
12890, -18, 500, 0.00000, 0.20182
12891, -18, 500, 0.00000, 0.19823
12892, -18, 500, 0.00000, 0.19823
12893, -18, 500, 0.00000, 0.19355
12894, -18, 500, 0.00000, 0.18565
12895, -18, 500, 0.00000, 0.18205
12896, -18, 500, 0.00000, 0.16588
12897, -18, 500, 0.00000, 0.15977
12898, -18, 500, 0.00000, 0.15186
12899, -18, 500, 0.00000, 0.14251
12900, -18, 500, 0.00000, 0.13281
12901, -18, 500, 0.00000, 0.12454
12902, -18, 500, 0.00000, 0.11340
12903, -18, 500, 0.00000, 0.10908
12904, -18, 500, 0.00000, 0.09255
12905, -18, 500, 0.00000, 0.08536
12906, -18, 500, 0.00000, 0.07745
12907, -18, 500, 0.00000, 0.06739
12908, -18, 500, 0.00000, 0.05804
12909, -18, 500, 0.00000, 0.04941
12910, -18, 500, 0.00000, 0.04151
12911, -18, 500, 0.00000, 0.03540
12912, -18, 500, 0.00000, 0.02821
12913, -18, 500, 0.00000, 0.02533
12914, -18, 500, 0.00000, 0.02102
12915, -18, 500, 0.00000, 0.01131
12916, -18, 500, 0.00000, 0.01095
12917, -18, 500, 0.00000, 0.00269
12918, -18, 500, 0.00000, -0.00091
12919, -18, 500, 0.00000, -0.00091
12920, -18, 500, 0.00000, -0.00019
12921, -18, 500, 0.00000, -0.00594
12922, -18, 500, 0.00000, -0.00558
12923, -18, 500, 0.00000, -0.00738
12924, -18, 500, 0.00000, -0.01241
12925, -18, 500, 0.00000, -0.00990
12926, -18, 500, 0.00000, -0.00882
12927, -18, 500, 0.00000, -0.01169
12928, -18, 500, 0.00000, -0.01026
12929, -18, 500, 0.00000, -0.01061
12930, -18, 500, 0.00000, -0.00558
12931, -18, 500, 0.00000, -0.00954
12932, -18, 500, 0.00000, -0.01205
12933, -18, 500, 0.00000, -0.00702
12934, -18, 500, 0.00000, -0.01061
12935, -18, 500, 0.00000, -0.01313
12936, -18, 500, 0.00000, -0.01708
12937, -18, 500, 0.00000, -0.00810
12938, -18, 500, 0.00000, -0.01061
12939, -18, 500, 0.00000, -0.00774
12940, -18, 500, 0.00000, -0.00774
12941, -18, 500, 0.00000, -0.00882
12942, -18, 500, 0.00000, -0.00594
12943, -18, 500, 0.00000, -0.00666
12944, -18, 500, 0.00000, -0.00594
12945, -18, 500, 0.00000, -0.00163
12946, -18, 500, 0.00000, -0.00055
12947, -18, 500, 0.00000, -0.00450
12948, -18, 500, 0.00000, -0.00307
12949, -18, 500, 0.00000, -0.00450
12950, -18, 500, 0.00000, -0.00235
12951, -18, 500, 0.00000, -0.00522
12952, -18, 500, 0.00000, -0.00163
12953, -18, 500, 0.00000, -0.00091
12954, -18, 500, 0.00000, 0.00161
12955, -18, 500, 0.00000, -0.00127
12956, -18, 500, 0.00000, 0.00161
12957, -18, 500, 0.00000, 0.00376
12958, -18, 500, 0.00000, -0.00235
12959, -18, 500, 0.00000, 0.00089
12960, -18, 500, 0.00000, 0.00017
12961, -18, 500, 0.00000, 0.00125
12962, -18, 500, 0.00000, 0.00197
12963, -18, 500, 0.00000, -0.00271
12964, -18, 500, 0.00000, 0.00125
12965, -18, 500, 0.00000, 0.00664
12966, -18, 500, 0.00000, 0.00017
12967, -18, 500, 0.00000, 0.00017
12968, -18, 500, 0.00000, -0.01744
12969, -18, 500, 0.00000, 0.00233
12970, -18, 500, 0.00000, -0.00019
12971, -18, 500, 0.00000, 0.00340
12972, -18, 500, 0.00000, -0.00702
12973, -18, 500, 0.00000, 0.00736
12974, -18, 500, 0.00000, 0.00017
12975, -18, 500, 0.00000, -0.00163
12976, -18, 500, 0.00000, 0.00376
12977, -18, 500, 0.00000, 0.00053
12978, -18, 500, 0.00000, 0.00089
12979, -18, 500, 0.00000, 0.00197
12980, -18, 500, 0.00000, 0.00161
12981, -18, 500, 0.00000, 0.00161
12982, -18, 500, 0.00000, 0.00089
12983, -18, 500, 0.00000, 0.00197
12984, -18, 500, 0.00000, 0.00089
12985, -18, 500, 0.00000, -0.00019
12986, -18, 500, 0.00000, -0.00163
12987, -18, 500, 0.00000, -0.00091
12988, -18, 500, 0.00000, 0.00269
12989, -18, 500, 0.00000, -0.00486
12990,