0.00055
32197, -28, 500, 0.00000, -0.00163
32198, -28, 500, 0.00000, 0.00269
32199, -28, 500, 0.00000, -0.00019
32200, -28, 500, 0.00000, -0.00055
32201, -28, 500, 0.00000, -0.00019
32202, -28, 500, 0.00000, -0.00235
32203, -28, 500, 0.00000, -0.00091
32204, -28, 500, 0.00000, -0.00055
32205, -28, 500, 0.00000, -0.00127
32206, -28, 500, 0.00000, -0.00307
32207, -28, 500, 0.00000, 0.00844
32208, -28, 500, 0.00000, -0.00055
32209, -28, 500, 0.00000, 0.00017
32210, -28, 500, 0.00000, -0.00055
32211, -28, 500, 0.00000, 0.00161
32212, -28, 500, 0.00000, -0.00307
32213, -28, 500, 0.00000, 0.00556
32214, -28, 500, 0.00000, -0.00019
32215, -28, 500, 0.00000, 0.00304
32216, -28, 500, 0.00000, 0.00304
32217, -28, 500, 0.00000, -0.00055
32218, -28, 500, 0.00000, -0.00127
32219, -28, 500, 0.00000, -0.00163
32220, -28, 500, 0.00000, 0.00017
32221, -28, 500, 0.00000, 0.00448
32222, -28, 500, 0.00000, 0.00125
32223, -28, 500, 0.00000, 0.00089
32224, -28, 500, 0.00000, -0.00163
32225, -28, 500, 0.00000, -0.00019
32226, -28, 500, 0.00000, 0.00125
32227, -28, 500, 0.00000, -0.00271
32228, -28, 500, 0.00000, -0.00019
32229, -28, 500, 0.00000, -0.00055
32230, -28, 500, 0.00000, 0.00125
32231, -28, 500, 0.00000, 0.00340
32232, -28, 500, 0.00000, 0.00412
32233, -28, 500, 0.00000, 0.00017
32234, -28, 500, 0.00000, 0.00412
32235, -28, 500, 0.00000, 0.00125
32236, -28, 500, 0.00000, -0.00271
32237, -28, 500, 0.00000, -0.00127
32238, -28, 500, 0.00000, -0.00163
32239, -28, 500, 0.00000, 0.00125
32240, -28, 500, 0.00000, 0.00520
32241, -28, 500, 0.00000, -0.00091
32242, -28, 500, 0.00000, 0.00125
32243, -28, 500, 0.00000, 0.00125
32244, -28, 500, 0.00000, -0.00055
32245, -28, 500, 0.00000, 0.00125
32246, -28, 500, 0.00000, -0.00019
32247, -28, 500, 0.00000, 0.00017
32248, -28, 500, 0.00000, 0.00125
32249, -28, 500, 0.00000, 0.00089
32250, -28, 500, 0.00000, -0.00055
32251, -28, 500, 0.00000, -0.00163
32252, -28, 500, 0.00000, -0.00774
32253, -28, 500, 0.00000, -0.00271
32254, -28, 500, 0.00000, -0.00019
32255, -28, 500, 0.00000, 0.00053
32256, -28, 500, 0.00000, -0.00055
32257, -28, 500, 0.00000, -0.00127
32258, -28, 500, 0.00000, -0.00019
32259, -28, 500, 0.00000, -0.00055
32260, -28, 500, 0.00000, 0.00197
32261, -28, 500, 0.00000, 0.00125
32262, -28, 500, 0.00000, -0.00019
32263, -28, 500, 0.00000, -0.00307
32264, -28, 500, 0.00000, 0.00053
32265, -28, 500, 0.00000, -0.00666
32266, -28, 500, 0.00000, 0.00161
32267, -28, 500, 0.00000, -0.00019
32268, -28, 500, 0.00000, 0.00197
32269, -28, 500, 0.00000, 0.00017
32270, -28, 500, 0.00000, 0.00304
32271, -28, 500, 0.00000, -0.00019
32272, -28, 500, 0.00000, -0.00199
32273, -28, 500, 0.00000, -0.00199
32274, -28, 500, 0.00000, 0.00340
32275, -28, 500, 0.00000, -0.00055
32276, -28, 500, 0.00000, 0.00304
32277, -28, 500, 0.00000, 0.00304
32278, -28, 500, 0.00000, -0.00127
32279, -28, 500, 0.00000, -0.00091
32280, -28, 500, 0.00000, 0.00125
32281, -28, 500, 0.00000, 0.00233
32282, -28, 500, 0.00000, 0.00089
32283, -28, 500, 0.00000, -0.00307
32284, -28, 500, 0.00000, 0.00197
32285, -28, 500, 0.00000, 0.00233
32286, -28, 500, 0.00000, -0.00019
32287, -28, 500, 0.00000, -0.00127
32288, -28, 500, 0.00000, 0.00017
32289, -28, 500, 0.00000, -0.00343
32290, -28, 500, 0.00000, 0.00233
32291, -28, 500, 0.00000, 0.00053
32292, -28, 500, 0.00000, 0.00197
32293, -28, 500, 0.00000, 0.00340
32294, -28, 500, 0.00000, -0.00343
32295, -28, 500, 0.00000, 0.00089
32296, -28, 500, 0.00000, 0.00197
32297, -28, 500, 0.00000, 0.00125
32298, -28, 500, 0.00000, 0.00053
32299, -28, 500, 0.00000, 0.00161
32300, -28, 500, 0.00000, -0.00307
32301, -28, 500, 0.00000, 0.00089
32302, -28, 500, 0.00000, -0.00163
32303, -28, 500, 0.00000, 0.00089
32304, -28, 500, 0.00000, -0.00055
32305, -28, 500, 0.00000, 0.00125
32306, -28, 500, 0.00000, -0.00307
32307, -28, 500, 0.00000, 0.00233
32308, -28, 500, 0.00000, 0.00197
32309, -28, 500, 0.00000, 0.00125
32310, -28, 500, 0.00000, 0.00161
32311, -28, 500, 0.00000, -0.00019
32312, -28, 500, 0.00000, 0.00197
32313, -28, 500, 0.00000, 0.00304
32314, -28, 500, 0.00000, -0.00199
32315, -28, 500, 0.00000, -0.00199
32316, -28, 500, 0.00000, 0.00233
32317, -28, 500, 0.00000, 0.00017
32318, -28, 500, 0.00000, -0.00235
32319, -28, 500, 0.00000, 0.00197
32320, -28, 500, 0.00000, 0.00304
32321, -28, 500, 0.00000, -0.00055
32322, -28, 500, 0.00000, -0.00163
32323, -28, 500, 0.00000, -0.00127
32324, -28, 500, 0.00000, 0.00376
32325, -28, 500, 0.00000, 0.00017
32326, -28, 500, 0.00000, -0.00127
32327, -28, 500, 0.00000, -0.00091
32328, -28, 500, 0.00000, -0.00199
32329, -28, 500, 0.00000, -0.00019
32330, -28, 500, 0.00000, -0.00091
32331, -28, 500, 0.00000, -0.00127
32332, -28, 500, 0.00000, -0.00702
32333, -28, 500, 0.00000, 0.00017
32334, -28, 500, 0.00000, 0.00125
32335, -28, 500, 0.00000, -0.00055
32336, -28, 500, 0.00000, 0.00053
32337, -28, 500, 0.00000, -0.00055
32338, -28, 500, 0.00000, 0.00233
32339, -28, 500, 0.00000, 0.00017
32340, -28, 500, 0.00000, -0.00307
32341, -28, 500, 0.00000, 0.00053
32342, -28, 500, 0.00000, -0.00091
32343, -28, 500, 0.00000, 0.00089
32344, -28, 500, 0.00000, 0.00089
32345, -28, 500, 0.00000, 0.00233
32346, -28, 500, 0.00000, 0.00125
32347, -28, 500, 0.00000, 0.00233
32348, -28, 500, 0.00000, -0.00055
32349, -28, 500, 0.00000, -0.00343
32350, -28, 500, 0.00000, -0.00199
32351, -28, 500, 0.00000, -0.00163
32352, -28, 500, 0.00000, 0.00161
32353, -28, 500, 0.00000, 0.00125
32354, -28, 500, 0.00000, 0.00125
32355, -28, 500, 0.00000, -0.00163
32356, -28, 500, 0.00000, -0.00343
32357, -28, 500, 0.00000, -0.00055
32358, -28, 500, 0.00000, 0.00340
32359, -28, 500, 0.00000, -0.00199
32360, -28, 500, 0.00000, 0.00161
32361, -28, 500, 0.00000, 0.00233
32362, -28, 500, 0.00000, 0.00017
32363, -28, 500, 0.00000, 0.00161
32364, -28, 500, 0.00000, -0.00271
32365, -28, 500, 0.00000, -0.00091
32366, -28, 500, 0.00000, 0.00017
32367, -28, 500, 0.00000, 0.00017
32368, -28, 500, 0.00000, 0.00089
32369, -28, 500, 0.00000, -0.00163
32370, -28, 500, 0.00000, 0.00304
32371, -28, 500, 0.00000, 0.00269
32372, -28, 500, 0.00000, -0.00235
32373, -28, 500, 0.00000, -0.00127
32374, -28, 500, 0.00000, 0.00340
32375, -28, 500, 0.00000, -0.00091
32376, -28, 500, 0.00000, 0.00412
32377, -28, 500, 0.00000, 0.00125
32378, -28, 500, 0.00000, 0.00448
32379, -28, 500, 0.00000, -0.00199
32380, -28, 500, 0.00000, -0.01169
32381, -28, 500, 0.00000, 0.00017
32382, -28, 500, 0.00000, -0.00019
32383, -28, 500, 0.00000, 0.00233
32384, -28, 500, 0.00000, 0.00089
32385, -28, 500, 0.00000, 0.00448
32386, -28, 500, 0.00000, -0.00019
32387, -28, 500, 0.00000, 0.00233
32388, -28, 500, 0.00000, -0.00091
32389, -28, 500, 0.00000, 0.00233
32390, -28, 500, 0.00000, -0.00019
32391, -28, 500, 0.00000, -0.00343
32392, -28, 500, 0.00000, -0.00163
32393, -28, 500, 0.00000, 0.00269
32394, -28, 500, 0.00000, -0.00486
32395, -28, 500, 0.00000, 0.00053
32396, -28, 500, 0.00000, 0.00053
32397, -28, 500, 0.00000, -0.00019
32398, -28, 500, 0.00000, -0.00235
32399, -28, 500, 0.00000, 0.00340
32400, -28, 500, 0.00000, 0.00412
32401, -28, 500, 0.00000, 0.00089
32402, -28, 500, 0.00000, 0.00017
32403, -28, 500, 0.00000, 0.00053
32404, -28, 500, 0.00000, 0.00053
32405, -28, 500, 0.00000, 0.00304
32406, -28, 500, 0.00000, 0.00269
32407, -28, 500, 0.00000, 0.00161
32408, -28, 500, 0.00000, 0.00125
32409, -28, 500, 0.00000, -0.00127
32410, -28, 500, 0.00000, 0.00017
32411, -28, 500, 0.00000, 0.00017
32412, -28, 500, 0.00000, 0.00269
32413, -28, 500, 0.00000, -0.00163
32414, -28, 500, 0.00000, 0.00053
32415, -28, 500, 0.00000, 0.00412
32416, -28, 500, 0.00000, -0.00091
32417, -28, 500, 0.00000, -0.00379
32418, -28, 500, 0.00000, 0.00053
32419, -28, 500, 0.00000, 0.00304
32420, -28, 500, 0.00000, 0.00197
32421, -28, 500, 0.00000, -0.00271
32422, -28, 500, 0.20000, 0.00161
32423, -28, 500, 0.20000, -0.00271
32424, -28, 500, 0.20000, 0.00269
32425, -28, 500, 0.20000, 0.00520
32426, -28, 500, 0.20000, 0.01814
32427, -28, 500, 0.20000, 0.02749
32428, -28, 500, 0.20000, 0.03971
32429, -28, 500, 0.20000, 0.05265
32430, -28, 500, 0.20000, 0.06271
32431, -28, 500, 0.20000, 0.07889
32432, -28, 500, 0.20000, 0.09327
32433, -28, 500, 0.20000, 0.10944
32434, -28, 500, 0.20000, 0.12130
32435, -28, 500, 0.20000, 0.14287
32436, -28, 500, 0.20000, 0.15078
32437, -28, 500, 0.20000, 0.15869
32438, -28, 500, 0.20000, 0.17594
32439, -28, 500, 0.20000, 0.18565
32440, -28, 500, 0.20000, 0.19607
32441, -28, 500, 0.20000, 0.20254
32442, -28, 500, 0.20000, 0.20937
32443, -28, 500, 0.20000, 0.21225
32444, -28, 500, 0.20000, 0.21512
32445, -28, 500, 0.20000, 0.22231
32446, -28, 500, 0.20000, 0.22339
32447, -28, 500, 0.20000, 0.22591
32448, -28, 500, 0.20000, 0.22878
32449, -28, 500, 0.20000, 0.22627
32450, -28, 500, 0.20000, 0.23166
32451, -28, 500, 0.20000, 0.22842
32452, -28, 500, 0.20000, 0.22770
32453, -28, 500, 0.20000, 0.22914
32454, -28, 500, 0.20000, 0.22519
32455, -28, 500, 0.20000, 0.22375
32456, -28, 500, 0.20000, 0.22303
32457, -28, 500, 0.20000, 0.21944
32458, -28, 500, 0.20000, 0.21548
32459, -28, 500, 0.20000, 0.21261
32460, -28, 500, 0.20000, 0.21225
32461, -28, 500, 0.20000, 0.21009
32462, -28, 500, 0.20000, 0.20901
32463, -28, 500, 0.20000, 0.20542
32464, -28, 500, 0.20000, 0.20434
32465, -28, 500, 0.20000, 0.19859
32466, -28, 500, 0.20000, 0.19859
32467, -28, 500, 0.20000, 0.19895
32468, -28, 500, 0.20000, 0.19967
32469, -28, 500, 0.20000, 0.20254
32470, -28, 500, 0.20000, 0.20038
32471, -28, 500, 0.20000, 0.20218
32472, -28, 500, 0.20000, 0.19679
32473, -28, 500, 0.20000, 0.19679
32474, -28, 500, 0.20000, 0.19643
32475, -28, 500, 0.20000, 0.19715
32476, -28, 500, 0.20000, 0.19679
32477, -28, 500, 0.20000, 0.20038
32478, -28, 500, 0.20000, 0.19391
32479, -28, 500, 0.20000, 0.20038
32480, -28, 500, 0.20000, 0.19679
32481, -28, 500, 0.20000, 0.19571
32482, -28, 500, 0.20000, 0.19643
32483, -28, 500, 0.20000, 0.19571
32484, -28, 500, 0.20000, 0.19787
32485, -28, 500, 0.20000, 0.19823
32486, -28, 500, 0.20000, 0.19643
32487, -28, 500, 0.20000, 0.19859
32488, -28, 500, 0.20000, 0.19931
32489, -28, 500, 0.20000, 0.19931
32490, -28, 500, 0.20000, 0.19751
32491, -28, 500, 0.20000, 0.19823
32492, -28, 500, 0.20000, 0.20038
32493, -28, 500, 0.20000, 0.19859
32494, -28, 500, 0.20000, 0.19895
32495, -28, 500, 0.20000, 0.20110
32496, -28, 500, 0.20000, 0.20434
32497, -28, 500, 0.20000, 0.19643
32498, -28, 500, 0.20000, 0.19967
32499, -28, 500, 0.20000, 0.20002
32500, -28, 500, 0.20000, 0.19643
32501, -28, 500, 0.20000, 0.19967
32502, -28, 500, 0.20000, 0.20146
32503, -28, 500, 0.20000, 0.19787
32504, -28, 500, 0.20000, 0.19859
32505, -28, 500, 0.20000, 0.19895
32506, -28, 500, 0.20000, 0.20290
32507, -28, 500, 0.20000, 0.19823
32508, -28, 500, 0.20000, 0.19787
32509, -28, 500, 0.20000, 0.19931
32510, -28, 500, 0.20000, 0.19679
32511, -28, 500, 0.20000, 0.19823
32512, -28, 500, 0.20000, 0.19931
32513, -28, 500, 0.20000, 0.20074
32514, -28, 500, 0.20000, 0.20326
32515, -28, 500, 0.20000, 0.19679
32516, -28, 500, 0.20000, 0.19967
32517, -28, 500, 0.20000, 0.19931
32518, -28, 500, 0.20000, 0.19751
32519, -28, 500, 0.20000, 0.20290
32520, -28, 500, 0.20000, 0.20002
32521, -28, 500, 0.20000, 0.19895
32522, -28, 500, 0.20000, 0.20110
32523, -28, 500, 0.20000, 0.20002
32524, -28, 500, 0.20000, 0.19931
32525, -28, 500, 0.20000, 0.19895
32526, -28, 500, 0.20000, 0.19823
32527, -28, 500, 0.20000, 0.20182
32528, -28, 500, 0.20000, 0.20002
32529, -28, 500, 0.20000, 0.20074
32530, -28, 500, 0.20000, 0.19643
32531, -28, 500, 0.20000, 0.19643
32532, -28, 500, 0.20000, 0.20002
32533, -28, 500, 0.20000, 0.20110
32534, -28, 500, 0.20000, 0.19823
32535, -28, 500, 0.20000, 0.20002
32536, -28, 500, 0.20000, 0.19895
32537, -28, 500, 0.20000, 0.19859
32538, -28, 500, 0.20000, 0.20182
32539, -28, 500, 0.20000, 0.19931
32540, -28, 500, 0.20000, 0.20326
32541, -28, 500, 0.20000, 0.19571
32542, -28, 500, 0.20000, 0.19931
32543, -28, 500, 0.20000, 0.20038
32544, -28, 500, 0.20000, 0.19679
32545, -28, 500, 0.20000, 0.19895
32546, -28, 500, 0.20000, 0.20074
32547, -28, 500, 0.20000, 0.19967
32548, -28, 500, 0.20000, 0.20146
32549, -28, 500, 0.20000, 0.20146
32550, -28, 500, 0.20000, 0.19931
32551, -28, 500, 0.20000, 0.19967
32552, -28, 500, 0.20000, 0.20578
32553, -28, 500, 0.20000, 0.19967
32554, -28, 500, 0.20000, 0.20074
32555, -28, 500, 0.20000, 0.19859
32556, -28, 500, 0.20000, 0.19895
32557, -28, 500, 0.20000, 0.20290
32558, -28, 500, 0.20000, 0.20038
32559, -28, 500, 0.20000, 0.19787
32560, -28, 500, 0.20000, 0.20002
32561, -28, 500, 0.20000, 0.19859
32562, -28, 500, 0.20000, 0.20074
32563, -28, 500, 0.20000, 0.19931
32564, -28, 500, 0.20000, 0.19895
32565, -28, 500, 0.20000, 0.20146
32566, -28, 500, 0.20000, 0.20074
32567, -28, 500, 0.20000, 0.20002
32568, -28, 500, 0.20000, 0.20074
32569, -28, 500, 0.20000, 0.19823
32570, -28, 500, 0.20000, 0.19931
32571, -28, 500, 0.20000, 0.20254
32572, -28, 500, 0.20000, 0.20038
32573, -28, 500, 0.20000, 0.20074
32574, -28, 500, 0.20000, 0.19751
32575, -28, 500, 0.20000, 0.20290
32576, -28, 500, 0.20000, 0.19895
32577, -28, 500, 0.20000, 0.20002
32578, -28, 500, 0.20000, 0.20470
32579, -28, 500, 0.20000, 0.20074
32580, -28, 500, 0.20000, 0.20074
32581, -28, 500, 0.20000, 0.19823
32582, -28, 500, 0.20000, 0.19931
32583, -28, 500, 0.20000, 0.19823
32584, -28, 500, 0.20000, 0.19931
32585, -28, 500, 0.20000, 0.19967
32586, -28, 500, 0.20000, 0.19895
32587, -28, 500, 0.20000, 0.20110
32588, -28, 500, 0.20000, 0.19643
32589, -28, 500, 0.20000, 0.20074
32590, -28, 500, 0.20000, 0.20002
32591, -28, 500, 0.20000, 0.19859
32592, -28, 500, 0.20000, 0.20290
32593, -28, 500, 0.20000, 0.19931
32594, -28, 500, 0.20000, 0.20074
32595, -28, 500, 0.20000, 0.20182
32596, -28, 500, 0.20000, 0.20326
32597, -28, 500, 0.20000, 0.20434
32598, -28, 500, 0.20000, 0.20254
32599, -28, 500, 0.20000, 0.19643
32600, -28, 500, 0.20000, 0.19895
32601, -28, 500, 0.20000, 0.19859
32602, -28, 500, 0.20000, 0.19967
32603, -28, 500, 0.20000, 0.19823
32604, -28, 500, 0.20000, 0.19607
32605, -28, 500, 0.20000, 0.19859
32606, -28, 500, 0.20000, 0.20182
32607, -28, 500, 0.20000, 0.20146
32608, -28, 500, 0.20000, 0.19859
32609, -28, 500, 0.20000, 0.20002
32610, -28, 500, 0.20000, 0.19931
32611, -28, 500, 0.20000, 0.19967
32612, -28, 500, 0.20000, 0.20218
32613, -28, 500, 0.20000, 0.19931
32614, -28, 500, 0.20000, 0.19859
32615, -28, 500, 0.20000, 0.20038
32616, -28, 500, 0.20000, 0.20218
32617, -28, 500, 0.20000, 0.19715
32618, -28, 500, 0.20000, 0.20002
32619, -28, 500, 0.20000, 0.19967
32620, -28, 500, 0.20000, 0.20038
32621, -28, 500, 0.20000, 0.19859
32622, -28, 500, 0.20000, 0.20218
32623, -28, 500, 0.20000, 0.20002
32624, -28, 500, 0.20000, 0.20038
32625, -28, 500, 0.20000, 0.20038
32626, -28, 500, 0.20000, 0.19895
32627, -28, 500, 0.20000, 0.19931
32628, -28, 500, 0.20000, 0.20002
32629, -28, 500, 0.20000, 0.19787
32630, -28, 500, 0.20000, 0.20038
32631, -28, 500, 0.20000, 0.20038
32632, -28, 500, 0.20000, 0.19967
32633, -28, 500, 0.20000, 0.19967
32634, -28, 500, 0.20000, 0.20002
32635, -28, 500, 0.20000, 0.18852
32636, -28, 500, 0.20000, 0.20182
32637, -28, 500, 0.20000, 0.19679
32638, -28, 500, 0.20000, 0.20002
32639, -28, 500, 0.20000, 0.19967
32640, -28, 500, 0.20000, 0.19751
32641, -28, 500, 0.20000, 0.20254
32642, -28, 500, 0.20000, 0.20182
32643, -28, 500, 0.20000, 0.20182
32644, -28, 500, 0.20000, 0.20146
32645, -28, 500, 0.20000, 0.20326
32646, -28, 500, 0.20000, 0.20110
32647, -28, 500, 0.20000, 0.19895
32648, -28, 500, 0.20000, 0.19967
32649, -28, 500, 0.20000, 0.19967
32650, -28, 500, 0.20000, 0.20074
32651, -28, 500, 0.20000, 0.20290
32652, -28, 500, 0.20000, 0.19895
32653, -28, 500, 0.20000, 0.20110
32654, -28, 500, 0.20000, 0.20326
32655, -28, 500, 0.20000, 0.20038
32656, -28, 500, 0.20000, 0.20398
32657, -28, 500, 0.20000, 0.20110
32658, -28, 500, 0.20000, 0.20038
32659, -28, 500, 0.20000, 0.20182
32660, -28, 500, 0.20000, 0.20074
32661, -28, 500, 0.20000, 0.19895
32662, -28, 500, 0.20000, 0.19895
32663, -28, 500, 0.20000, 0.19967
32664, -28, 500, 0.20000, 0.19967
32665, -28, 500, 0.20000, 0.20110
32666, -28, 500, 0.20000, 0.20326
32667, -28, 500, 0.20000, 0.20038
32668, -28, 500, 0.20000, 0.19931
32669, -28, 500, 0.20000, 0.20074
32670, -28, 500, 0.20000, 0.19715
32671, -28, 500, 0.20000, 0.20038
32672, -28, 500, 0.20000, 0.19535
32673, -28, 500, 0.20000, 0.19859
32674, -28, 500, 0.20000, 0.20110
32675, -28, 500, 0.20000, 0.20110
32676, -28, 500, 0.20000, 0.20002
32677, -28, 500, 0.20000, 0.19931
32678, -28, 500, 0.20000, 0.19931
32679, -28, 500, 0.20000, 0.20254
32680, -28, 500, 0.20000, 0.20038
32681, -28, 500, 0.20000, 0.20038
32682, -28, 500, 0.20000, 0.20146
32683, -28, 500, 0.20000, 0.20110
32684, -28, 500, 0.20000, 0.20578
32685, -28, 500, 0.20000, 0.20110
32686, -28, 500, 0.20000, 0.20110
32687, -28, 500, 0.20000, 0.20038
32688, -28, 500, 0.20000, 0.20074
32689, -28, 500, 0.20000, 0.20326
32690, -28, 500, 0.20000, 0.19967
32691, -28, 500, 0.20000, 0.19967
32692, -28, 500, 0.20000, 0.19715
32693, -28, 500, 0.20000, 0.20146
32694, -28, 500, 0.20000, 0.20434
32695, -28, 500, 0.20000, 0.20074
32696, -28, 500, 0.20000, 0.20146
32697, -28, 500, 0.20000, 0.19895
32698, -28, 500, 0.20000, 0.20110
32699, -28, 500, 0.20000, 0.19823
32700, -28, 500, 0.20000, 0.19607
32701, -28, 500, 0.20000, 0.19931
32702, -28, 500, 0.20000, 0.20074
32703, -28, 500, 0.20000, 0.19859
32704, -28, 500, 0.20000, 0.20002
32705, -28, 500, 0.20000, 0.19643
32706, -28, 500, 0.20000, 0.20218
32707, -28, 500, 0.20000, 0.19931
32708, -28, 500, 0.20000, 0.19895
32709, -28, 500, 0.20000, 0.20038
32710, -28, 500, 0.20000, 0.20362
32711, -28, 500, 0.20000, 0.20074
32712, -28, 500, 0.20000, 0.19967
32713, -28, 500, 0.20000, 0.19751
32714, -28, 500, 0.20000, 0.20146
32715, -28, 500, 0.20000, 0.19895
32716, -28, 500, 0.20000, 0.19967
32717, -28, 500, 0.20000, 0.19895
32718, -28, 500, 0.20000, 0.20110
32719, -28, 500, 0.20000, 0.19967
32720, -28, 500, 0.20000, 0.19931
32721, -28, 500, 0.20000, 0.20146
32722, -28, 500, 0.20000, 0.19859
32723, -28, 500, 0.20000, 0.20146
32724, -28, 500, 0.20000, 0.19715
32725, -28, 500, 0.20000, 0.20110
32726, -28, 500, 0.20000, 0.20326
32727, -28, 500, 0.20000, 0.19931
32728, -28, 500, 0.20000, 0.20074
32729, -28, 500, 0.20000, 0.20038
32730, -28, 500, 0.20000, 0.20110
32731, -28, 500, 0.20000, 0.19895
32732, -28, 500, 0.20000, 0.20398
32733, -28, 500, 0.20000, 0.19715
32734, -28, 500, 0.20000, 0.20146
32735, -28, 500, 0.20000, 0.19823
32736, -28, 500, 0.20000, 0.20434
32737, -28, 500, 0.20000, 0.20182
32738, -28, 500, 0.20000, 0.19859
32739, -28, 500, 0.20000, 0.19715
32740, -28, 500, 0.20000, 0.19715
32741, -28, 500, 0.20000, 0.20110
32742, -28, 500, 0.20000, 0.19931
32743, -28, 500, 0.20000, 0.20038
32744, -28, 500, 0.20000, 0.20038
32745, -28, 500, 0.20000, 0.19967
32746, -28, 500, 0.20000, 0.20218
32747, -28, 500, 0.20000, 0.20074
32748, -28, 500, 0.20000, 0.20362
32749, -28, 500, 0.20000, 0.20146
32750, -28, 500, 0.20000, 0.20146
32751, -28, 500, 0.20000, 0.19967
32752, -28, 500, 0.20000, 0.20074
32753, -28, 500, 0.20000, 0.20110
32754, -28, 500, 0.20000, 0.20038
32755, -28, 500, 0.20000, 0.20146
32756, -28, 500, 0.20000, 0.20218
32757, -28, 500, 0.20000, 0.20110
32758, -28, 500, 0.20000, 0.19967
32759, -28, 500, 0.20000, 0.20290
32760, -28, 500, 0.20000, 0.20470
32761, -28, 500, 0.20000, 0.20038
32762, -28, 500, 0.20000, 0.20110
32763, -28, 500, 0.20000, 0.19931
32764, -28, 500, 0.20000, 0.20110
32765, -28, 500, 0.20000, 0.19967
32766, -28, 500, 0.20000, 0.19931
32767, -28, 500, 0.20000, 0.20362
32768, -28, 500, 0.20000, 0.20074
32769, -28, 500, 0.20000, 0.19895
32770, -28, 500, 0.20000, 0.19320
32771, -28, 500, 0.20000, 0.19715
32772, -28, 500, 0.20000, 0.20002
32773, -28, 500, 0.20000, 0.20002
32774, -28, 500, 0.20000, 0.20182
32775, -28, 500, 0.20000, 0.19931
32776, -28, 500, 0.20000, 0.19751
32777, -28, 500, 0.20000, 0.20002
32778, -28, 500, 0.20000, 0.19427
32779, -28, 500, 0.20000, 0.19931
32780, -28, 500, 0.20000, 0.20074
32781, -28, 500, 0.20000, 0.20254
32782, -28, 500, 0.20000, 0.19535
32783, -28, 500, 0.20000, 0.20110
32784, -28, 500, 0.20000, 0.20110
32785, -28, 500, 0.20000, 0.19895
32786, -28, 500, 0.20000, 0.19823
32787, -28, 500, 0.20000, 0.20146
32788, -28, 500, 0.20000, 0.19859
32789, -28, 500, 0.20000, 0.19931
32790, -28, 500, 0.20000, 0.19859
32791, -28, 500, 0.20000, 0.20002
32792, -28, 500, 0.20000, 0.20038
32793, -28, 500, 0.20000, 0.19787
32794, -28, 500, 0.20000, 0.20362
32795, -28, 500, 0.20000, 0.19715
32796, -28, 500, 0.20000, 0.20074
32797, -28, 500, 0.20000, 0.19859
32798, -28, 500, 0.20000, 0.19895
32799, -28, 500, 0.20000, 0.20146
32800, -28, 500, 0.20000, 0.19967
32801, -28, 500, 0.20000, 0.19823
32802, -28, 500, 0.00000, 0.19859
32803, -28, 500, 0.00000, 0.20398
32804, -28, 500, 0.00000, 0.19751
32805, -28, 500, 0.00000, 0.19284
32806, -28, 500, 0.00000, 0.18061
32807, -28, 500, 0.00000, 0.16983
32808, -28, 500, 0.00000, 0.15437
32809, -28, 500, 0.00000, 0.14503
32810, -28, 500, 0.00000, 0.13389
32811, -28, 500, 0.00000, 0.12166
32812, -28, 500, 0.00000, 0.10369
32813, -28, 500, 0.00000, 0.08464
32814, -28, 500, 0.00000, 0.07817
32815, -28, 500, 0.00000, 0.06092
32816, -28, 500, 0.00000, 0.04546
32817, -28, 500, 0.00000, 0.03432
32818, -28, 500, 0.00000, 0.02317
32819, -28, 500, 0.00000, 0.01563
32820, -28, 500, 0.00000, 0.00556
32821, -28, 500, 0.00000, -0.00091
32822, -28, 500, 0.00000, -0.00810
32823, -28, 500, 0.00000, -0.01708
32824, -28, 500, 0.00000, -0.01744
32825, -28, 500, 0.00000, -0.02212
32826, -28, 500, 0.00000, -0.02535
32827, -28, 500, 0.00000, -0.02679
32828, -28, 500, 0.00000, -0.03003
32829, -28, 500, 0.00000, -0.03218
32830, -28, 500, 0.00000, -0.03003
32831, -28, 500, 0.00000, -0.02679
32832, -28, 500, 0.00000, -0.02787
32833, -28, 500, 0.00000, -0.02607
32834, -28, 500, 0.00000, -0.02212
32835, -28, 500, 0.00000, -0.02391
32836, -28, 500, 0.00000, -0.02068
32837, -28, 500, 0.00000, -0.01133
32838, -28, 500, 0.00000, -0.00990
32839, -28, 500, 0.00000, -0.01313
32840, -28, 500, 0.00000, -0.00846
32841, -28, 500, 0.00000, -0.01026
32842, -28, 500, 0.00000, -0.01026
32843, -28, 500, 0.00000, -0.00486
32844, -28, 500, 0.00000, -0.00199
32845, -28, 500, 0.00000, -0.00630
32846, -28, 500, 0.00000, 0.00125
32847, -28, 500, 0.00000, 0.00772
32848, -28, 500, 0.00000, 0.00340
32849, -28, 500, 0.00000, 0.00304
32850, -28, 500, 0.00000, 0.00340
32851, -28, 500, 0.00000, 0.00233
32852, -28, 500, 0.00000, 0.00161
32853, -28, 500, 0.00000, 0.00412
32854, -28, 500, 0.00000, 0.00197
32855, -28, 500, 0.00000, 0.00233
32856, -28, 500, 0.00000, 0.00089
32857, -28, 500, 0.00000, 0.00340
32858, -28, 500, 0.00000, 0.00053
32859, -28, 500, 0.00000, -0.00235
32860, -28, 500, 0.00000, 0.00269
32861, -28, 500, 0.00000, 0.00376
32862, -28, 500, 0.00000, 0.00233
32863, -28, 500, 0.00000, 0.00089
32864, -28, 500, 0.00000, -0.00019
32865, -28, 500, 0.00000, 0.00161
32866, -28, 500, 0.00000, 0.00125
32867, -28, 500, 0.00000, 0.00161
32868, -28, 500, 0.00000, 0.00089
32869, -28, 500, 0.00000, 0.00053
32870, -28, 500, 0.00000, -0.00163
32871, -28, 500, 0.00000, -0.00307
32872, -28, 500, 0.00000, 0.00304
32873, -28, 500, 0.00000, -0.00918
32874, -28, 500, 0.00000, 0.00269
32875, -28, 500, 0.00000, 0.00053
32876, -28, 500, 0.00000, -0.00127
32877, -28, 500, 0.00000, -0.00127
32878, -28, 500, 0.00000, -0.00343
32879, -28, 500, 0.00000, -0.00163
32880, -28, 500, 0.00000, 0.00125
32881, -28, 500, 0.00000, -0.00163
32882, -28, 500, 0.00000, -0.00055
32883, -28, 500, 0.00000, -0.00055
32884, -28, 500, 0.00000, -0.00271
32885, -28, 500, 0.00000, 0.00125
32886, -28, 500, 0.00000, -0.00163
32887, -28, 500, 0.00000, 0.00017
32888, -28, 500, 0.00000, 0.00125
32889, -28, 500, 0.00000, -0.00091
32890, -28, 500, 0.00000, 0.00053
32891, -28, 500, 0.00000, 0.00089
32892, -28, 500, 0.00000, 0.00233
32893, -28, 500, 0.00000, 0.00089
32894, -28, 500, 0.00000, 0.00233
32895, -28, 500, 0.00000, 0.00233
32896, -28, 500, 0.00000, -0.00199
32897, -28, 500, 0.00000, 0.00053
32898, -28, 500, 0.00000, 0.00053
32899, -28, 500, 0.00000, 0.00017
32900, -28, 500, 0.00000, 0.00161
32901, -28, 500, 0.00000, -0.00199
32902, -28, 500, 0.00000, -0.00558
32903, -28, 500, 0.00000, -0.00271
32904, -28, 500, 0.00000, 0.00233
32905, -28, 500, 0.00000, -0.00019
32906, -28, 500, 0.00000, 0.00233
32907, -28, 500, 0.00000, 0.00017
32908, -28, 500, 0.00000, -0.00091
32909, -28, 500, 0.00000, -0.00055
32910, -28, 500, 0.00000, 0.00340
32911, -28, 500, 0.00000, -0.00163
32912, -28, 500, 0.00000, -0.00055
32913, -28, 500, 0.00000, 0.00376
32914, -28, 500, 0.00000, 0.00376
32915, -28, 500, 0.00000, 0.00017
32916, -28, 500, 0.00000, 0.00556
32917, -28, 500, 0.00000, -0.00163
32918, -28, 500, 0.00000, 0.00017
32919, -28, 500, 0.00000, -0.00127
32920, -28, 500, 0.00000, -0.00199
32921, -28, 500, 0.00000, 0.00089
32922, -28, 500, 0.00000, 0.00233
32923, -28, 500, 0.00000, 0.00233
32924, -28, 500, 0.00000, -0.00091
32925, -28, 500, 0.00000, -0.00450
32926, -28, 500, 0.00000, -0.00091
32927, -28, 500, 0.00000, 0.00197
32928, -28, 500, 0.00000, 0.00125
32929, -28, 500, 0.00000, -0.00163
32930, -28, 500, 0.00000, 0.00053
32931, -28, 500, 0.00000, 0.00304
32932, -28, 500, 0.00000, 0.00089
32933, -28, 500, 0.00000, 0.00089
32934, -28, 500, 0.00000, 0.00197
32935, -28, 500, 0.00000, 0.00017
32936, -28, 500, 0.00000, -0.00019
32937, -28, 500, 0.00000, 0.00089
32938, -28, 500, 0.00000, -0.00019
32939, -28, 500, 0.00000, 0.00376
32940, -28, 500, 0.00000, -0.00199
32941, -28, 500, 0.00000, -0.00055
32942, -28, 500, 0.00000, 0.00340
32943, -28, 500, 0.00000, 0.00089
32944, -28, 500, 0.00000, 0.00089
32945, -28, 500, 0.00000, -0.00163
32946, -28, 500, 0.00000, -0.00127
32947, -28, 500, 0.00000, -0.00127
32948, -28, 500, 0.00000, -0.00199
32949, -28, 500, 0.00000, -0.00307
32950, -28, 500, 0.00000, -0.00199
32951, -28, 500, 0.00000, -0.00235
32952, -28, 500, 0.00000, 0.00125
32953, -28, 500, 0.00000, -0.00019
32954, -28, 500, 0.00000, -0.00055
32955, -28, 500, 0.00000, -0.00091
32956, -28, 500, 0.00000, -0.00091
32957, -28, 500, 0.00000, 0.00053
32958, -28, 500, 0.00000, -0.00127
32959, -28, 500, 0.00000, -0.00019
32960, -28, 500, 0.00000, 0.00304
32961, -28, 500, 0.00000, 0.00017
32962, -28, 500, 0.00000, -0.00055
32963, -28, 500, 0.00000, 0.00017
32964, -28, 500, 0.00000, 0.00197
32965, -28, 500, 0.00000, -0.00019
32966, -28, 500, 0.00000, -0.00127
32967, -28, 500, 0.00000, -0.00271
32968, -28, 500, 0.00000, -0.00235
32969, -28, 500, 0.00000, 0.00520
32970, -28, 500, 0.00000, -0.00235
32971, -28, 500, 0.00000, 0.00017
32972, -28, 500, 0.00000, -0.00163
32973, -28, 500, 0.00000, 0.00125
32974, -28, 500, 0.00000, -0.00055
32975, -28, 500, 0.00000, -0.00199
32976, -28, 500, 0.00000, -0.00091
32977, -28, 500, 0.00000, 0.00233
32978, -28, 500, 0.00000, -0.00235
32979, -28, 500, 0.00000, -0.00271
32980, -28, 500, 0.00000, -0.00199
32981, -28, 500, 0.00000, 0.00017
32982, -28, 500, 0.00000, 0.00125
32983, -28, 500, 0.00000, 0.00089
32984, -28, 500, 0.00000, -0.00235
32985, -28, 500, 0.00000, -0.00055
32986, -28, 500, 0.00000, -0.00127
32987, -28, 500, 0.00000, 0.00089
32988, -28, 500, 0.00000, -0.00055
32989, -28, 500, 0.00000, -0.00163
32990, -28, 500, 0.00000, -0.00127
32991, -28, 500, 0.00000, 0.00197
32992, -28, 500, 0.00000, -0.00271
32993, -28, 500, 0.00000, -0.00343
32994, -28, 500, 0.00000, -0.00091
32995, -28, 500, 0.00000, -0.00271
32996, -28, 500, 0.00000, -0.00307
32997, -28, 500, 0.00000, -0.00055
32998, -28, 500, 0.00000, -0.00486
32999, -28, 500, 0.00000, -0.00055
33000, -28, 500, 0.00000, -0.00091
33001, -28, 500, 0.00000, -0.00091
33002, -28, 500, 0.00000, 0.00089
33003, -28, 500, 0.00000, 0.00161
33004, -28, 500, 0.00000, 0.00161
33005, -28, 500, 0.00000, 0.00017
33006, -28, 500, 0.00000, -0.00055
33007, -28, 500, 0.00000, -0.00127
33008, -28, 500, 0.00000, 0.00520
33009, -28, 500, 0.00000, -0.00091
33010, -28, 500, 0.00000, -0.00199
33011, -28, 500, 0.00000, 0.00089
33012, -28, 500, 0.00000, -0.00091
33013, -28, 500, 0.00000, 0.00125
33014, -28, 500, 0.00000, 0.00053
33015, -28, 500, 0.00000, -0.00019
33016, -28, 500, 0.00000, 0.00053
33017, -28, 500, 0.00000, 0.00304
33018, -28, 500, 0.00000, 0.00233
33019, -28, 500, 0.00000, 0.00017
33020, -28, 500, 0.00000, 0.00017
33021, -28, 500, 0.00000, -0.00343
33022, -28, 500, 0.00000, -0.00091
33023, -28, 500, 0.00000, 0.00125
33024, -28, 500, 0.00000, -0.00091
33025, -28, 500, 0.00000, -0.00163
33026, -28, 500, 0.00000, 0.00125
33027, -28, 500, 0.00000, -0.00307
33028, -28, 500, 0.00000, 0.00197
33029, -28, 500, 0.00000, 0.00736
33030, -28, 500, 0.00000, -0.00307
33031, -28, 500, 0.00000, 0.00233
33032, -28, 500, 0.00000, -0.00055
33033, -28, 500, 0.00000, 0.00017
33034, -28, 500, 0.00000, 0.00269
33035, -28, 500, 0.00000, 0.00304
33036, -28, 500, 0.00000, -0.00091
33037, -28, 500, 0.00000, -0.00163
33038, -28, 500, 0.00000, -0.00235
33039, -28, 500, 0.00000, -0.00163
33040, -28, 500, 0.00000, 0.00017
33041, -28, 500, 0.00000, 0.00125
33042, -28, 500, 0.00000, 0.00017
33043, -28, 500, 0.00000, 0.00125
33044, -28, 500, 0.00000, 0.00053
33045, -28, 500, 0.00000, -0.00343
33046, -28, 500, 0.00000, 0.00089
33047, -28, 500, 0.00000, -0.00235
33048, -28, 500, 0.00000, -0.00199
33049, -28, 500, 0.00000, -0.00055
33050, -28, 500, 0.00000, 0.00197
33051, -28, 500, 0.00000, 0.00197
33052, -28, 500, 0.00000, -0.00055
33053, -28, 500, 0.00000, -0.00163
33054, -28, 500, 0.00000, 0.00197
33055, -28, 500, 0.00000, 0.00089
33056, -28, 500, 0.00000, -0.00163
33057, -28, 500, 0.00000, 0.00017
33058, -28, 500, 0.00000, -0.00019
33059, -28, 500, 0.00000, -0.00019
33060, -28, 500, 0.00000, 0.00269
33061, -28, 500, 0.00000, -0.00055
33062, -28, 500, 0.00000, -0.00199
33063, -28, 500, 0.00000, -0.00055
33064, -28, 500, 0.00000, -0.00163
33065, -28, 500, 0.00000, 0.00017
33066, -28, 500, 0.00000, -0.00235
33067, -28, 500, 0.00000, 0.00161
33068, -28, 500, 0.00000, -0.00019
33069, -28, 500, 0.00000, 0.00089
33070, -28, 500, 0.00000, 0.00053
33071, -28, 500, 0.00000, -0.00055
33072, -28, 500, 0.00000, -0.00055
33073, -28, 500, 0.00000, -0.00055
33074, -28, 500, 0.00000, 0.00089
33075, -28, 500, 0.00000, -0.00091
33076, -28, 500, 0.00000, -0.00163
33077, -28, 500, 0.00000, -0.00019
33078, -28, 500, 0.00000, -0.00091
33079, -28, 500, 0.00000, 0.00017
33080, -28, 500, 0.00000, -0.00055
33081, -28, 500, 0.00000, -0.00127
33082, -28, 500, 0.00000, -0.00558
33083, -28, 500, 0.00000, -0.00019
33084, -28, 500, 0.00000, -0.00163
33085, -28, 500, 0.00000, 0.00125
33086, -28, 500, 0.00000, -0.00091
33087, -28, 500, 0.00000, 0.00053
33088, -28, 500, 0.00000, -0.00594
33089, -28, 500, 0.00000, 0.00161
33090, -28, 500, 0.00000, 0.00053
33091, -28, 500, 0.00000, 0.00017
33092, -28, 500, 0.00000, 0.00304
33093, -28, 500, 0.00000, 0.00125
33094, -28, 500, 0.00000, -0.00379
33095, -28, 500, 0.00000, 0.00053
33096, -28, 500, 0.00000, -0.00127
33097, -28, 500, 0.00000, -0.00127
33098, -28, 500, 0.00000, -0.00055
33099, -28, 500, 0.00000, -0.00271
33100, -28, 500, 0.00000, 0.00304
33101, -28, 500, 0.00000, 0.00089
33102, -28, 500, 0.00000, 0.00089
33103, -28, 500, 0.00000, 0.00089
33104, -28, 500, 0.00000, 0.00053
33105, -28, 500, 0.00000, 0.00376
33106, -28, 500, 0.00000, 0.00017
33107, -28, 500, 0.00000, 0.00017
33108, -28, 500, 0.00000, -0.00055
33109, -28, 500, 0.00000, -0.00235
33110, -28, 500, 0.00000, 0.00161
33111, -28, 500, 0.00000, 0.00125
33112, -28, 500, 0.00000, -0.00055
33113, -28, 500, 0.00000, -0.00199
33114, -28, 500, 0.00000, -0.00127
33115, -28, 500, 0.00000, 0.00161
33116, -28, 500, 0.00000, -0.00019
33117, -28, 500, 0.00000, 0.00125
33118, -28, 500, 0.00000, -0.00019
33119, -28, 500, 0.00000, 0.00053
33120, -28, 500, 0.00000, 0.00161
33121, -28, 500, 0.00000, -0.00235
33122, -28, 500, 0.00000, -0.00307
33123, -28, 500, 0.00000, 0.00233
33124, -28, 500, 0.00000, -0.00379
33125, -28, 500, 0.00000, -0.00127
33126, -28, 500, 0.00000, -0.00019
33127, -28, 500, 0.00000, -0.00091
33128, -28, 500, 0.00000, -0.00127
33129, -28, 500, 0.00000, -0.00199
33130, -28, 500, 0.00000, -0.00019
33131, -28, 500, 0.00000, -0.00163
33132, -28, 500, 0.00000, -0.00343
33133, -28, 500, 0.00000, -0.00163
33134, -28, 500, 0.00000, -0.00127
33135, -28, 500, 0.00000, -0.00271
33136, -28, 500, 0.00000, -0.00091
33137, -28, 500, 0.00000, -0.00055
33138, -28, 500, 0.00000, 0.00233
33139, -28, 500, 0.00000, 0.00089
33140, -28, 500, 0.00000, -0.00163
33141, -28, 500, 0.00000, -0.00127
33142, -28, 500, 0.00000, 0.00269
33143, -28, 500, 0.00000, -0.00055
33144, -28, 500, 0.00000, 0.00197
33145, -28, 500, 0.00000, -0.00235
33146, -28, 500, 0.00000, -0.00055
33147, -28, 500, 0.00000, 0.00125
33148, -28, 500, 0.00000, 0.00125
33149, -28, 500, 0.00000, -0.00414
33150, -28, 500, 0.00000, -0.00271
33151, -28, 500, 0.00000, -0.00055
33152, -28, 500, 0.00000, -0.00307
33153, -28, 500, 0.00000, -0.00271
33154, -28, 500, 0.00000, 0.00089
33155, -28, 500, 0.00000, 0.00053
33156, -28, 500, 0.00000, 0.00089
33157, -28, 500, 0.00000, -0.00127
33158, -28, 500, 0.00000, 0.00017
33159, -28, 500, 0.00000, 0.00053
33160, -28, 500, 0.00000, -0.00199
33161, -28, 500, 0.00000, 0.00125
33162, -28, 500, 0.00000, 0.00197
33163, -28, 500, 0.00000, 0.00161
33164, -28, 500, 0.00000, -0.00163
33165, -28, 500, 0.00000, 0.00340
33166, -28, 500, 0.00000, -0.00127
33167, -28, 500, 0.00000, 0.00161
33168, -28, 500, 0.00000, 0.00017
33169, -28, 500, 0.00000, 0.00233
33170, -28, 500, 0.00000, 0.00089
33171, -28, 500, 0.00000, -0.00091
33172, -28, 500, 0.00000, 0.00269
33173, -28, 500, 0.00000, 0.00089
33174, -28, 500, 0.00000, -0.00019
33175, -28, 500, 0.00000, -0.00379
33176, -28, 500, 0.00000, -0.00199
33177, -28, 500, 0.20000, -0.00019
33178, -28, 500, 0.20000, 0.00197
33179, -28, 500, 0.20000, 0.00161
33180, -28, 500, 0.20000, 0.01131
33181, -28, 500, 0.20000, 0.02317
33182, -28, 500, 0.20000, 0.03072
33183, -28, 500, 0.20000, 0.04043
33184, -28, 500, 0.20000, 0.05229
33185, -28, 500, 0.20000, 0.07098
33186, -28, 500, 0.20000, 0.07925
33187, -28, 500, 0.20000, 0.09542
33188, -28, 500, 0.20000, 0.11591
33189, -28, 500, 0.20000, 0.13245
33190, -28, 500, 0.20000, 0.14143
33191, -28, 500, 0.20000, 0.15617
33192, -28, 500, 0.20000, 0.16552
33193, -28, 500, 0.20000, 0.17738
33194, -28, 500, 0.20000, 0.19140
33195, -28, 500, 0.20000, 0.19320
33196, -28, 500, 0.20000, 0.20290
33197, -28, 500, 0.20000, 0.20865
33198, -28, 500, 0.20000, 0.21225
33199, -28, 500, 0.20000, 0.21800
33200, -28, 500, 0.20000, 0.22195
33201, -28, 500, 0.20000, 0.22770
33202, -28, 500, 0.20000, 0.22734
33203, -28, 500, 0.20000, 0.22914
33204, -28, 500, 0.20000, 0.22770
33205, -28, 500, 0.20000, 0.22842
33206, -28, 500, 0.20000, 0.22806
33207, -28, 500, 0.20000, 0.22878
33208, -28, 500, 0.20000, 0.22591
33209, -28, 500, 0.20000, 0.22591
33210, -28, 500, 0.20000, 0.21908
33211, -28, 500, 0.20000, 0.22015
33212, -28, 500, 0.20000, 0.22015
33213, -28, 500, 0.20000, 0.21404
33214, -28, 500, 0.20000, 0.21368
33215, -28, 500, 0.20000, 0.21117
33216, -28, 500, 0.20000, 0.20937
33217, -28, 500, 0.20000, 0.20721
33218, -28, 500, 0.20000, 0.20578
33219, -28, 500, 0.20000, 0.20326
33220, -28, 500, 0.20000, 0.19679
33221, -28, 500, 0.20000, 0.20326
33222, -28, 500, 0.20000, 0.19715
33223, -28, 500, 0.20000, 0.20002
33224, -28, 500, 0.20000, 0.19751
33225, -28, 500, 0.20000, 0.19607
33226, -28, 500, 0.20000, 0.19463
33227, -28, 500, 0.20000, 0.19931
33228, -28, 500, 0.20000, 0.19859
33229, -28, 500, 0.20000, 0.19284
33230, -28, 500, 0.20000, 0.19607
33231, -28, 500, 0.20000, 0.19535
33232, -28, 500, 0.20000, 0.19787
33233, -28, 500, 0.20000, 0.19535
33234, -28, 500, 0.20000, 0.19499
33235, -28, 500, 0.20000, 0.19895
33236, -28, 500, 0.20000, 0.19643
33237, -28, 500, 0.20000, 0.19607
33238, -28, 500, 0.20000, 0.19643
33239, -28, 500, 0.20000, 0.19499
33240, -28, 500, 0.20000, 0.19463
33241, -28, 500, 0.20000, 0.19859
33242, -28, 500, 0.20000, 0.19427
33243, -28, 500, 0.20000, 0.19823
33244, -28, 500, 0.20000, 0.19715
33245, -28, 500, 0.20000, 0.19751
33246, -28, 500, 0.20000, 0.19859
33247, -28, 500, 0.20000, 0.19931
33248, -28, 500, 0.20000, 0.19859
33249, -28, 500, 0.20000, 0.20110
33250, -28, 500, 0.20000, 0.20038
33251, -28, 500, 0.20000, 0.19967
33252, -28, 500, 0.20000, 0.19931
33253, -28, 500, 0.20000, 0.20074
33254, -28, 500, 0.20000, 0.19967
33255, -28, 500, 0.20000, 0.19931
33256, -28, 500, 0.20000, 0.19823
33257, -28, 500, 0.20000, 0.20038
33258, -28, 500, 0.20000, 0.19895
33259, -28, 500, 0.20000, 0.19895
33260, -28, 500, 0.20000, 0.20002
33261, -28, 500, 0.20000, 0.19787
33262, -28, 500, 0.20000, 0.20038
33263, -28, 500, 0.20000, 0.20254
33264, -28, 500, 0.20000, 0.20002
33265, -28, 500, 0.20000, 0.19967
33266, -28, 500, 0.20000, 0.19751
33267, -28, 500, 0.20000, 0.20038
33268, -28, 500, 0.20000, 0.20146
33269, -28, 500, 0.20000, 0.19643
33270, -28, 500, 0.20000, 0.19967
33271, -28, 500, 0.20000, 0.19895
33272, -28, 500, 0.20000, 0.19859
33273, -28, 500, 0.20000, 0.19859
33274, -28, 500, 0.20000, 0.19895
33275, -28, 500, 0.20000, 0.19967
33276, -28, 500, 0.20000, 0.20326
33277, -28, 500, 0.20000, 0.20182
33278, -28, 500, 0.20000, 0.19859
33279, -28, 500, 0.20000, 0.20002
33280, -28, 500, 0.20000, 0.20110
33281, -28, 500, 0.20000, 0.20110
33282, -28, 500, 0.20000, 0.20110
33283, -28, 500, 0.20000, 0.19463
33284, -28, 500, 0.20000, 0.20002
33285, -28, 500, 0.20000, 0.19931
33286, -28, 500, 0.20000, 0.19859
33287, -28, 500, 0.20000, 0.20110
33288, -28, 500, 0.20000, 0.20146
33289, -28, 500, 0.20000, 0.20110
33290, -28, 500, 0.20000, 0.19931
33291, -28, 500, 0.20000, 0.19931
33292, -28, 500, 0.20000, 0.19535
33293, -28, 500, 0.20000, 0.19751
33294, -28, 500, 0.20000, 0.20182
33295, -28, 500, 0.20000, 0.19931
33296, -28, 500, 0.20000, 0.20146
33297, -28, 500, 0.20000, 0.20146
33298, -28, 500, 0.20000, 0.19751
33299, -28, 500, 0.20000, 0.19895
33300, -28, 500, 0.20000, 0.19931
33301, -28, 500, 0.20000, 0.20182
33302, -28, 500, 0.20000, 0.20290
33303, -28, 500, 0.20000, 0.19787
33304, -28, 500, 0.20000, 0.20434
33305, -28, 500, 0.20000, 0.20146
33306, -28, 500, 0.20000, 0.20218
33307, -28, 500, 0.20000, 0.20002
33308, -28, 500, 0.20000, 0.19895
33309, -28, 500, 0.20000, 0.20002
33310, -28, 500, 0.20000, 0.19931
33311, -28, 500, 0.20000, 0.20218
33312, -28, 500, 0.20000, 0.20182
33313, -28, 500, 0.20000, 0.20002
33314, -28, 500, 0.20000, 0.19823
33315, -28, 500, 0.20000, 0.19787
33316, -28, 500, 0.20000, 0.19715
33317, -28, 500, 0.20000, 0.20038
33318, -28, 500, 0.20000, 0.19823
33319, -28, 500, 0.20000, 0.19823
33320, -28, 500, 0.20000, 0.20290
33321, -28, 500, 0.20000, 0.19571
33322, -28, 500, 0.20000, 0.19823
33323, -28, 500, 0.20000, 0.20146
33324, -28, 500, 0.20000, 0.20074
33325, -28, 500, 0.20000, 0.19751
33326, -28, 500, 0.20000, 0.20002
33327, -28, 500, 0.20000, 0.19931
33328, -28, 500, 0.20000, 0.19931
33329, -28, 500, 0.20000, 0.19787
33330, -28, 500, 0.20000, 0.20146
33331, -28, 500, 0.20000, 0.20146
33332, -28, 500, 0.20000, 0.19931
33333, -28, 500, 0.20000, 0.19427
33334, -28, 500, 0.20000, 0.19859
33335, -28, 500, 0.20000, 0.20002
33336, -28, 500, 0.20000, 0.19895
33337, -28, 500, 0.20000, 0.19643
33338, -28, 500, 0.20000, 0.19895
33339, -28, 500, 0.20000, 0.20002
33340, -28, 500, 0.20000, 0.20254
33341, -28, 500, 0.20000, 0.20254
33342, -28, 500, 0.20000, 0.20110
33343, -28, 500, 0.20000, 0.19607
33344, -28, 500, 0.20000, 0.19931
33345, -28, 500, 0.20000, 0.20110
33346, -28, 500, 0.20000, 0.19715
33347, -28, 500, 0.20000, 0.20182
33348, -28, 500, 0.20000, 0.19787
33349, -28, 500, 0.20000, 0.19931
33350, -28, 500, 0.20000, 0.20002
33351, -28, 500, 0.20000, 0.19931
33352, -28, 500, 0.20000, 0.20002
33353, -28, 500, 0.20000, 0.20146
33354, -28, 500, 0.20000, 0.19931
33355, -28, 500, 0.20000, 0.20290
33356, -28, 500, 0.20000, 0.19679
33357, -28, 500, 0.20000, 0.20146
33358, -28, 500, 0.20000, 0.20146
33359, -28, 500, 0.20000, 0.20038
33360, -28, 500, 0.20000, 0.19859
33361, -28, 500, 0.20000, 0.19823
33362, -28, 500, 0.20000, 0.19859
33363, -28, 500, 0.20000, 0.20074
33364, -28, 500, 0.20000, 0.20002
33365, -28, 500, 0.20000, 0.19931
33366, -28, 500, 0.20000, 0.20074
33367, -28, 500, 0.20000, 0.19859
33368, -28, 500, 0.20000, 0.19967
33369, -28, 500, 0.20000, 0.20146
33370, -28, 500, 0.20000, 0.19895
33371, -28, 500, 0.20000, 0.19931
33372, -28, 500, 0.20000, 0.20002
33373, -28, 500, 0.20000, 0.20434
33374, -28, 500, 0.20000, 0.19967
33375, -28, 500, 0.20000, 0.20074
33376, -28, 500, 0.20000, 0.20110
33377, -28, 500, 0.20000, 0.20290
33378, -28, 500, 0.20000, 0.19823
33379, -28, 500, 0.20000, 0.20146
33380, -28, 500, 0.20000, 0.19571
33381, -28, 500, 0.20000, 0.20002
33382, -28, 500, 0.20000, 0.20110
33383, -28, 500, 0.20000, 0.19427
33384, -28, 500, 0.20000, 0.19787
33385, -28, 500, 0.20000, 0.20002
33386, -28, 500, 0.20000, 0.20110
33387, -28, 500, 0.20000, 0.19751
33388, -28, 500, 0.20000, 0.20038
33389, -28, 500, 0.20000, 0.19751
33390, -28, 500, 0.20000, 0.20110
33391, -28, 500, 0.20000, 0.19823
33392, -28, 500, 0.20000, 0.20146
33393, -28, 500, 0.20000, 0.20038
33394, -28, 500, 0.20000, 0.19931
33395, -28, 500, 0.20000, 0.20002
33396, -28, 500, 0.20000, 0.19931
33397, -28, 500, 0.20000, 0.20110
33398, -28, 500, 0.20000, 0.19931
33399, -28, 500, 0.20000, 0.19931
33400, -28, 500, 0.20000, 0.19463
33401, -28, 500, 0.20000, 0.19751
33402, -28, 500, 0.20000, 0.20146
33403, -28, 500, 0.20000, 0.20254
33404, -28, 500, 0.20000, 0.20074
33405, -28, 500, 0.20000, 0.19967
33406, -28, 500, 0.20000, 0.20542
33407, -28, 500, 0.20000, 0.20038
33408, -28, 500, 0.20000, 0.19787
33409, -28, 500, 0.20000, 0.19967
33410, -28, 500, 0.20000, 0.20218
33411, -28, 500, 0.20000, 0.19967
33412, -28, 500, 0.20000, 0.19895
33413, -28, 500, 0.20000, 0.20110
33414, -28, 500, 0.20000, 0.20110
33415, -28, 500, 0.20000, 0.20074
33416, -28, 500, 0.20000, 0.19967
33417, -28, 500, 0.20000, 0.19751
33418, -28, 500, 0.20000, 0.19931
33419, -28, 500, 0.20000, 0.19931
33420, -28, 500, 0.20000, 0.20002
33421, -28, 500, 0.20000, 0.20002
33422, -28, 500, 0.20000, 0.19895
33423, -28, 500, 0.20000, 0.19895
33424, -28, 500, 0.20000, 0.20074
33425, -28, 500, 0.20000, 0.19571
33426, -28, 500, 0.20000, 0.20002
33427, -28, 500, 0.20000, 0.20290
33428, -28, 500, 0.20000, 0.19967
33429, -28, 500, 0.20000, 0.19931
33430, -28, 500, 0.20000, 0.19679
33431, -28, 500, 0.20000, 0.20038
33432, -28, 500, 0.20000, 0.19859
33433, -28, 500, 0.20000, 0.20038
33434, -28, 500, 0.20000, 0.20578
33435, -28, 500, 0.20000, 0.20110
33436, -28, 500, 0.20000, 0.20182
33437, -28, 500, 0.20000, 0.19931
33438, -28, 500, 0.20000, 0.20002
33439, -28, 500, 0.20000, 0.19391
33440, -28, 500, 0.20000, 0.19679
33441, -28, 500, 0.20000, 0.19715
33442, -28, 500, 0.20000, 0.19859
33443, -28, 500, 0.20000, 0.19427
33444, -28, 500, 0.20000, 0.19931
33445, -28, 500, 0.20000, 0.20182
33446, -28, 500, 0.20000, 0.20254
33447, -28, 500, 0.20000, 0.19967
33448, -28, 500, 0.20000, 0.19751
33449, -28, 500, 0.20000, 0.19643
33450, -28, 500, 0.20000, 0.20038
33451, -28, 500, 0.20000, 0.19967
33452, -28, 500, 0.20000, 0.19643
33453, -28, 500, 0.20000, 0.20290
33454, -28, 500, 0.20000, 0.20290
33455, -28, 500, 0.20000, 0.19967
33456, -28, 500, 0.20000, 0.19751
33457, -28, 500, 0.20000, 0.20434
33458, -28, 500, 0.20000, 0.19787
33459, -28, 500, 0.20000, 0.20182
33460, -28, 500, 0.20000, 0.19895
33461, -28, 500, 0.20000, 0.19895
33462, -28, 500, 0.20000, 0.20038
33463, -28, 500, 0.20000, 0.19967
33464, -28, 500, 0.20000, 0.20074
33465, -28, 500, 0.20000, 0.20110
33466, -28, 500, 0.20000, 0.20002
33467, -28, 500, 0.20000, 0.20218
33468, -28, 500, 0.20000, 0.20182
33469, -28, 500, 0.20000, 0.19715
33470, -28, 500, 0.20000, 0.19823
33471, -28, 500, 0.20000, 0.19895
33472, -28, 500, 0.20000, 0.19751
33473, -28, 500, 0.20000, 0.20290
33474, -28, 500, 0.20000, 0.20218
33475, -28, 500, 0.20000, 0.20146
33476, -28, 500, 0.20000, 0.20038
33477, -28, 500, 0.20000, 0.20038
33478, -28, 500, 0.20000, 0.19895
33479, -28, 500, 0.20000, 0.19967
33480, -28, 500, 0.20000, 0.19823
33481, -28, 500, 0.20000, 0.19931
33482, -28, 500, 0.20000, 0.20002
33483, -28, 500, 0.20000, 0.20110
33484, -28, 500, 0.20000, 0.19751
33485, -28, 500, 0.20000, 0.20182
33486, -28, 500, 0.20000, 0.19751
33487, -28, 500, 0.20000, 0.20721
33488, -28, 500, 0.20000, 0.20038
33489, -28, 500, 0.20000, 0.19607
33490, -28, 500, 0.20000, 0.20290
33491, -28, 500, 0.20000, 0.19967
33492, -28, 500, 0.20000, 0.19895
33493, -28, 500, 0.20000, 0.20218
33494, -28, 500, 0.20000, 0.20146
33495, -28, 500, 0.20000, 0.20182
33496, -28, 500, 0.20000, 0.20002
33497, -28, 500, 0.20000, 0.20002
33498, -28, 500, 0.20000, 0.19571
33499, -28, 500, 0.20000, 0.20110
33500, -28, 500, 0.20000, 0.20110
33501, -28, 500, 0.20000, 0.19895
33502, -28, 500, 0.20000, 0.19931
33503, -28, 500, 0.20000, 0.20002
33504, -28, 500, 0.20000, 0.20074
33505, -28, 500, 0.20000, 0.19859
33506, -28, 500, 0.20000, 0.19859
33507, -28, 500, 0.20000, 0.19823
33508, -28, 500, 0.20000, 0.19931
33509, -28, 500, 0.20000, 0.18601
33510, -28, 500, 0.20000, 0.19931
33511, -28, 500, 0.20000, 0.19931
33512, -28, 500, 0.20000, 0.19859
33513, -28, 500, 0.20000, 0.19715
33514, -28, 500, 0.20000, 0.19751
33515, -28, 500, 0.20000, 0.20002
33516, -28, 500, 0.20000, 0.20002
33517, -28, 500, 0.20000, 0.19967
33518, -28, 500, 0.20000, 0.19967
33519, -28, 500, 0.20000, 0.20002
33520, -28, 500, 0.20000, 0.20110
33521, -28, 500, 0.20000, 0.19607
33522, -28, 500, 0.20000, 0.20002
33523, -28, 500, 0.20000, 0.19967
33524, -28, 500, 0.20000, 0.20038
33525, -28, 500, 0.20000, 0.20002
33526, -28, 500, 0.20000, 0.20074
33527, -28, 500, 0.20000, 0.20146
33528, -28, 500, 0.20000, 0.20182
33529, -28, 500, 0.20000, 0.19823
33530, -28, 500, 0.20000, 0.20470
33531, -28, 500, 0.20000, 0.19895
33532, -28, 500, 0.20000, 0.20002
33533, -28, 500, 0.20000, 0.19823
33534, -28, 500, 0.20000, 0.20146
33535, -28, 500, 0.20000, 0.20146
33536, -28, 500, 0.20000, 0.19931
33537, -28, 500, 0.20000, 0.20074
33538, -28, 500, 0.20000, 0.19859
33539, -28, 500, 0.20000, 0.19787
33540, -28, 500, 0.20000, 0.20002
33541, -28, 500, 0.20000, 0.20038
33542, -28, 500, 0.20000, 0.19895
33543, -28, 500, 0.20000, 0.19859
33544, -28, 500, 0.20000, 0.19859
33545, -28, 500, 0.20000, 0.19823
33546, -28, 500, 0.20000, 0.20002
33547, -28, 500, 0.20000, 0.20002
33548, -28, 500, 0.20000, 0.19895
33549, -28, 500, 0.20000, 0.20254
33550, -28, 500, 0.20000, 0.19607
33551, -28, 500, 0.20000, 0.19967
33552, -28, 500, 0.20000, 0.19715
33553, -28, 500, 0.20000, 0.19176
33554, -28, 500, 0.20000, 0.20110
33555, -28, 500, 0.20000, 0.20146
33556, -28, 500, 0.20000, 0.19859
33557, -28, 500, 0.00000, 0.19967
33558, -28, 500, 0.00000, 0.20182
33559, -28, 500, 0.00000, 0.19643
33560, -28, 500, 0.00000, 0.19104
33561, -28, 500, 0.00000, 0.18313
33562, -28, 500, 0.00000, 0.17378
33563, -28, 500, 0.00000, 0.15905
33564, -28, 500, 0.00000, 0.14431
33565, -28, 500, 0.00000, 0.13353
33566, -28, 500, 0.00000, 0.11627
33567, -28, 500, 0.00000, 0.10225
33568, -28, 500, 0.00000, 0.08572
33569, -28, 500, 0.00000, 0.07565
33570, -28, 500, 0.00000, 0.05876
33571, -28, 500, 0.00000, 0.05085
33572, -28, 500, 0.00000, 0.03647
33573, -28, 500, 0.00000, 0.02425
33574, -28, 500, 0.00000, 0.01419
33575, -28, 500, 0.00000, 0.00161
33576, -28, 500, 0.00000, -0.00414
33577, -28, 500, 0.00000, -0.00630
33578, -28, 500, 0.00000, -0.01241
33579, -28, 500, 0.00000, -0.01744
33580, -28, 500, 0.00000, -0.02320
33581, -28, 500, 0.00000, -0.02643
33582, -28, 500, 0.00000, -0.02787
33583, -28, 500, 0.00000, -0.02499
33584, -28, 500, 0.00000, -0.02859
33585, -28, 500, 0.00000, -0.02895
33586, -28, 500, 0.00000, -0.02859
33587, -28, 500, 0.00000, -0.02643
33588, -28, 500, 0.00000, -0.02751
33589, -28, 500, 0.00000, -0.02032
33590, -28, 500, 0.00000, -0.02212
33591, -28, 500, 0.00000, -0.02140
33592, -28, 500, 0.00000, -0.02176
33593, -28, 500, 0.00000, -0.01205
33594, -28, 500, 0.00000, -0.01385
33595, -28, 500, 0.00000, -0.01026
33596, -28, 500, 0.00000, -0.00810
33597, -28, 500, 0.00000, -0.00666
33598, -28, 500, 0.00000, -0.00450
33599, -28, 500, 0.00000, -0.00091
33600, -28, 500, 0.00000, -0.00235
33601, -28, 500, 0.00000, -0.00091
33602, -28, 500, 0.00000, 0.00304
33603, -28, 500, 0.00000, 0.00412
33604, -28, 500, 0.00000, 0.00520
33605, -28, 500, 0.00000, 0.00340
33606, -28, 500, 0.00000, 0.00233
33607, -28, 500, 0.00000, 0.00412
33608, -28, 500, 0.00000, 0.00556
33609, -28, 500, 0.00000, 0.00520
33610, -28, 500, 0.00000, 0.00772
33611, -28, 500, 0.00000, 0.00376
33612, -28, 500, 0.00000, 0.00233
33613, -28, 500, 0.00000, 0.00304
33614, -28, 500, 0.00000, 0.00089
33615, -28, 500, 0.00000, 0.00304
33616, -28, 500, 0.00000, 0.00628
33617, -28, 500, 0.00000, 0.00556
33618, -28, 500, 0.00000, 0.00412
33619, -28, 500, 0.00000, 0.00197
33620, -28, 500, 0.00000, -0.00091
33621, -28, 500, 0.00000, 0.00089
33622, -28, 500, 0.00000, 0.00233
33623, -28, 500, 0.00000, -0.00235
33624, -28, 500, 0.00000, 0.00269
33625, -28, 500, 0.00000, 0.00053
33626, -28, 500, 0.00000, -0.00091
33627, -28, 500, 0.00000, -0.00414
33628, -28, 500, 0.00000, -0.00343
33629, -28, 500, 0.00000, -0.00271
33630, -28, 500, 0.00000, -0.00163
33631, -28, 500, 0.00000, 0.00053
33632, -28, 500, 0.00000, -0.00019
33633, -28, 500, 0.00000, 0.00089
33634, -28, 500, 0.00000, -0.00271
33635, -28, 500, 0.00000, 0.00017
33636, -28, 500, 0.00000, -0.00343
33637, -28, 500, 0.00000, -0.00127
33638, -28, 500, 0.00000, 0.00161
33639, -28, 500, 0.00000, -0.00055
33640, -28, 500, 0.00000, 0.00197
33641, -28, 500, 0.00000, -0.00235
33642, -28, 500, 0.00000, -0.00307
33643, -28, 500, 0.00000, -0.00199
33644, -28, 500, 0.00000, 0.00053
33645, -28, 500, 0.00000, 0.00412
33646, -28, 500, 0.00000, -0.00414
33647, -28, 500, 0.00000, -0.00055
33648, -28, 500, 0.00000, -0.00163
33649, -28, 500, 0.00000, -0.00307
33650, -28, 500, 0.00000, -0.00163
33651, -28, 500, 0.00000, -0.00307
33652, -28, 500, 0.00000, -0.00163
33653, -28, 500, 0.00000, 0.00304
33654, -28, 500, 0.00000, -0.00019
33655, -28, 500, 0.00000, -0.00163
33656, -28, 500, 0.00000, 0.00412
33657, -28, 500, 0.00000, -0.00055
33658, -28, 500, 0.00000, 0.00197
33659, -28, 500, 0.00000, 0.00304
33660, -28, 500, 0.00000, -0.00343
33661, -28, 500, 0.00000, 0.00125
33662, -28, 500, 0.00000, 0.00304
33663, -28, 500, 0.00000, 0.00053
33664, -28, 500, 0.00000, 0.00017
33665, -28, 500, 0.00000, 0.00197
33666, -28, 500, 0.00000, -0.00091
33667, -28, 500, 0.00000, -0.00199
33668, -28, 500, 0.00000, -0.01277
33669, -28, 500, 0.00000, -0.00271
33670, -28, 500, 0.00000, -0.00307
33671, -28, 500, 0.00000, -0.00019
33672, -28, 500, 0.00000, 0.00269
33673, -28, 500, 0.00000, -0.00091
33674, -28, 500, 0.00000, 0.00125
33675, -28, 500, 0.00000, -0.00235
33676, -28, 500, 0.00000, -0.00091
33677, -28, 500, 0.00000, -0.00450
33678, -28, 500, 0.00000, -0.00091
33679, -28, 500, 0.00000, -0.00127
33680, -28, 500, 0.00000, 0.00125
33681, -28, 500, 0.00000, -0.00343
33682, -28, 500, 0.00000, 0.00089
33683, -28, 500, 0.00000, -0.00199
33684, -28, 500, 0.00000, -0.00127
33685, -28, 500, 0.00000, -0.00127
33686, -28, 500, 0.00000, -0.00163
33687, -28, 500, 0.00000, -0.00055
33688, -28, 500, 0.00000, -0.00055
33689, -28, 500, 0.00000, 0.00376
33690, -28, 500, 0.00000, -0.00163
33691, -28, 500, 0.00000, 0.00484
33692, -28, 500, 0.00000, -0.00019
33693, -28, 500, 0.00000, -0.00163
33694, -28, 500, 0.00000, -0.00199
33695, -28, 500, 0.00000, -0.00379
33696, -28, 500, 0.00000, -0.00127
33697, -28, 500, 0.00000, -0.00163
33698, -28, 500, 0.00000, 0.00161
33699, -28, 500, 0.00000, -0.00486
33700, -28, 500, 0.00000, -0.00019
33701, -28, 500, 0.00000, -0.00163
33702, -28, 500, 0.00000, -0.00127
33703, -28, 500, 0.00000, -0.00091
33704, -28, 500, 0.00000, -0.00055
33705, -28, 500, 0.00000, 0.00125
33706, -28, 500, 0.00000, 0.00089
33707, -28, 500, 0.00000, -0.00163
33708, -28, 500, 0.00000, 0.00448
33709, -28, 500, 0.00000, -0.00055
33710, -28, 500, 0.00000, 0.00017
33711, -28, 500, 0.00000, -0.00019
33712, -28, 500, 0.00000, -0.00127
33713, -28, 500, 0.00000, -0.00235
33714, -28, 500, 0.00000, 0.00017
33715, -28, 500, 0.00000, 0.00053
33716, -28, 500, 0.00000, -0.00450
33717, -28, 500, 0.00000, -0.00163
33718, -28, 500, 0.00000, 0.00053
33719, -28, 500, 0.00000, -0.00019
33720, -28, 500, 0.00000, -0.00163
33721, -28, 500, 0.00000, 0.00053
33722, -28, 500, 0.00000, 0.00161
33723, -28, 500, 0.00000, 0.00376
33724, -28, 500, 0.00000, 0.00017
33725, -28, 500, 0.00000, 0.00376
33726, -28, 500, 0.00000, -0.00163
33727, -28, 500, 0.00000, -0.00091
33728, -28, 500, 0.00000, 0.00125
33729, -28, 500, 0.00000, 0.00269
33730, -28, 500, 0.00000, 0.00233
33731, -28, 500, 0.00000, 0.00053
33732, -28, 500, 0.00000, 0.00125
33733, -28, 500, 0.00000, -0.00019
33734, -28, 500, 0.00000, 0.00197
33735, -28, 500, 0.00000, 0.00161
33736, -28, 500, 0.00000, 0.00520
33737, -28, 500, 0.00000, 0.00161
33738, -28, 500, 0.00000, 0.00053
33739, -28, 500, 0.00000, -0.00055
33740, -28, 500, 0.00000, -0.00235
33741, -28, 500, 0.00000, 0.00448
33742, -28, 500, 0.00000, -0.00414
33743, -28, 500, 0.00000, -0.00091
33744, -28, 500, 0.00000, 0.00125
33745, -28, 500, 0.00000, 0.00161
33746, -28, 500, 0.00000, 0.00089
33747, -28, 500, 0.00000, -0.00127
33748, -28, 500, 0.00000, -0.00019
33749, -28, 500, 0.00000, -0.00019
33750, -28, 500, 0.00000, -0.00091
33751, -28, 500, 0.00000, 0.00089
33752, -28, 500, 0.00000, -0.00055
33753, -28, 500, 0.00000, 0.00017
33754, -28, 500, 0.00000, 0.00125
33755, -28, 500, 0.00000, 0.00017
33756, -28, 500, 0.00000, 0.00233
33757, -28, 500, 0.00000, -0.00127
33758, -28, 500, 0.00000, -0.00163
33759, -28, 500, 0.00000, -0.00127
33760, -28, 500, 0.00000, 0.00448
33761, -28, 500, 0.00000, -0.00055
33762, -28, 500, 0.00000, -0.00199
33763, -28, 500, 0.00000, -0.00055
33764, -28, 500, 0.00000, 0.00304
33765, -28, 500, 0.00000, -0.00127
33766, -28, 500, 0.00000, -0.00091
33767, -28, 500, 0.00000, 0.00017
33768, -28, 500, 0.00000, -0.00163
33769, -28, 500, 0.00000, 0.00017
33770, -28, 500, 0.00000, 0.00125
33771, -28, 500, 0.00000, -0.00091
33772, -28, 500, 0.00000, 0.00017
33773, -28, 500, 0.00000, 0.00053
33774, -28, 500, 0.00000, 0.00053
33775, -28, 500, 0.00000, 0.00161
33776, -28, 500, 0.00000, -0.00055
33777, -28, 500, 0.00000, 0.00017
33778, -28, 500, 0.00000, 0.00233
33779, -28, 500, 0.00000, 0.00053
33780, -28, 500, 0.00000, -0.00019
33781, -28, 500, 0.00000, 0.00017
33782, -28, 500, 0.00000, -0.00055
33783, -28, 500, 0.00000, 0.00448
33784, -28, 500, 0.00000, -0.00091
33785, -28, 500, 0.00000, -0.00199
33786, -28, 500, 0.00000, 0.00125
33787, -28, 500, 0.00000, -0.00091
33788, -28, 500, 0.00000, 0.00304
33789, -28, 500, 0.00000, 0.00053
33790, -28, 500, 0.00000, 0.00412
33791, -28, 500, 0.00000, -0.00235
33792, -28, 500, 0.00000, 0.00125
33793, -28, 500, 0.00000, -0.00127
33794, -28, 500, 0.00000, -0.00199
33795, -28, 500, 0.00000, -0.00127
33796, -28, 500, 0.00000, -0.00019
33797, -28, 500, 0.00000, -0.00235
33798, -28, 500, 0.00000, 0.00161
33799, -28, 500, 0.00000, 0.00233
33800, -28, 500, 0.00000, 0.00089
33801, -28, 500, 0.00000, -0.00235
33802, -28, 500, 0.00000, -0.00127
33803, -28, 500, 0.00000, 0.00089
33804, -28, 500, 0.00000, 0.00520
33805, -28, 500, 0.00000, 0.00125
33806, -28, 500, 0.00000, -0.00127
33807, -28, 500, 0.00000, -0.00199
33808, -28, 500, 0.00000, 0.00197
33809, -28, 500, 0.00000, -0.00019
33810, -28, 500, 0.00000, 0.00053
33811, -28, 500, 0.00000, -0.00127
33812, -28, 500, 0.00000, 0.00269
33813, -28, 500, 0.00000, 0.00053
33814, -28, 500, 0.00000, 0.00376
33815, -28, 500, 0.00000, 0.00233
33816, -28, 500, 0.00000, 0.00448
33817, -28, 500, 0.00000, -0.00127
33818, -28, 500, 0.00000, -0.00127
33819, -28, 500, 0.00000, 0.00125
33820, -28, 500, 0.00000, 0.00664
33821, -28, 500, 0.00000, 0.00125
33822, -28, 500, 0.00000, 0.00053
33823, -28, 500, 0.00000, 0.00197
33824, -28, 500, 0.00000, 0.00125
33825, -28, 500, 0.00000, -0.00019
33826, -28, 500, 0.00000, 0.00017
33827, -28, 500, 0.00000, 0.00376
33828, -28, 500, 0.00000, -0.00163
33829, -28, 500, 0.00000, -0.00019
33830, -28, 500, 0.00000, 0.00197
33831, -28, 500, 0.00000, 0.00053
33832, -28, 500, 0.00000, -0.00019
33833, -28, 500, 0.00000, -0.00091
33834, -28, 500, 0.00000, -0.00235
33835, -28, 500, 0.00000, -0.00163
33836, -28, 500, 0.00000, -0.00163
33837, -28, 500, 0.00000, -0.00055
33838, -28, 500, 0.00000, -0.00055
33839, -28, 500, 0.00000, 0.00197
33840, -28, 500, 0.00000, 0.00161
33841, -28, 500, 0.00000, -0.00091
33842, -28, 500, 0.00000, -0.00091
33843, -28, 500, 0.00000, -0.00091
33844, -28, 500, 0.00000, -0.00271
33845, -28, 500, 0.00000, 0.00125
33846, -28, 500, 0.00000, -0.00235
33847, -28, 500, 0.00000, 0.00197
33848, -28, 500, 0.00000, 0.00017
33849, -28, 500, 0.00000, 0.00161
33850, -28, 500, 0.00000, -0.00019
33851, -28, 500, 0.00000, -0.00019
33852, -28, 500, 0.00000, 0.00233
33853, -28, 500, 0.00000, -0.00954
33854, -28, 500, 0.00000, 0.00017
33855, -28, 500, 0.00000, -0.00127
33856, -28, 500, 0.00000, -0.00486
33857, -28, 500, 0.00000, 0.00089
33858, -28, 500, 0.00000, 0.00053
33859, -28, 500, 0.00000, 0.00125
33860, -28, 500, 0.00000, -0.00127
33861, -28, 500, 0.00000, -0.00235
33862, -28, 500, 0.00000, -0.00271
33863, -28, 500, 0.00000, -0.00127
33864, -28, 500, 0.00000, 0.00053
33865, -28, 500, 0.00000, -0.00235
33866, -28, 500, 0.00000, -0.00055
33867, -28, 500, 0.00000, 0.00089
33868, -28, 500, 0.00000, 0.00125
33869, -28, 500, 0.00000, -0.00199
33870, -28, 500, 0.00000, -0.00019
33871, -28, 500, 0.00000, 0.00304
33872, -28, 500, 0.00000, 0.00161
33873, -28, 500, 0.00000, -0.00199
33874, -28, 500, 0.00000, 0.00089
33875, -28, 500, 0.00000, 0.00089
33876, -28, 500, 0.00000, 0.00233
33877, -28, 500, 0.00000, -0.00271
33878, -28, 500, 0.00000, -0.00019
33879, -28, 500, 0.00000, -0.00522
33880, -28, 500, 0.00000, 0.00340
33881, -28, 500, 0.00000, 0.00053
33882, -28, 500, 0.00000, 0.00089
33883, -28, 500, 0.00000, 0.00089
33884, -28, 500, 0.00000, 0.00161
33885, -28, 500, 0.00000, -0.00594
33886, -28, 500, 0.00000, -0.00235
33887, -28, 500, 0.00000, 0.00125
33888, -28, 500, 0.00000, -0.00019
33889, -28, 500, 0.00000, 0.00053
33890, -28, 500, 0.00000, -0.00055
33891, -28, 500, 0.00000, 0.00053
33892, -28, 500, 0.00000, -0.00163
33893, -28, 500, 0.00000, -0.00307
33894, -28, 500, 0.00000, 0.00161
33895, -28, 500, 0.00000, 0.00017
33896, -28, 500, 0.00000, -0.00558
33897, -28, 500, 0.00000, 0.00412
33898, -28, 500, 0.00000, -0.00019
33899, -28, 500, 0.00000, -0.00019
33900, -28, 500, 0.00000, 0.00017
33901, -28, 500, 0.00000, 0.00197
33902, -28, 500, 0.00000, 0.00448
33903, -28, 500, 0.00000, 0.00197
33904, -28, 500, 0.00000, -0.00019
33905, -28, 500, 0.00000, -0.00055
33906, -28, 500, 0.00000, -0.00055
33907, -28, 500, 0.00000, 0.00017
33908, -28, 500, 0.00000, -0.00450
33909, -28, 500, 0.00000, 0.00089
33910, -28, 500, 0.00000, -0.00307
33911, -28, 500, 0.00000, 0.00053
33912, -28, 500, 0.00000, -0.00271
33913, -28, 500, 0.00000, -0.00019
33914, -28, 500, 0.00000, 0.00017
33915, -28, 500, 0.00000, 0.00017
33916, -28, 500, 0.00000, -0.00019
33917, -28, 500, 0.00000, -0.00055
33918, -28, 500, 0.00000, 0.00089
33919, -28, 500, 0.00000, 0.00053
33920, -28, 500, 0.00000, -0.00343
33921, -28, 500, 0.00000, -0.00055
33922, -28, 500, 0.00000, -0.00235
33923, -28, 500, 0.00000, -0.00127
33924, -28, 500, 0.00000, -0.00594
33925, -28, 500, 0.00000, 0.00089
33926, -28, 500, 0.00000, 0.00269
33927, -28, 500, 0.00000, -0.00235
33928, -28, 500, 0.00000, 0.00053
33929, -28, 500, 0.00000, -0.00091
33930, -28, 500, 0.00000, 0.00017
33931, -28, 500, 0.00000, -0.00163
33932, -28, 500, 0.20000, -0.00163
33933, -28, 500, 0.20000, 0.00089
33934, -28, 500, 0.20000, -0.00019
33935, -28, 500, 0.20000, 0.00664
33936, -28, 500, 0.20000, 0.01814
33937, -28, 500, 0.20000, 0.03108
33938, -28, 500, 0.20000, 0.03827
33939, -28, 500, 0.20000, 0.05229
33940, -28, 500, 0.20000, 0.06487
33941, -28, 500, 0.20000, 0.08176
33942, -28, 500, 0.20000, 0.09506
33943, -28, 500, 0.20000, 0.10872
33944, -28, 500, 0.20000, 0.12849
33945, -28, 500, 0.20000, 0.14359
33946, -28, 500, 0.20000, 0.14970
33947, -28, 500, 0.20000, 0.16228
33948, -28, 500, 0.20000, 0.17630
33949, -28, 500, 0.20000, 0.18529
33950, -28, 500, 0.20000, 0.20182
33951, -28, 500, 0.20000, 0.20254
33952, -28, 500, 0.20000, 0.20434
33953, -28, 500, 0.20000, 0.21692
33954, -28, 500, 0.20000, 0.21944
33955, -28, 500, 0.20000, 0.22087
33956, -28, 500, 0.20000, 0.22195
33957, -28, 500, 0.20000, 0.22662
33958, -28, 500, 0.20000, 0.22806
33959, -28, 500, 0.20000, 0.22734
33960, -28, 500, 0.20000, 0.23022
33961, -28, 500, 0.20000, 0.22986
33962, -28, 500, 0.20000, 0.22950
33963, -28, 500, 0.20000, 0.22950
33964, -28, 500, 0.20000, 0.22375
33965, -28, 500, 0.20000, 0.22123
33966, -28, 500, 0.20000, 0.22231
33967, -28, 500, 0.20000, 0.21620
33968, -28, 500, 0.20000, 0.22015
33969, -28, 500, 0.20000, 0.21476
33970, -28, 500, 0.20000, 0.21297
33971, -28, 500, 0.20000, 0.20829
33972, -28, 500, 0.20000, 0.20721
33973, -28, 500, 0.20000, 0.20721
33974, -28, 500, 0.20000, 0.20506
33975, -28, 500, 0.20000, 0.20290
33976, -28, 500, 0.20000, 0.20110
33977, -28, 500, 0.20000, 0.19967
33978, -28, 500, 0.20000, 0.19895
33979, -28, 500, 0.20000, 0.19715
33980, -28, 500, 0.20000, 0.19967
33981, -28, 500, 0.20000, 0.19463
33982, -28, 500, 0.20000, 0.19535
33983, -28, 500, 0.20000, 0.19715
33984, -28, 500, 0.20000, 0.19643
33985, -28, 500, 0.20000, 0.19571
33986, -28, 500, 0.20000, 0.19679
33987, -28, 500, 0.20000, 0.19355
33988, -28, 500, 0.20000, 0.19607
33989, -28, 500, 0.20000, 0.19463
33990, -28, 500, 0.20000, 0.19571
33991, -28, 500, 0.20000, 0.19391
33992, -28, 500, 0.20000, 0.20146
33993, -28, 500, 0.20000, 0.19607
33994, -28, 500, 0.20000, 0.19751
33995, -28, 500, 0.20000, 0.19535
33996, -28, 500, 0.20000, 0.19427
33997, -28, 500, 0.20000, 0.19571
33998, -28, 500, 0.20000, 0.20146
33999, -28, 500, 0.20000, 0.19571
34000, -28, 500, 0.20000, 0.19679
34001, -28, 500, 0.20000, 0.19859
34002, -28, 500, 0.20000, 0.20074
34003, -28, 500, 0.20000, 0.20074
34004, -28, 500, 0.20000, 0.20002
34005, -28, 500, 0.20000, 0.19859
34006, -28, 500, 0.20000, 0.20038
34007, -28, 500, 0.20000, 0.20182
34008, -28, 500, 0.20000, 0.19679
34009, -28, 500, 0.20000, 0.20290
34010, -28, 500, 0.20000, 0.20434
34011, -28, 500, 0.20000, 0.19895
34012, -28, 500, 0.20000, 0.19931
34013, -28, 500, 0.20000, 0.20290
34014, -28, 500, 0.20000, 0.20218
34015, -28, 500, 0.20000, 0.19895
34016, -28, 500, 0.20000, 0.20038
34017, -28, 500, 0.20000, 0.20254
34018, -28, 500, 0.20000, 0.20290
34019, -28, 500, 0.20000, 0.20254
34020, -28, 500, 0.20000, 0.19931
34021, -28, 500, 0.20000, 0.20290
34022, -28, 500, 0.20000, 0.20146
34023, -28, 500, 0.20000, 0.20002
34024, -28, 500, 0.20000, 0.20254
34025, -28, 500, 0.20000, 0.20002
34026, -28, 500, 0.20000, 0.20038
34027, -28, 500, 0.20000, 0.19895
34028, -28, 500, 0.20000, 0.20542
34029, -28, 500, 0.20000, 0.20002
34030, -28, 500, 0.20000, 0.19967
34031, -28, 500, 0.20000, 0.20110
34032, -28, 500, 0.20000, 0.19931
34033, -28, 500, 0.20000, 0.20038
34034, -28, 500, 0.20000, 0.20002
34035, -28, 500, 0.20000, 0.20110
34036, -28, 500, 0.20000, 0.20074
34037, -28, 500, 0.20000, 0.20038
34038, -28, 500, 0.20000, 0.20038
34039, -28, 500, 0.20000, 0.19823
34040, -28, 500, 0.20000, 0.19823
34041, -28, 500, 0.20000, 0.20002
34042, -28, 500, 0.20000, 0.19967
34043, -28, 500, 0.20000, 0.20506
34044, -28, 500, 0.20000, 0.20038
34045, -28, 500, 0.20000, 0.19967
34046, -28, 500, 0.20000, 0.20002
34047, -28, 500, 0.20000, 0.20110
34048, -28, 500, 0.20000, 0.19643
34049, -28, 500, 0.20000, 0.19823
34050, -28, 500, 0.20000, 0.20002
34051, -28, 500, 0.20000, 0.19823
34052, -28, 500, 0.20000, 0.19607
34053, -28, 500, 0.20000, 0.19895
34054, -28, 500, 0.20000, 0.19859
34055, -28, 500, 0.20000, 0.20038
34056, -28, 500, 0.20000, 0.20002
34057, -28, 500, 0.20000, 0.20002
34058, -28, 500, 0.20000, 0.19931
34059, -28, 500, 0.20000, 0.20218
34060, -28, 500, 0.20000, 0.19931
34061, -28, 500, 0.20000, 0.20002
34062, -28, 500, 0.20000, 0.20002
34063, -28, 500, 0.20000, 0.19499
34064, -28, 500, 0.20000, 0.19715
34065, -28, 500, 0.20000, 0.20038
34066, -28, 500, 0.20000, 0.19679
34067, -28, 500, 0.20000, 0.19787
34068, -28, 500, 0.20000, 0.20362
34069, -28, 500, 0.20000, 0.20074
34070, -28, 500, 0.20000, 0.19607
34071, -28, 500, 0.20000, 0.20110
34072, -28, 500, 0.20000, 0.20038
34073, -28, 500, 0.20000, 0.20182
34074, -28, 500, 0.20000, 0.19859
34075, -28, 500, 0.20000, 0.19535
34076, -28, 500, 0.20000, 0.19643
34077, -28, 500, 0.20000, 0.20326
34078, -28, 500, 0.20000, 0.20074
34079, -28, 500, 0.20000, 0.20074
34080, -28, 500, 0.20000, 0.19931
34081, -28, 500, 0.20000, 0.19967
34082, -28, 500, 0.20000, 0.20182
34083, -28, 500, 0.20000, 0.19787
34084, -28, 500, 0.20000, 0.19931
34085, -28, 500, 0.20000, 0.19751
34086, -28, 500, 0.20000, 0.20110
34087, -28, 500, 0.20000, 0.20074
34088, -28, 500, 0.20000, 0.19895
34089, -28, 500, 0.20000, 0.20038
34090, -28, 500, 0.20000, 0.20074
34091, -28, 500, 0.20000, 0.20326
34092, -28, 500, 0.20000, 0.20038
34093, -28, 500, 0.20000, 0.19715
34094, -28, 500, 0.20000, 0.20182
34095, -28, 500, 0.20000, 0.20110
34096, -28, 500, 0.20000, 0.20110
34097, -28, 500, 0.20000, 0.19895
34098, -28, 500, 0.20000, 0.20254
34099, -28, 500, 0.20000, 0.20038
34100, -28, 500, 0.20000, 0.19643
34101, -28, 500, 0.20000, 0.20038
34102, -28, 500, 0.20000, 0.19535
34103, -28, 500, 0.20000, 0.19931
34104, -28, 500, 0.20000, 0.19931
34105, -28, 500, 0.20000, 0.19715
34106, -28, 500, 0.20000, 0.19679
34107, -28, 500, 0.20000, 0.20434
34108, -28, 500, 0.20000, 0.19895
34109, -28, 500, 0.20000, 0.19931
34110, -28, 500, 0.20000, 0.20038
34111, -28, 500, 0.20000, 0.19967
34112, -28, 500, 0.20000, 0.20002
34113, -28, 500, 0.20000, 0.19967
34114, -28, 500, 0.20000, 0.19967
34115, -28, 500, 0.20000, 0.19679
34116, -28, 500, 0.20000, 0.19823
34117, -28, 500, 0.20000, 0.19967
34118, -28, 500, 0.20000, 0.19895
34119, -28, 500, 0.20000, 0.19895
34120, -28, 500, 0.20000, 0.20398
34121, -28, 500, 0.20000, 0.19967
34122, -28, 500, 0.20000, 0.19967
34123, -28, 500, 0.20000, 0.19895
34124, -28, 500, 0.20000, 0.19895
34125, -28, 500, 0.20000, 0.19859
34126, -28, 500, 0.20000, 0.20110
34127, -28, 500, 0.20000, 0.19859
34128, -28, 500, 0.20000, 0.19823
34129, -28, 500, 0.20000, 0.20002
34130, -28, 500, 0.20000, 0.20002
34131, -28, 500, 0.20000, 0.20254
34132, -28, 500, 0.20000, 0.19931
34133, -28, 500, 0.20000, 0.20074
34134, -28, 500, 0.20000, 0.20074
34135, -28, 500, 0.20000, 0.19895
34136, -28, 500, 0.20000, 0.19967
34137, -28, 500, 0.20000, 0.20038
34138, -28, 500, 0.20000, 0.20074
34139, -28, 500, 0.20000, 0.19787
34140, -28, 500, 0.20000, 0.20110
34141, -28, 500, 0.20000, 0.20218
34142, -28, 500, 0.20000, 0.19895
34143, -28, 500, 0.20000, 0.19823
34144, -28, 500, 0.20000, 0.19967
34145, -28, 500, 0.20000, 0.19895
34146, -28, 500, 0.20000, 0.20002
34147, -28, 500, 0.20000, 0.20326
34148, -28, 500, 0.20000, 0.20182
34149, -28, 500, 0.20000, 0.19679
34150, -28, 500, 0.20000, 0.19895
34151, -28, 500, 0.20000, 0.19715
34152, -28, 500, 0.20000, 0.20110
34153, -28, 500, 0.20000, 0.20110
34154, -28, 500, 0.20000, 0.19931
34155, -28, 500, 0.20000, 0.20146
34156, -28, 500, 0.20000, 0.20146
34157, -28, 500, 0.20000, 0.20002
34158, -28, 500, 0.20000, 0.20146
34159, -28, 500, 0.20000, 0.19715
34160, -28, 500, 0.20000, 0.19859
34161, -28, 500, 0.20000, 0.20290
34162, -28, 500, 0.20000, 0.19859
34163, -28, 500, 0.20000, 0.19967
34164, -28, 500, 0.20000, 0.19895
34165, -28, 500, 0.20000, 0.19859
34166, -28, 500, 0.20000, 0.19859
34167, -28, 500, 0.20000, 0.19859
34168, -28, 500, 0.20000, 0.20254
34169, -28, 500, 0.20000, 0.19895
34170, -28, 500, 0.20000, 0.19895
34171, -28, 500, 0.20000, 0.19823
34172, -28, 500, 0.20000, 0.19679
34173, -28, 500, 0.20000, 0.19679
34174, -28, 500, 0.20000, 0.19931
34175, -28, 500, 0.20000, 0.19751
34176, -28, 500, 0.20000, 0.20002
34177, -28, 500, 0.20000, 0.19967
34178, -28, 500, 0.20000, 0.20002
34179, -28, 500, 0.20000, 0.19859
34180, -28, 500, 0.20000, 0.19751
34181, -28, 500, 0.20000, 0.19859
34182, -28, 500, 0.20000, 0.19967
34183, -28, 500, 0.20000, 0.19787
34184, -28, 500, 0.20000, 0.19967
34185, -28, 500, 0.20000, 0.20002
34186, -28, 500, 0.20000, 0.20074
34187, -28, 500, 0.20000, 0.20110
34188, -28, 500, 0.20000, 0.19931
34189, -28, 500, 0.20000, 0.20002
34190, -28, 500, 0.20000, 0.19931
34191, -28, 500, 0.20000, 0.20002
34192, -28, 500, 0.20000, 0.20002
34193, -28, 500, 0.20000, 0.20182
34194, -28, 500, 0.20000, 0.20182
34195, -28, 500, 0.20000, 0.20182
34196, -28, 500, 0.20000, 0.19931
34197, -28, 500, 0.20000, 0.20254
34198, -28, 500, 0.20000, 0.20002
34199, -28, 500, 0.20000, 0.20290
34200, -28, 500, 0.20000, 0.20038
34201, -28, 500, 0.20000, 0.20110
34202, -28, 500, 0.20000, 0.20290
34203, -28, 500, 0.20000, 0.20002
34204, -28, 500, 0.20000, 0.20074
34205, -28, 500, 0.20000, 0.19751
34206, -28, 500, 0.20000, 0.20146
34207, -28, 500, 0.20000, 0.20218
34208, -28, 500, 0.20000, 0.19931
34209, -28, 500, 0.20000, 0.20074
34210, -28, 500, 0.20000, 0.20002
34211, -28, 500, 0.20000, 0.19679
34212, -28, 500, 0.20000, 0.19931
34213, -28, 500, 0.20000, 0.20182
34214, -28, 500, 0.20000, 0.20146
34215, -28, 500, 0.20000, 0.19967
34216, -28, 500, 0.20000, 0.20002
34217, -28, 500, 0.20000, 0.20146
34218, -28, 500, 0.20000, 0.19931
34219, -28, 500, 0.20000, 0.19859
34220, -28, 500, 0.20000, 0.19895
34221, -28, 500, 0.20000, 0.20254
34222, -28, 500, 0.20000, 0.19931
34223, -28, 500, 0.20000, 0.20110
34224, -28, 500, 0.20000, 0.20362
34225, -28, 500, 0.20000, 0.20290
34226, -28, 500, 0.20000, 0.20110
34227, -28, 500, 0.20000, 0.20002
34228, -28, 500, 0.20000, 0.20146
34229, -28, 500, 0.20000, 0.20074
34230, -28, 500, 0.20000, 0.19931
34231, -28, 500, 0.20000, 0.20002
34232, -28, 500, 0.20000, 0.19895
34233, -28, 500, 0.20000, 0.19859
34234, -28, 500, 0.20000, 0.19931
34235, -28, 500, 0.20000, 0.20254
34236, -28, 500, 0.20000, 0.19859
34237, -28, 500, 0.20000, 0.19787
34238, -28, 500, 0.20000, 0.19895
34239, -28, 500, 0.20000, 0.19931
34240, -28, 500, 0.20000, 0.19751
34241, -28, 500, 0.20000, 0.19823
34242, -28, 500, 0.20000, 0.20074
34243, -28, 500, 0.20000, 0.19679
34244, -28, 500, 0.20000, 0.19751
34245, -28, 500, 0.20000, 0.19535
34246, -28, 500, 0.20000, 0.19859
34247, -28, 500, 0.20000, 0.19679
34248, -28, 500, 0.20000, 0.19715
34249, -28, 500, 0.20000, 0.19931
34250, -28, 500, 0.20000, 0.20002
34251, -28, 500, 0.20000, 0.20074
34252, -28, 500, 0.20000, 0.20398
34253, -28, 500, 0.20000, 0.19823
34254, -28, 500, 0.20000, 0.20218
34255, -28, 500, 0.20000, 0.20110
34256, -28, 500, 0.20000, 0.20038
34257, -28, 500, 0.20000, 0.20002
34258, -28, 500, 0.20000, 0.20434
34259, -28, 500, 0.20000, 0.19895
34260, -28, 500, 0.20000, 0.19607
34261, -28, 500, 0.20000, 0.19895
34262, -28, 500, 0.20000, 0.20038
34263, -28, 500, 0.20000, 0.20182
34264, -28, 500, 0.20000, 0.20290
34265, -28, 500, 0.20000, 0.20074
34266, -28, 500, 0.20000, 0.19751
34267, -28, 500, 0.20000, 0.19895
34268, -28, 500, 0.20000, 0.20038
34269, -28, 500, 0.20000, 0.19823
34270, -28, 500, 0.20000, 0.19499
34271, -28, 500, 0.20000, 0.20218
34272, -28, 500, 0.20000, 0.20110
34273, -28, 500, 0.20000, 0.20038
34274, -28, 500, 0.20000, 0.20002
34275, -28, 500, 0.20000, 0.20110
34276, -28, 500, 0.20000, 0.19895
34277, -28, 500, 0.20000, 0.20398
34278, -28, 500, 0.20000, 0.20038
34279, -28, 500, 0.20000, 0.19679
34280, -28, 500, 0.20000, 0.19823
34281, -28, 500, 0.20000, 0.19967
34282, -28, 500, 0.20000, 0.20146
34283, -28, 500, 0.20000, 0.19895
34284, -28, 500, 0.20000, 0.19751
34285, -28, 500, 0.20000, 0.19679
34286, -28, 500, 0.20000, 0.20110
34287, -28, 500, 0.20000, 0.19643
34288, -28, 500, 0.20000, 0.20218
34289, -28, 500, 0.20000, 0.20002
34290, -28, 500, 0.20000, 0.20326
34291, -28, 500, 0.20000, 0.19859
34292, -28, 500, 0.20000, 0.19859
34293, -28, 500, 0.20000, 0.19967
34294, -28, 500, 0.20000, 0.20110
34295, -28, 500, 0.20000, 0.20182
34296, -28, 500, 0.20000, 0.19535
34297, -28, 500, 0.20000, 0.20038
34298, -28, 500, 0.20000, 0.20074
34299, -28, 500, 0.20000, 0.19895
34300, -28, 500, 0.20000, 0.19859
34301, -28, 500, 0.20000, 0.20146
34302, -28, 500, 0.20000, 0.20146
34303, -28, 500, 0.20000, 0.19787
34304, -28, 500, 0.20000, 0.20470
34305, -28, 500, 0.20000, 0.20002
34306, -28, 500, 0.20000, 0.20002
34307, -28, 500, 0.20000, 0.20146
34308, -28, 500, 0.20000, 0.20110
34309, -28, 500, 0.20000, 0.19931
34310, -28, 500, 0.20000, 0.20146
34311, -28, 500, 0.20000, 0.20254
34312, -28, 500, 0.00000, 0.19499
34313, -28, 500, 0.00000, 0.20146
34314, -28, 500, 0.00000, 0.19032
34315, -28, 500, 0.00000, 0.18637
34316, -28, 500, 0.00000, 0.18061
34317, -28, 500, 0.00000, 0.17522
34318, -28, 500, 0.00000, 0.15725
34319, -28, 500, 0.00000, 0.14431
34320, -28, 500, 0.00000, 0.13317
34321, -28, 500, 0.00000, 0.11555
34322, -28, 500, 0.00000, 0.10513
34323, -28, 500, 0.00000, 0.08572
34324, -28, 500, 0.00000, 0.06990
34325, -28, 500, 0.00000, 0.06092
34326, -28, 500, 0.00000, 0.04618
34327, -28, 500, 0.00000, 0.03468
34328, -28, 500, 0.00000, 0.02857
34329, -28, 500, 0.00000, 0.01383
34330, -28, 500, 0.00000, 0.00556
34331, -28, 500, 0.00000, -0.00558
34332, -28, 500, 0.00000, -0.01241
34333, -28, 500, 0.00000, -0.01493
34334, -28, 500, 0.00000, -0.02212
34335, -28, 500, 0.00000, -0.02499
34336, -28, 500, 0.00000, -0.03218
34337, -28, 500, 0.00000, -0.02823
34338, -28, 500, 0.00000, -0.03038
34339, -28, 500, 0.00000, -0.02967
34340, -28, 500, 0.00000, -0.02643
34341, -28, 500, 0.00000, -0.02859
34342, -28, 500, 0.00000, -0.02823
34343, -28, 500, 0.00000, -0.02427
34344, -28, 500, 0.00000, -0.02104
34345, -28, 500, 0.00000, -0.02248
34346, -28, 500, 0.00000, -0.02068
34347, -28, 500, 0.00000, -0.02032
34348, -28, 500, 0.00000, -0.01349
34349, -28, 500, 0.00000, -0.01061
34350, -28, 500, 0.00000, -0.01277
34351, -28, 500, 0.00000, -0.00918
34352, -28, 500, 0.00000, -0.00666
34353, -28, 500, 0.00000, -0.00486
34354, -28, 500, 0.00000, 0.00089
34355, -28, 500, 0.00000, -0.00199
34356, -28, 500, 0.00000, -0.00199
34357, -28, 500, 0.00000, -0.00127
34358, -28, 500, 0.00000, 0.00161
34359, -28, 500, 0.00000, 0.00628
34360, -28, 500, 0.00000, -0.00055
34361, -28, 500, 0.00000, 0.00448
34362, -28, 500, 0.00000, 0.00484
34363, -28, 500, 0.00000, 0.00376
34364, -28, 500, 0.00000, 0.00520
34365, -28, 500, 0.00000, 0.00269
34366, -28, 500, 0.00000, 0.00125
34367, -28, 500, 0.00000, 0.00269
34368, -28, 500, 0.00000, 0.00304
34369, -28, 500, 0.00000, 0.00664
34370, -28, 500, 0.00000, -0.00055
34371, -28, 500, 0.00000, 0.00269
34372, -28, 500, 0.00000, 0.00376
34373, -28, 500, 0.00000, 0.00269
34374, -28, 500, 0.00000, 0.00197
34375, -28, 500, 0.00000, 0.00161
34376, -28, 500, 0.00000, -0.00091
34377, -28, 500, 0.00000, 0.00089
34378, -28, 500, 0.00000, 0.00089
34379, -28, 500, 0.00000, -0.00091
34380, -28, 500, 0.00000, -0.00091
34381, -28, 500, 0.00000, -0.00091
34382, -28, 500, 0.00000, 0.00053
34383, -28, 500, 0.00000, -0.00379
34384, -28, 500, 0.00000, -0.00199
34385, -28, 500, 0.00000, 0.00053
34386, -28, 500, 0.00000, -0.00055
34387, -28, 500, 0.00000, -0.00091
34388, -28, 500, 0.00000, -0.00019
34389, -28, 500, 0.00000, -0.00235
34390, -28, 500, 0.00000, -0.00127
34391, -28, 500, 0.00000, -0.00091
34392, -28, 500, 0.00000, -0.00522
34393, -28, 500, 0.00000, -0.00055
34394, -28, 500, 0.00000, -0.00199
34395, -28, 500, 0.00000, -0.00307
34396, -28, 500, 0.00000, -0.00235
34397, -28, 500, 0.00000, -0.00414
34398, -28, 500, 0.00000, 0.00125
34399, -28, 500, 0.00000, 0.00017
34400, -28, 500, 0.00000, -0.00163
34401, -28, 500, 0.00000, 0.00089
34402, -28, 500, 0.00000, 0.00233
34403, -28, 500, 0.00000, 0.00017
34404, -28, 500, 0.00000, 0.00017
34405, -28, 500, 0.00000, -0.00019
34406, -28, 500, 0.00000, 0.00125
34407, -28, 500, 0.00000, -0.00091
34408, -28, 500, 0.00000, -0.00199
34409, -28, 500, 0.00000, -0.00271
34410, -28, 500, 0.00000, 0.00197
34411, -28, 500, 0.00000, 0.00161
34412, -28, 500, 0.00000, -0.00091
34413, -28, 500, 0.00000, -0.00019
34414, -28, 500, 0.00000, -0.00055
34415, -28, 500, 0.00000, -0.00343
34416, -28, 500, 0.00000, 0.00089
34417, -28, 500, 0.00000, -0.00091
34418, -28, 500, 0.00000, -0.00091
34419, -28, 500, 0.00000, 0.00089
34420, -28, 500, 0.00000, 0.00053
34421, -28, 500, 0.00000, -0.00019
34422, -28, 500, 0.00000, 0.00197
34423, -28, 500, 0.00000, -0.00199
34424, -28, 500, 0.00000, -0.00127
34425, -28, 500, 0.00000, 0.00269
34426, -28, 500, 0.00000, -0.00091
34427, -28, 500, 0.00000, -0.00055
34428, -28, 500, 0.00000, 0.00017
34429, -28, 500, 0.00000, -0.00127
34430, -28, 500, 0.00000, 0.00628
34431, -28, 500, 0.00000, -0.00307
34432, -28, 500, 0.00000, -0.00199
34433, -28, 500, 0.00000, -0.00091
34434, -28, 500, 0.00000, -0.00127
34435, -28, 500, 0.00000, 0.00017
34436, -28, 500, 0.00000, 0.00233
34437, -28, 500, 0.00000, -0.00199
34438, -28, 500, 0.00000, -0.00163
34439, -28, 500, 0.00000, 0.00125
34440, -28, 500, 0.00000, -0.00019
34441, -28, 500, 0.00000, -0.00091
34442, -28, 500, 0.00000, -0.00127
34443, -28, 500, 0.00000, -0.00091
34444, -28, 500, 0.00000, 0.00017
34445, -28, 500, 0.00000, -0.00091
34446, -28, 500, 0.00000, 0.00269
34447, -28, 500, 0.00000, 0.00233
34448, -28, 500, 0.00000, 0.00484
34449, -28, 500, 0.00000, 0.00125
34450, -28, 500, 0.00000, -0.00019
34451, -28, 500, 0.00000, 0.00089
34452, -28, 500, 0.00000, -0.00127
34453, -28, 500, 0.00000, -0.00091
34454, -28, 500, 0.00000, -0.00199
34455, -28, 500, 0.00000, -0.00019
34456, -28, 500, 0.00000, 0.00053
34457, -28, 500, 0.00000, -0.00127
34458, -28, 500, 0.00000, -0.00127
34459, -28, 500, 0.00000, -0.00055
34460, -28, 500, 0.00000, 0.00484
34461, -28, 500, 0.00000, 0.00053
34462, -28, 500, 0.00000, -0.00163
34463, -28, 500, 0.00000, -0.00414
34464, -28, 500, 0.00000, -0.00091
34465, -28, 500, 0.00000, 0.00233
34466, -28, 500, 0.00000, 0.00197
34467, -28, 500, 0.00000, 0.00233
34468, -28, 500, 0.00000, -0.00307
34469, -28, 500, 0.00000, -0.00343
34470, -28, 500, 0.00000, -0.00127
34471, -28, 500, 0.00000, -0.00019
34472, -28, 500, 0.00000, 0.00197
34473, -28, 500, 0.00000, 0.00089
34474, -28, 500, 0.00000, -0.00307
34475, -28, 500, 0.00000, 0.00125
34476, -28, 500, 0.00000, -0.01277
34477, -28, 500, 0.00000, 0.00089
34478, -28, 500, 0.00000, 0.00089
34479, -28, 500, 0.00000, -0.00019
34480, -28, 500, 0.00000, 0.00197
34481, -28, 500, 0.00000, 0.00233
34482, -28, 500, 0.00000, 0.00161
34483, -28, 500, 0.00000, -0.00199
34484, -28, 500, 0.00000, 0.00197
34485, -28, 500, 0.00000, -0.00019
34486, -28, 500, 0.00000, 0.00448
34487, -28, 500, 0.00000, 0.00197
34488, -28, 500, 0.00000, 0.00233
34489, -28, 500, 0.00000, 0.00017
34490, -28, 500, 0.00000, -0.00199
34491, -28, 500, 0.00000, -0.00127
34492, -28, 500, 0.00000, -0.00091
34493, -28, 500, 0.00000, -0.00343
34494, -28, 500, 0.00000, 0.00089
34495, -28, 500, 0.00000, -0.00091
34496, -28, 500, 0.00000, 0.00269
34497, -28, 500, 0.00000, -0.00235
34498, -28, 500, 0.00000, 0.00017
34499, -28, 500, 0.00000, -0.00091
34500, -28, 500, 0.00000, 0.00017
34501, -28, 500, 0.00000, -0.00091
34502, -28, 500, 0.00000, -0.00019
34503, -28, 500, 0.00000, -0.00163
34504, -28, 500, 0.00000, -0.00091
34505, -28, 500, 0.00000, 0.00340
34506, -28, 500, 0.00000, -0.00055
34507, -28, 500, 0.00000, -0.00055
34508, -28, 500, 0.00000, 0.00125
34509, -28, 500, 0.00000, -0.00235
34510, -28, 500, 0.00000, 0.00340
34511, -28, 500, 0.00000, -0.00091
34512, -28, 500, 0.00000, -0.00055
34513, -28, 500, 0.00000, -0.00343
34514, -28, 500, 0.00000, -0.00127
34515, -28, 500, 0.00000, 0.00017
34516, -28, 500, 0.00000, -0.00091
34517, -28, 500, 0.00000, 0.00125
34518, -28, 500, 0.00000, 0.00269
34519, -28, 500, 0.00000, 0.00089
34520, -28, 500, 0.00000, 0.00089
34521, -28, 500, 0.00000, -0.00127
34522, -28, 500, 0.00000, -0.00055
34523, -28, 500, 0.00000, 0.00161
34524, -28, 500, 0.00000, 0.00233
34525, -28, 500, 0.00000, 0.00269
34526, -28, 500, 0.00000, -0.00127
34527, -28, 500, 0.00000, 0.00412
34528, -28, 500, 0.00000, -0.00343
34529, -28, 500, 0.00000, -0.00127
34530, -28, 500, 0.00000, -0.00235
34531, -28, 500, 0.00000, -0.00019
34532, -28, 500, 0.00000, 0.00017
34533, -28, 500, 0.00000, 0.00412
34534, -28, 500, 0.00000, 0.00017
34535, -28, 500, 0.00000, 0.00304
34536, -28, 500, 0.00000, -0.00019
34537, -28, 500, 0.00000, -0.00019
34538, -28, 500, 0.00000, 0.00053
34539, -28, 500, 0.00000, -0.00307
34540, -28, 500, 0.00000, -0.00163
34541, -28, 500, 0.00000, 0.00197
34542, -28, 500, 0.00000, 0.00017
34543, -28, 500, 0.00000, -0.00019
34544, -28, 500, 0.00000, -0.00019
34545, -28, 500, 0.00000, -0.00055
34546, -28, 500, 0.00000, 0.00017
34547, -28, 500, 0.00000, -0.00127
34548, -28, 500, 0.00000, -0.00055
34549, -28, 500, 0.00000, -0.00055
34550, -28, 500, 0.00000, 0.00161
34551, -28, 500, 0.00000, -0.00055
34552, -28, 500, 0.00000, -0.00055
34553, -28, 500, 0.00000, -0.00271
34554, -28, 500, 0.00000, 0.00053
34555, -28, 500, 0.00000, 0.00089
34556, -28, 500, 0.00000, -0.00019
34557, -28, 500, 0.00000, -0.00091
34558, -28, 500, 0.00000, -0.00235
34559, -28, 500, 0.00000, -0.00199
34560, -28, 500, 0.00000, 0.00017
34561, -28, 500, 0.00000, -0.00091
34562, -28, 500, 0.00000, 0.00269
34563, -28, 500, 0.00000, 0.00053
34564, -28, 500, 0.00000, -0.00091
34565, -28, 500, 0.00000, 0.00448
34566, -28, 500, 0.00000, 0.00340
34567, -28, 500, 0.00000, 0.00125
34568, -28, 500, 0.00000, -0.00127
34569, -28, 500, 0.00000, -0.00055
34570, -28, 500, 0.00000, -0.00055
34571, -28, 500, 0.00000, -0.00055
34572, -28, 500, 0.00000, -0.00091
34573, -28, 500, 0.00000, 0.00089
34574, -28, 500, 0.00000, -0.00379
34575, -28, 500, 0.00000, 0.00125
34576, -28, 500, 0.00000, -0.00127
34577, -28, 500, 0.00000, 0.00412
34578, -28, 500, 0.00000, -0.00486
34579, -28, 500, 0.00000, 0.00269
34580, -28, 500, 0.00000, 0.00161
34581, -28, 500, 0.00000, -0.00235
34582, -28, 500, 0.00000, -0.00414
34583, -28, 500, 0.00000, 0.00197
34584, -28, 500, 0.00000, -0.00091
34585, -28, 500, 0.00000, -0.00019
34586, -28, 500, 0.00000, -0.00091
34587, -28, 500, 0.00000, -0.00163
34588, -28, 500, 0.00000, 0.00269
34589, -28, 500, 0.00000, -0.00343
34590, -28, 500, 0.00000, -0.00414
34591, -28, 500, 0.00000, 0.00017
34592, -28, 500, 0.00000, -0.00199
34593, -28, 500, 0.00000, 0.00125
34594, -28, 500, 0.00000, -0.00055
34595, -28, 500, 0.00000, 0.00412
34596, -28, 500, 0.00000, -0.00127
34597, -28, 500, 0.00000, 0.00089
34598, -28, 500, 0.00000, 0.00053
34599, -28, 500, 0.00000, -0.00307
34600, -28, 500, 0.00000, -0.00235
34601, -28, 500, 0.00000, 0.00053
34602, -28, 500, 0.00000, -0.00055
34603, -28, 500, 0.00000, 0.00592
34604, -28, 500, 0.00000, -0.00163
34605, -28, 500, 0.00000, -0.00199
34606, -28, 500, 0.00000, 0.00125
34607, -28, 500, 0.00000, -0.00055
34608, -28, 500, 0.00000, 0.00089
34609, -28, 500, 0.00000, -0.00450
34610, -28, 500, 0.00000, -0.00199
34611, -28, 500, 0.00000, -0.00055
34612, -28, 500, 0.00000, -0.00163
34613, -28, 500, 0.00000, -0.00127
34614, -28, 500, 0.00000, 0.00017
34615, -28, 500, 0.00000, 0.00161
34616, -28, 500, 0.00000, -0.00163
34617, -28, 500, 0.00000, -0.00127
34618, -28, 500, 0.00000, -0.00091
34619, -28, 500, 0.00000, 0.00412
34620, -28, 500, 0.00000, 0.00197
34621, -28, 500, 0.00000, 0.00089
34622, -28, 500, 0.00000, -0.00271
34623, -28, 500, 0.00000, -0.00127
34624, -28, 500, 0.00000, -0.00199
34625, -28, 500, 0.00000, 0.00520
34626, -28, 500, 0.00000, -0.00091
34627, -28, 500, 0.00000, -0.00091
34628, -28, 500, 0.00000, -0.00414
34629, -28, 500, 0.00000, 0.00053
34630, -28, 500, 0.00000, 0.00089
34631, -28, 500, 0.00000, 0.00233
34632, -28, 500, 0.00000, 0.00053
34633, -28, 500, 0.00000, -0.00127
34634, -28, 500, 0.00000, 0.00233
34635, -28, 500, 0.00000, 0.00161
34636, -28, 500, 0.00000, 0.00125
34637, -28, 500, 0.00000, -0.00163
34638, -28, 500, 0.00000, -0.00127
34639, -28, 500, 0.00000, -0.00199
34640, -28, 500, 0.00000, 0.00125
34641, -28, 500, 0.00000, -0.00055
34642, -28, 500, 0.00000, -0.00522
34643, -28, 500, 0.00000, 0.00017
34644, -28, 500, 0.00000, -0.00235
34645, -28, 500, 0.00000, -0.00271
34646, -28, 500, 0.00000, -0.00235
34647, -28, 500, 0.00000, -0.00055
34648, -28, 500, 0.00000, 0.00161
34649, -28, 500, 0.00000, -0.00055
34650, -28, 500, 0.00000, -0.00055
34651, -28, 500, 0.00000, -0.00019
34652, -28, 500, 0.00000, -0.00163
34653, -28, 500, 0.00000, 0.00089
34654, -28, 500, 0.00000, 0.00340
34655, -28, 500, 0.00000, 0.00592
34656, -28, 500, 0.00000, 0.00125
34657, -28, 500, 0.00000, 0.00233
34658, -28, 500, 0.00000, 0.00089
34659, -28, 500, 0.00000, -0.00091
34660, -28, 500, 0.00000, -0.00055
34661, -28, 500, 0.00000, -0.00127
34662, -28, 500, 0.00000, 0.00053
34663, -28, 500, 0.00000, -0.00163
34664, -28, 500, 0.00000, 0.00125
34665, -28, 500, 0.00000, 0.00125
34666, -28, 500, 0.00000, -0.00091
34667, -28, 500, 0.00000, 0.00017
34668, -28, 500, 0.00000, 0.00053
34669, -28, 500, 0.00000, -0.00163
34670, -28, 500, 0.00000, 0.00089
34671, -28, 500, 0.00000, -0.00307
34672, -28, 500, 0.00000, 0.00053
34673, -28, 500, 0.00000, -0.00486
34674, -28, 500, 0.00000, -0.00019
34675, -28, 500, 0.00000, 0.00125
34676, -28, 500, 0.00000, 0.00017
34677, -28, 500, 0.00000, 0.00304
34678, -28, 500, 0.00000, 0.00017
34679, -28, 500, 0.00000, -0.00127
34680, -28, 500, 0.00000, 0.00089
34681, -28, 500, 0.00000, -0.00055
34682, -28, 500, 0.00000, 0.00197
34683, -28, 500, 0.00000, -0.00558
34684, -28, 500, 0.00000, 0.00197
34685, -28, 500, 0.00000, -0.00307
34686, -28, 500, 0.20000, 0.00053
34687, -28, 500, 0.20000, -0.00091
34688, -28, 500, 0.20000, 0.00125
34689, -28, 500, 0.20000, -0.00666
34690, -28, 500, 0.20000, 0.01455
34691, -28, 500, 0.20000, 0.03252
34692, -28, 500, 0.20000, 0.04258
34693, -28, 500, 0.20000, 0.05301
34694, -28, 500, 0.20000, 0.06954
34695, -28, 500, 0.20000, 0.08572
34696, -28, 500, 0.20000, 0.09974
34697, -28, 500, 0.20000, 0.10585
34698, -28, 500, 0.20000, 0.12993
34699, -28, 500, 0.20000, 0.14503
34700, -28, 500, 0.20000, 0.15545
34701, -28, 500, 0.20000, 0.16803
34702, -28, 500, 0.20000, 0.17486
34703, -28, 500, 0.20000, 0.18924
34704, -28, 500, 0.20000, 0.19607
34705, -28, 500, 0.20000, 0.20254
34706, -28, 500, 0.20000, 0.20937
34707, -28, 500, 0.20000, 0.21440
34708, -28, 500, 0.20000, 0.21476
34709, -28, 500, 0.20000, 0.22267
34710, -28, 500, 0.20000, 0.22483
34711, -28, 500, 0.20000, 0.22698
34712, -28, 500, 0.20000, 0.22842
34713, -28, 500, 0.20000, 0.22842
34714, -28, 500, 0.20000, 0.22698
34715, -28, 500, 0.20000, 0.23202
34716, -28, 500, 0.20000, 0.22950
34717, -28, 500, 0.20000, 0.22627
34718, -28, 500, 0.20000, 0.22195
34719, -28, 500, 0.20000, 0.22303
34720, -28, 500, 0.20000, 0.22159
34721, -28, 500, 0.20000, 0.21620
34722, -28, 500, 0.20000, 0.22555
34723, -28, 500, 0.20000, 0.21440
34724, -28, 500, 0.20000, 0.21117
34725, -28, 500, 0.20000, 0.21261
34726, -28, 500, 0.20000, 0.20829
34727, -28, 500, 0.20000, 0.20218
34728, -28, 500, 0.20000, 0.19895
34729, -28, 500, 0.20000, 0.20146
34730, -28, 500, 0.20000, 0.20326
34731, -28, 500, 0.20000, 0.20398
34732, -28, 500, 0.20000, 0.19571
34733, -28, 500, 0.20000, 0.20398
34734, -28, 500, 0.20000, 0.19140
34735, -28, 500, 0.20000, 0.19320
34736, -28, 500, 0.20000, 0.19463
34737, -28, 500, 0.20000, 0.19355
34738, -28, 500, 0.20000, 0.19607
34739, -28, 500, 0.20000, 0.19607
34740, -28, 500, 0.20000, 0.19607
34741, -28, 500, 0.20000, 0.19355
34742, -28, 500, 0.20000, 0.19823
34743, -28, 500, 0.20000, 0.19643
34744, -28, 500, 0.20000, 0.19427
34745, -28, 500, 0.20000, 0.19931
34746, -28, 500, 0.20000, 0.19895
34747, -28, 500, 0.20000, 0.19320
34748, -28, 500, 0.20000, 0.19895
34749, -28, 500, 0.20000, 0.19679
34750, -28, 500, 0.20000, 0.19787
34751, -28, 500, 0.20000, 0.19535
34752, -28, 500, 0.20000, 0.19643
34753, -28, 500, 0.20000, 0.19787
34754, -28, 500, 0.20000, 0.20038
34755, -28, 500, 0.20000, 0.19859
34756, -28, 500, 0.20000, 0.20002
34757, -28, 500, 0.20000, 0.20110
34758, -28, 500, 0.20000, 0.19823
34759, -28, 500, 0.20000, 0.19715
34760, -28, 500, 0.20000, 0.20038
34761, -28, 500, 0.20000, 0.20146
34762, -28, 500, 0.20000, 0.20038
34763, -28, 500, 0.20000, 0.20326
34764, -28, 500, 0.20000, 0.20110
34765, -28, 500, 0.20000, 0.20110
34766, -28, 500, 0.20000, 0.20290
34767, -28, 500, 0.20000, 0.20218
34768, -28, 500, 0.20000, 0.19967
34769, -28, 500, 0.20000, 0.19931
34770, -28, 500, 0.20000, 0.19931
34771, -28, 500, 0.20000, 0.19931
34772, -28, 500, 0.20000, 0.20182
34773, -28, 500, 0.20000, 0.20218
34774, -28, 500, 0.20000, 0.20218
34775, -28, 500, 0.20000, 0.19607
34776, -28, 500, 0.20000, 0.20110
34777, -28, 500, 0.20000, 0.19823
34778, -28, 500, 0.20000, 0.20146
34779, -28, 500, 0.20000, 0.20326
34780, -28, 500, 0.20000, 0.19535
34781, -28, 500, 0.20000, 0.19967
34782, -28, 500, 0.20000, 0.20074
34783, -28, 500, 0.20000, 0.20398
34784, -28, 500, 0.20000, 0.20398
34785, -28, 500, 0.20000, 0.19787
34786, -28, 500, 0.20000, 0.20146
34787, -28, 500, 0.20000, 0.20038
34788, -28, 500, 0.20000, 0.20074
34789, -28, 500, 0.20000, 0.20002
34790, -28, 500, 0.20000, 0.20182
34791, -28, 500, 0.20000, 0.20254
34792, -28, 500, 0.20000, 0.19823
34793, -28, 500, 0.20000, 0.20002
34794, -28, 500, 0.20000, 0.19643
34795, -28, 500, 0.20000, 0.20182
34796, -28, 500, 0.20000, 0.20002
34797, -28, 500, 0.20000, 0.19751
34798, -28, 500, 0.20000, 0.19787
34799, -28, 500, 0.20000, 0.20326
34800, -28, 500, 0.20000, 0.20146
34801, -28, 500, 0.20000, 0.19967
34802, -28, 500, 0.20000, 0.20470
34803, -28, 500, 0.20000, 0.20434
34804, -28, 500, 0.20000, 0.20254
34805, -28, 500, 0.20000, 0.19859
34806, -28, 500, 0.20000, 0.19751
34807, -28, 500, 0.20000, 0.19967
34808, -28, 500, 0.20000, 0.20002
34809, -28, 500, 0.20000, 0.19967
34810, -28, 500, 0.20000, 0.20038
34811, -28, 500, 0.20000, 0.19967
34812, -28, 500, 0.20000, 0.20182
34813, -28, 500, 0.20000, 0.19931
34814, -28, 500, 0.20000, 0.20074
34815, -28, 500, 0.20000, 0.20182
34816, -28, 500, 0.20000, 0.19751
34817, -28, 500, 0.20000, 0.20182
34818, -28, 500, 0.20000, 0.19895
34819, -28, 500, 0.20000, 0.20110
34820, -28, 500, 0.20000, 0.20218
34821, -28, 500, 0.20000, 0.20038
34822, -28, 500, 0.20000, 0.20002
34823, -28, 500, 0.20000, 0.20146
34824, -28, 500, 0.20000, 0.20470
34825, -28, 500, 0.20000, 0.19284
34826, -28, 500, 0.20000, 0.20182
34827, -28, 500, 0.20000, 0.19895
34828, -28, 500, 0.20000, 0.20110
34829, -28, 500, 0.20000, 0.20146
34830, -28, 500, 0.20000, 0.19895
34831, -28, 500, 0.20000, 0.20182
34832, -28, 500, 0.20000, 0.20074
34833, -28, 500, 0.20000, 0.19967
34834, -28, 500, 0.20000, 0.19607
34835, -28, 500, 0.20000, 0.20074
34836, -28, 500, 0.20000, 0.19967
34837, -28, 500, 0.20000, 0.20038
34838, -28, 500, 0.20000, 0.19823
34839, -28, 500, 0.20000, 0.19895
34840, -28, 500, 0.20000, 0.19895
34841, -28, 500, 0.20000, 0.19859
34842, -28, 500, 0.20000, 0.19607
34843, -28, 500, 0.20000, 0.19895
34844, -28, 500, 0.20000, 0.19967
34845, -28, 500, 0.20000, 0.20254
34846, -28, 500, 0.20000, 0.19859
34847, -28, 500, 0.20000, 0.20398
34848, -28, 500, 0.20000, 0.19967
34849, -28, 500, 0.20000, 0.20182
34850, -28, 500, 0.20000, 0.20506
34851, -28, 500, 0.20000, 0.19931
34852, -28, 500, 0.20000, 0.20002
34853, -28, 500, 0.20000, 0.20002
34854, -28, 500, 0.20000, 0.19823
34855, -28, 500, 0.20000, 0.20110
34856, -28, 500, 0.20000, 0.20218
34857, -28, 500, 0.20000, 0.20038
34858, -28, 500, 0.20000, 0.19751
34859, -28, 500, 0.20000, 0.19787
34860, -28, 500, 0.20000, 0.20074
34861, -28, 500, 0.20000, 0.19967
34862, -28, 500, 0.20000, 0.19967
34863, -28, 500, 0.20000, 0.20218
34864, -28, 500, 0.20000, 0.20362
34865, -28, 500, 0.20000, 0.19895
34866, -28, 500, 0.20000, 0.20362
34867, -28, 500, 0.20000, 0.20038
34868, -28, 500, 0.20000, 0.19967
34869, -28, 500, 0.20000, 0.19787
34870, -28, 500, 0.20000, 0.19967
34871, -28, 500, 0.20000, 0.19751
34872, -28, 500, 0.20000, 0.20038
34873, -28, 500, 0.20000, 0.19607
34874, -28, 500, 0.20000, 0.20002
34875, -28, 500, 0.20000, 0.20038
34876, -28, 500, 0.20000, 0.19859
34877, -28, 500, 0.20000, 0.19967
34878, -28, 500, 0.20000, 0.20110
34879, -28, 500, 0.20000, 0.20218
34880, -28, 500, 0.20000, 0.19859
34881, -28, 500, 0.20000, 0.20146
34882, -28, 500, 0.20000, 0.19751
34883, -28, 500, 0.20000, 0.20326
34884, -28, 500, 0.20000, 0.20074
34885, -28, 500, 0.20000, 0.19967
34886, -28, 500, 0.20000, 0.19931
34887, -28, 500, 0.20000, 0.19391
34888, -28, 500, 0.20000, 0.20182
34889, -28, 500, 0.20000, 0.20002
34890, -28, 500, 0.20000, 0.19967
34891, -28, 500, 0.20000, 0.20434
34892, -28, 500, 0.20000, 0.20038
34893, -28, 500, 0.20000, 0.19967
34894, -28, 500, 0.20000, 0.19715
34895, -28, 500, 0.20000, 0.19931
34896, -28, 500, 0.20000, 0.20290
34897, -28, 500, 0.20000, 0.19895
34898, -28, 500, 0.20000, 0.19859
34899, -28, 500, 0.20000, 0.19499
34900, -28, 500, 0.20000, 0.19967
34901, -28, 500, 0.20000, 0.20326
34902, -28, 500, 0.20000, 0.19931
34903, -28, 500, 0.20000, 0.20038
34904, -28, 500, 0.20000, 0.20002
34905, -28, 500, 0.20000, 0.20038
34906, -28, 500, 0.20000, 0.19427
34907, -28, 500, 0.20000, 0.19931
34908, -28, 500, 0.20000, 0.19679
34909, -28, 500, 0.20000, 0.19679
34910, -28, 500, 0.20000, 0.19751
34911, -28, 500, 0.20000, 0.19967
34912, -28, 500, 0.20000, 0.19895
34913, -28, 500, 0.20000, 0.19751
34914, -28, 500, 0.20000, 0.20146
34915, -28, 500, 0.20000, 0.20146
34916, -28, 500, 0.20000, 0.20146
34917, -28, 500, 0.20000, 0.19679
34918, -28, 500, 0.20000, 0.19679
34919, -28, 500, 0.20000, 0.20362
34920, -28, 500, 0.20000, 0.19895
34921, -28, 500, 0.20000, 0.20254
34922, -28, 500, 0.20000, 0.20218
34923, -28, 500, 0.20000, 0.20110
34924, -28, 500, 0.20000, 0.20182
34925, -28, 500, 0.20000, 0.20002
34926, -28, 500, 0.20000, 0.20146
34927, -28, 500, 0.20000, 0.19859
34928, -28, 500, 0.20000, 0.19931
34929, -28, 500, 0.20000, 0.19823
34930, -28, 500, 0.20000, 0.20218
34931, -28, 500, 0.20000, 0.20074
34932, -28, 500, 0.20000, 0.20326
34933, -28, 500, 0.20000, 0.20074
34934, -28, 500, 0.20000, 0.20002
34935, -28, 500, 0.20000, 0.20038
34936, -28, 500, 0.20000, 0.20002
34937, -28, 500, 0.20000, 0.20110
34938, -28, 500, 0.20000, 0.20002
34939, -28, 500, 0.20000, 0.20038
34940, -28, 500, 0.20000, 0.20146
34941, -28, 500, 0.20000, 0.20146
34942, -28, 500, 0.20000, 0.20218
34943, -28, 500, 0.20000, 0.19967
34944, -28, 500, 0.20000, 0.20074
34945, -28, 500, 0.20000, 0.19931
34946, -28, 500, 0.20000, 0.20038
34947, -28, 500, 0.20000, 0.20182
34948, -28, 500, 0.20000, 0.19931
34949, -28, 500, 0.20000, 0.20470
34950, -28, 500, 0.20000, 0.19859
34951, -28, 500, 0.20000, 0.20074
34952, -28, 500, 0.20000, 0.20110
34953, -28, 500, 0.20000, 0.19967
34954, -28, 500, 0.20000, 0.19967
34955, -28, 500, 0.20000, 0.20038
34956, -28, 500, 0.20000, 0.20002
34957, -28, 500, 0.20000, 0.20218
34958, -28, 500, 0.20000, 0.19823
34959, -28, 500, 0.20000, 0.20254
34960, -28, 500, 0.20000, 0.20650
34961, -28, 500, 0.20000, 0.20110
34962, -28, 500, 0.20000, 0.19895
34963, -28, 500, 0.20000, 0.19355
34964, -28, 500, 0.20000, 0.19787
34965, -28, 500, 0.20000, 0.19679
34966, -28, 500, 0.20000, 0.19931
34967, -28, 500, 0.20000, 0.20218
34968, -28, 500, 0.20000, 0.20002
34969, -28, 500, 0.20000, 0.20146
34970, -28, 500, 0.20000, 0.19499
34971, -28, 500, 0.20000, 0.20002
34972, -28, 500, 0.20000, 0.20146
34973, -28, 500, 0.20000, 0.20182
34974, -28, 500, 0.20000, 0.20038
34975, -28, 500, 0.20000, 0.20182
34976, -28, 500, 0.20000, 0.20326
34977, -28, 500, 0.20000, 0.19931
34978, -28, 500, 0.20000, 0.20146
34979, -28, 500, 0.20000, 0.20038
34980, -28, 500, 0.20000, 0.20002
34981, -28, 500, 0.20000, 0.20074
34982, -28, 500, 0.20000, 0.19823
34983, -28, 500, 0.20000, 0.20110
34984, -28, 500, 0.20000, 0.19967
34985, -28, 500, 0.20000, 0.19571
34986, -28, 500, 0.20000, 0.19679
34987, -28, 500, 0.20000, 0.19787
34988, -28, 500, 0.20000, 0.19679
34989, -28, 500, 0.20000, 0.20614
34990, -28, 500, 0.20000, 0.20254
34991, -28, 500, 0.20000, 0.20074
34992, -28, 500, 0.20000, 0.19787
34993, -28, 500, 0.20000, 0.20146
34994, -28, 500, 0.20000, 0.20218
34995, -28, 500, 0.20000, 0.19895
34996, -28, 500, 0.20000, 0.19931
34997, -28, 500, 0.20000, 0.20434
34998, -28, 500, 0.20000, 0.19931
34999, -28, 500, 0.20000, 0.19931
35000, -28, 500, 0.20000, 0.19931
35001, -28, 500, 0.20000, 0.20074
35002, -28, 500, 0.20000, 0.19895
35003, -28, 500, 0.20000, 0.19931
35004, -28, 500, 0.20000, 0.20038
35005, -28, 500, 0.20000, 0.19967
35006, -28, 500, 0.20000, 0.19859
35007, -28, 500, 0.20000, 0.19895
35008, -28, 500, 0.20000, 0.20146
35009, -28, 500, 0.20000, 0.19967
35010, -28, 500, 0.20000, 0.19967
35011, -28, 500, 0.20000, 0.19787
35012, -28, 500, 0.20000, 0.20506
35013, -28, 500, 0.20000, 0.19427
35014, -28, 500, 0.20000, 0.19967
35015, -28, 500, 0.20000, 0.20074
35016, -28, 500, 0.20000, 0.19967
35017, -28, 500, 0.20000, 0.20002
35018, -28, 500, 0.20000, 0.19931
35019, -28, 500, 0.20000, 0.19607
35020, -28, 500, 0.20000, 0.19931
35021, -28, 500, 0.20000, 0.19967
35022, -28, 500, 0.20000, 0.20038
35023, -28, 500, 0.20000, 0.19823
35024, -28, 500, 0.20000, 0.19751
35025, -28, 500, 0.20000, 0.20326
35026, -28, 500, 0.20000, 0.20002
35027, -28, 500, 0.20000, 0.19895
35028, -28, 500, 0.20000, 0.19715
35029, -28, 500, 0.20000, 0.19535
35030, -28, 500, 0.20000, 0.19859
35031, -28, 500, 0.20000, 0.20146
35032, -28, 500, 0.20000, 0.19823
35033, -28, 500, 0.20000, 0.20074
35034, -28, 500, 0.20000, 0.19751
35035, -28, 500, 0.20000, 0.20110
35036, -28, 500, 0.20000, 0.19895
35037, -28, 500, 0.20000, 0.19751
35038, -28, 500, 0.20000, 0.20146
35039, -28, 500, 0.20000, 0.20074
35040, -28, 500, 0.20000, 0.20146
35041, -28, 500, 0.20000, 0.20002
35042, -28, 500, 0.20000, 0.20038
35043, -28, 500, 0.20000, 0.20110
35044, -28, 500, 0.20000, 0.20218
35045, -28, 500, 0.20000, 0.19715
35046, -28, 500, 0.20000, 0.19823
35047, -28, 500, 0.20000, 0.20038
35048, -28, 500, 0.20000, 0.19931
35049, -28, 500, 0.20000, 0.19535
35050, -28, 500, 0.20000, 0.20110
35051, -28, 500, 0.20000, 0.19895
35052, -28, 500, 0.20000, 0.19823
35053, -28, 500, 0.20000, 0.19679
35054, -28, 500, 0.20000, 0.20146
35055, -28, 500, 0.20000, 0.19967
35056, -28, 500, 0.20000, 0.20074
35057, -28, 500, 0.20000, 0.19859
35058, -28, 500, 0.20000, 0.20110
35059, -28, 500, 0.20000, 0.20434
35060, -28, 500, 0.20000, 0.20074
35061, -28, 500, 0.20000, 0.20146
35062, -28, 500, 0.20000, 0.19823
35063, -28, 500, 0.20000, 0.19931
35064, -28, 500, 0.20000, 0.19859
35065, -28, 500, 0.20000, 0.19823
35066, -28, 500, 0.00000, 0.20110
35067, -28, 500, 0.00000, 0.19427
35068, -28, 500, 0.00000, 0.20182
35069, -28, 500, 0.00000, 0.19068
35070, -28, 500, 0.00000, 0.18313
35071, -28, 500, 0.00000, 0.17055
35072, -28, 500, 0.00000, 0.15581
35073, -28, 500, 0.00000, 0.14503
35074, -28, 500, 0.00000, 0.13245
35075, -28, 500, 0.00000, 0.11807
35076, -28, 500, 0.00000, 0.10261
35077, -28, 500, 0.00000, 0.08464
35078, -28, 500, 0.00000, 0.08176
35079, -28, 500, 0.00000, 0.06811
35080, -28, 500, 0.00000, 0.04762
35081, -28, 500, 0.00000, 0.03719
35082, -28, 500, 0.00000, 0.02569
35083, -28, 500, 0.00000, 0.01347
35084, -28, 500, 0.00000, 0.00808
35085, -28, 500, 0.00000, -0.00486
35086, -28, 500, 0.00000, -0.01852
35087, -28, 500, 0.00000, -0.01421
35088, -28, 500, 0.00000, -0.02032
35089, -28, 500, 0.00000, -0.02463
35090, -28, 500, 0.00000, -0.02787
35091, -28, 500, 0.00000, -0.02499
35092, -28, 500, 0.00000, -0.02679
35093, -28, 500, 0.00000, -0.03182
35094, -28, 500, 0.00000, -0.03182
35095, -28, 500, 0.00000, -0.02895
35096, -28, 500, 0.00000, -0.03110
35097, -28, 500, 0.00000, -0.02535
35098, -28, 500, 0.00000, -0.02427
35099, -28, 500, 0.00000, -0.02212
35100, -28, 500, 0.00000, -0.02104
35101, -28, 500, 0.00000, -0.01457
35102, -28, 500, 0.00000, -0.01349
35103, -28, 500, 0.00000, -0.01169
35104, -28, 500, 0.00000, -0.00882
35105, -28, 500, 0.00000, -0.00918
35106, -28, 500, 0.00000, -0.00343
35107, -28, 500, 0.00000, -0.00594
35108, -28, 500, 0.00000, -0.00343
35109, -28, 500, 0.00000, -0.00055
35110, -28, 500, 0.00000, 0.00017
35111, -28, 500, 0.00000, 0.00269
35112, -28, 500, 0.00000, 0.00233
35113, -28, 500, 0.00000, 0.00269
35114, -28, 500, 0.00000, 0.00376
35115, -28, 500, 0.00000, 0.00448
35116, -28, 500, 0.00000, 0.00340
35117, -28, 500, 0.00000, 0.00412
35118, -28, 500, 0.00000, 0.00017
35119, -28, 500, 0.00000, 0.00161
35120, -28, 500, 0.00000, 0.00484
35121, -28, 500, 0.00000, 0.00304
35122, -28, 500, 0.00000, 0.00376
35123, -28, 500, 0.00000, 0.00197
35124, -28, 500, 0.00000, 0.00304
35125, -28, 500, 0.00000, 0.00233
35126, -28, 500, 0.00000, 0.00197
35127, -28, 500, 0.00000, 0.00197
35128, -28, 500, 0.00000, 0.00053
35129, -28, 500, 0.00000, 0.00269
35130, -28, 500, 0.00000, 0.00233
35131, -28, 500, 0.00000, 0.00089
35132, -28, 500, 0.00000, 0.00448
35133, -28, 500, 0.00000, -0.00379
35134, -28, 500, 0.00000, -0.00199
35135, -28, 500, 0.00000, -0.00235
35136, -28, 500, 0.00000, -0.00019
35137, -28, 500, 0.00000, -0.00235
35138, -28, 500, 0.00000, -0.00055
35139, -28, 500, 0.00000, -0.00522
35140, -28, 500, 0.00000, -0.00271
35141, -28, 500, 0.00000, 0.00269
35142, -28, 500, 0.00000, 0.00053
35143, -28, 500, 0.00000, -0.00127
35144, -28, 500, 0.00000, -0.00163
35145, -28, 500, 0.00000, 0.00340
35146, -28, 500, 0.00000, -0.00163
35147, -28, 500, 0.00000, -0.00055
35148, -28, 500, 0.00000, -0.00271
35149, -28, 500, 0.00000, 0.00053
35150, -28, 500, 0.00000, -0.00271
35151, -28, 500, 0.00000, -0.00055
35152, -28, 500, 0.00000, -0.00199
35153, -28, 500, 0.00000, 0.00017
35154, -28, 500, 0.00000, 0.00125
35155, -28, 500, 0.00000, 0.00412
35156, -28, 500, 0.00000, 0.00017
35157, -28, 500, 0.00000, 0.00125
35158, -28, 500, 0.00000, 0.00053
35159, -28, 500, 0.00000, -0.00486
35160, -28, 500, 0.00000, 0.00125
35161, -28, 500, 0.00000, 0.00017
35162, -28, 500, 0.00000, 0.00053
35163, -28, 500, 0.00000, -0.00235
35164, -28, 500, 0.00000, 0.00125
35165, -28, 500, 0.00000, -0.00091
35166, -28, 500, 0.00000, 0.00448
35167, -28, 500, 0.00000, -0.00271
35168, -28, 500, 0.00000, -0.00307
35169, -28, 500, 0.00000, -0.00271
35170, -28, 500, 0.00000, -0.00055
35171, -28, 500, 0.00000, -0.00199
35172, -28, 500, 0.00000, -0.00091
35173, -28, 500, 0.00000, 0.00089
35174, -28, 500, 0.00000, -0.00055
35175, -28, 500, 0.00000, -0.00271
35176, -28, 500, 0.00000, 0.00053
35177, -28, 500, 0.00000, 0.00340
35178, -28, 500, 0.00000, -0.00127
35179, -28, 500, 0.00000, -0.00163
35180, -28, 500, 0.00000, -0.00307
35181, -28, 500, 0.00000, 0.00125
35182, -28, 500, 0.00000, -0.00163
35183, -28, 500, 0.00000, -0.00486
35184, -28, 500, 0.00000, -0.00163
35185, -28, 500, 0.00000, 0.00161
35186, -28, 500, 0.00000, -0.00343
35187, -28, 500, 0.00000, 0.00376
35188, -28, 500, 0.00000, -0.00235
35189, -28, 500, 0.00000, 0.00017
35190, -28, 500, 0.00000, 0.00017
35191, -28, 500, 0.00000, -0.00055
35192, -28, 500, 0.00000, 0.00053
35193, -28, 500, 0.00000, -0.00379
35194, -28, 500, 0.00000, -0.00127
35195, -28, 500, 0.00000, -0.00019
35196, -28, 500, 0.00000, -0.00019
35197, -28, 500, 0.00000, -0.00163
35198, -28, 500, 0.00000, 0.00125
35199, -28, 500, 0.00000, 0.00053
35200, -28, 500, 0.00000, -0.00127
35201, -28, 500, 0.00000, -0.00379
35202, -28, 500, 0.00000, -0.00055
35203, -28, 500, 0.00000, 0.00592
35204, -28, 500, 0.00000, -0.00091
35205, -28, 500, 0.00000, -0.00127
35206, -28, 500, 0.00000, -0.00055
35207, -28, 500, 0.00000, 0.00053
35208, -28, 500, 0.00000, -0.00127
35209, -28, 500, 0.00000, -0.00091
35210, -28, 500, 0.00000, 0.00053
35211, -28, 500, 0.00000, -0.00019
35212, -28, 500, 0.00000, -0.00450
35213, -28, 500, 0.00000, 0.00017
35214, -28, 500, 0.00000, 0.00340
35215, -28, 500, 0.00000, -0.00127
35216, -28, 500, 0.00000, 0.00089
35217, -28, 500, 0.00000, 0.00197
35218, -28, 500, 0.00000, 0.00161
35219, -28, 500, 0.00000, 0.00053
35220, -28, 500, 0.00000, -0.00055
35221, -28, 500, 0.00000, -0.00127
35222, -28, 500, 0.00000, -0.00558
35223, -28, 500, 0.00000, 0.00053
35224, -28, 500, 0.00000, 0.00053
35225, -28, 500, 0.00000, 0.00304
35226, -28, 500, 0.00000, 0.00700
35227, -28, 500, 0.00000, -0.00199
35228, -28, 500, 0.00000, -0.00127
35229, -28, 500, 0.00000, 0.00340
35230, -28, 500, 0.00000, 0.00089
35231, -28, 500, 0.00000, -0.00091
35232, -28, 500, 0.00000, -0.00307
35233, -28, 500, 0.00000, -0.00055
35234, -28, 500, 0.00000, -0.00055
35235, -28, 500, 0.00000, 0.00125
35236, -28, 500, 0.00000, -0.00235
35237, -28, 500, 0.00000, 0.00269
35238, -28, 500, 0.00000, 0.00053
35239, -28, 500, 0.00000, -0.00091
35240, -28, 500, 0.00000, 0.00017
35241, -28, 500, 0.00000, -0.00414
35242, -28, 500, 0.00000, 0.00017
35243, -28, 500, 0.00000, -0.00055
35244, -28, 500, 0.00000, -0.00199
35245, -28, 500, 0.00000, -0.00199
35246, -28, 500, 0.00000, 0.00197
35247, -28, 500, 0.00000, 0.00053
35248, -28, 500, 0.00000, -0.00091
35249, -28, 500, 0.00000, -0.00379
35250, -28, 500, 0.00000, -0.00019
35251, -28, 500, 0.00000, 0.00412
35252, -28, 500, 0.00000, 0.00269
35253, -28, 500, 0.00000, 0.00304
35254, -28, 500, 0.00000, 0.00161
35255, -28, 500, 0.00000, 0.00053
35256, -28, 500, 0.00000, 0.00161
35257, -28, 500, 0.00000, 0.00053
35258, -28, 500, 0.00000, 0.00089
35259, -28, 500, 0.00000, 0.00017
35260, -28, 500, 0.00000, 0.00053
35261, -28, 500, 0.00000, 0.00233
35262, -28, 500, 0.00000, 0.00161
35263, -28, 500, 0.00000, -0.00055
35264, -28, 500, 0.00000, 0.00017
35265, -28, 500, 0.00000, -0.00379
35266, -28, 500, 0.00000, -0.00199
35267, -28, 500, 0.00000, -0.00271
35268, -28, 500, 0.00000, -0.00343
35269, -28, 500, 0.00000, 0.00017
35270, -28, 500, 0.00000, -0.00235
35271, -28, 500, 0.00000, -0.00055
35272, -28, 500, 0.00000, -0.00163
35273, -28, 500, 0.00000, 0.00089
35274, -28, 500, 0.00000, 0.00304
35275, -28, 500, 0.00000, 0.00197
35276, -28, 500, 0.00000, 0.00017
35277, -28, 500, 0.00000, -0.00091
35278, -28, 500, 0.00000, 0.00233
35279, -28, 500, 0.00000, 0.00269
35280, -28, 500, 0.00000, 0.00197
35281, -28, 500, 0.00000, 0.00053
35282, -28, 500, 0.00000, -0.00019
35283, -28, 500, 0.00000, -0.00199
35284, -28, 500, 0.00000, 0.00125
35285, -28, 500, 0.00000, -0.00307
35286, -28, 500, 0.00000, 0.00233
35287, -28, 500, 0.00000, 0.00017
35288, -28, 500, 0.00000, -0.00091
35289, -28, 500, 0.00000, -0.00199
35290, -28, 500, 0.00000, 0.00412
35291, -28, 500, 0.00000, -0.00379
35292, -28, 500, 0.00000, 0.00125
35293, -28, 500, 0.00000, -0.00163
35294, -28, 500, 0.00000, 0.00053
35295, -28, 500, 0.00000, 0.00125
35296, -28, 500, 0.00000, -0.00055
35297, -28, 500, 0.00000, -0.00199
35298, -28, 500, 0.00000, -0.00127
35299, -28, 500, 0.00000, 0.00053
35300, -28, 500, 0.00000, 0.00161
35301, -28, 500, 0.00000, -0.00307
35302, -28, 500, 0.00000, -0.00343
35303, -28, 500, 0.00000, 0.00089
35304, -28, 500, 0.00000, 0.00125
35305, -28, 500, 0.00000, 0.00053
35306, -28, 500, 0.00000, -0.00271
35307, -28, 500, 0.00000, 0.00125
35308, -28, 500, 0.00000, 0.00269
35309, -28, 500, 0.00000, -0.00127
35310, -28, 500, 0.00000, -0.00055
35311, -28, 500, 0.00000, -0.00522
35312, -28, 500, 0.00000, 0.00161
35313, -28, 500, 0.00000, -0.00019
35314, -28, 500, 0.00000, -0.00019
35315, -28, 500, 0.00000, 0.00089
35316, -28, 500, 0.00000, 0.00304
35317, -28, 500, 0.00000, -0.00271
35318, -28, 500, 0.00000, -0.00091
35319, -28, 500, 0.00000, 0.00089
35320, -28, 500, 0.00000, -0.00307
35321, -28, 500, 0.00000, -0.00091
35322, -28, 500, 0.00000, -0.00199
35323, -28, 500, 0.00000, -0.00414
35324, -28, 500, 0.00000, -0.00163
35325, -28, 500, 0.00000, -0.00019
35326, -28, 500, 0.00000, 0.00125
35327, -28, 500, 0.00000, -0.00127
35328, -28, 500, 0.00000, 0.00556
35329, -28, 500, 0.00000, 0.00053
35330, -28, 500, 0.00000, 0.00161
35331, -28, 500, 0.00000, 0.00017
35332, -28, 500, 0.00000, -0.00055
35333, -28, 500, 0.00000, 0.00017
35334, -28, 500, 0.00000, -0.00127
35335, -28, 500, 0.00000, -0.00199
35336, -28, 500, 0.00000, 0.00556
35337, -28, 500, 0.00000, 0.00412
35338, -28, 500, 0.00000, 0.00161
35339, -28, 500, 0.00000, -0.00379
35340, -28, 500, 0.00000, -0.00127
35341, -28, 500, 0.00000, 0.00233
35342, -28, 500, 0.00000, -0.00163
35343, -28, 500, 0.00000, 0.00089
35344, -28, 500, 0.00000, 0.00017
35345, -28, 500, 0.00000, 0.00053
35346, -28, 500, 0.00000, 0.00017
35347, -28, 500, 0.00000, -0.00163
35348, -28, 500, 0.00000, -0.00163
35349, -28, 500, 0.00000, -0.00091
35350, -28, 500, 0.00000, -0.00055
35351, -28, 500, 0.00000, 0.00089
35352, -28, 500, 0.00000, -0.00127
35353, -28, 500, 0.00000, 0.00376
35354, -28, 500, 0.00000, -0.00199
35355, -28, 500, 0.00000, 0.00053
35356, -28, 500, 0.00000, -0.00163
35357, -28, 500, 0.00000, -0.00163
35358, -28, 500, 0.00000, 0.00412
35359, -28, 500, 0.00000, -0.00019
35360, -28, 500, 0.00000, -0.00235
35361, -28, 500, 0.00000, 0.00089
35362, -28, 500, 0.00000, 0.00017
35363, -28, 500, 0.00000, 0.00197
35364, -28, 500, 0.00000, -0.00379
35365, -28, 500, 0.00000, 0.00053
35366, -28, 500, 0.00000, 0.00269
35367, -28, 500, 0.00000, 0.00053
35368, -28, 500, 0.00000, 0.00233
35369, -28, 500, 0.00000, -0.00019
35370, -28, 500, 0.00000, 0.00053
35371, -28, 500, 0.00000, 0.00053
35372, -28, 500, 0.00000, -0.00091
35373, -28, 500, 0.00000, -0.00379
35374, -28, 500, 0.00000, -0.00379
35375, -28, 500, 0.00000, -0.00019
35376, -28, 500, 0.00000, 0.00053
35377, -28, 500, 0.00000, -0.00343
35378, -28, 500, 0.00000, -0.00055
35379, -28, 500, 0.00000, 0.00161
35380, -28, 500, 0.00000, -0.00019
35381, -28, 500, 0.00000, 0.00197
35382, -28, 500, 0.00000, 0.00089
35383, -28, 500, 0.00000, -0.00091
35384, -28, 500, 0.00000, -0.00235
35385, -28, 500, 0.00000, -0.00091
35386, -28, 500, 0.00000, 0.00412
35387, -28, 500, 0.00000, -0.00055
35388, -28, 500, 0.00000, -0.00271
35389, -28, 500, 0.00000, -0.00019
35390, -28, 500, 0.00000, -0.00091
35391, -28, 500, 0.00000, 0.00089
35392, -28, 500, 0.00000, -0.00199
35393, -28, 500, 0.00000, 0.00053
35394, -28, 500, 0.00000, -0.00199
35395, -28, 500, 0.00000, 0.00089
35396, -28, 500, 0.00000, -0.00127
35397, -28, 500, 0.00000, -0.00055
35398, -28, 500, 0.00000, 0.00089
35399, -28, 500, 0.00000, 0.00340
35400, -28, 500, 0.00000, -0.00199
35401, -28, 500, 0.00000, 0.00269
35402, -28, 500, 0.00000, 0.00125
35403, -28, 500, 0.00000, 0.00233
35404, -28, 500, 0.00000, -0.00307
35405, -28, 500, 0.00000, 0.00125
35406, -28, 500, 0.00000, 0.00125
35407, -28, 500, 0.00000, -0.00127
35408, -28, 500, 0.00000, 0.00125
35409, -28, 500, 0.00000, -0.00019
35410, -28, 500, 0.00000, -0.00163
35411, -28, 500, 0.00000, -0.00091
35412, -28, 500, 0.00000, -0.00307
35413, -28, 500, 0.00000, -0.00055
35414, -28, 500, 0.00000, -0.00127
35415, -28, 500, 0.00000, -0.00127
35416, -28, 500, 0.00000, -0.00091
35417, -28, 500, 0.00000, 0.00412
35418, -28, 500, 0.00000, -0.00199
35419, -28, 500, 0.00000, -0.00055
35420, -28, 500, 0.00000, 0.00556
35421, -28, 500, 0.00000, -0.00271
35422, -28, 500, 0.00000, -0.00271
35423, -28, 500, 0.00000, -0.00163
35424, -28, 500, 0.00000, 0.00017
35425, -28, 500, 0.00000, -0.00019
35426, -28, 500, 0.00000, -0.00379
35427, -28, 500, 0.00000, -0.00163
35428, -28, 500, 0.00000, 0.00233
35429, -28, 500, 0.00000, 0.00700
35430, -28, 500, 0.00000, -0.00127
35431, -28, 500, 0.00000, -0.00271
35432, -28, 500, 0.00000, 0.00412
35433, -28, 500, 0.00000, 0.00053
35434, -28, 500, 0.00000, 0.00089
35435, -28, 500, 0.00000, 0.00017
35436, -28, 500, 0.00000, 0.00089
35437, -28, 500, 0.00000, -0.00414
35438, -28, 500, 0.00000, 0.00269
35439, -28, 500, 0.00000, -0.00163
35440, -28, 500, 0.00000, -0.00019
35441, -28, 500, 0.20000, -0.00055
35442, -28, 500, 0.20000, -0.00055
35443, -28, 500, 0.20000, 0.00412
35444, -28, 500, 0.20000, 0.00736
35445, -28, 500, 0.20000, 0.01023
35446, -28, 500, 0.20000, 0.02533
35447, -28, 500, 0.20000, 0.04330
35448, -28, 500, 0.20000, 0.05552
35449, -28, 500, 0.20000, 0.06775
35450, -28, 500, 0.20000, 0.08500
35451, -28, 500, 0.20000, 0.09542
35452, -28, 500, 0.20000, 0.10980
35453, -28, 500, 0.20000, 0.14000
35454, -28, 500, 0.20000, 0.14179
35455, -28, 500, 0.20000, 0.14898
35456, -28, 500, 0.20000, 0.16408
35457, -28, 500, 0.20000, 0.17235
35458, -28, 500, 0.20000, 0.18565
35459, -28, 500, 0.20000, 0.19535
35460, -28, 500, 0.20000, 0.20434
35461, -28, 500, 0.20000, 0.20650
35462, -28, 500, 0.20000, 0.21584
35463, -28, 500, 0.20000, 0.22051
35464, -28, 500, 0.20000, 0.22662
35465, -28, 500, 0.20000, 0.22591
35466, -28, 500, 0.20000, 0.22770
35467, -28, 500, 0.20000, 0.23058
35468, -28, 500, 0.20000, 0.22806
35469, -28, 500, 0.20000, 0.22770
35470, -28, 500, 0.20000, 0.22914
35471, -28, 500, 0.20000, 0.22806
35472, -28, 500, 0.20000, 0.22627
35473, -28, 500, 0.20000, 0.22519
35474, -28, 500, 0.20000, 0.22087
35475, -28, 500, 0.20000, 0.21261
35476, -28, 500, 0.20000, 0.21872
35477, -28, 500, 0.20000, 0.21728
35478, -28, 500, 0.20000, 0.21404
35479, -28, 500, 0.20000, 0.21189
35480, -28, 500, 0.20000, 0.20865
35481, -28, 500, 0.20000, 0.21009
35482, -28, 500, 0.20000, 0.20542
35483, -28, 500, 0.20000, 0.20110
35484, -28, 500, 0.20000, 0.20218
35485, -28, 500, 0.20000, 0.20398
35486, -28, 500, 0.20000, 0.20074
35487, -28, 500, 0.20000, 0.19967
35488, -28, 500, 0.20000, 0.20362
35489, -28, 500, 0.20000, 0.19427
35490, -28, 500, 0.20000, 0.19535
35491, -28, 500, 0.20000, 0.19679
35492, -28, 500, 0.20000, 0.19931
35493, -28, 500, 0.20000, 0.19859
35494, -28, 500, 0.20000, 0.19499
35495, -28, 500, 0.20000, 0.19427
35496, -28, 500, 0.20000, 0.19391
35497, -28, 500, 0.20000, 0.19679
35498, -28, 500, 0.20000, 0.19391
35499, -28, 500, 0.20000, 0.19535
35500, -28, 500, 0.20000, 0.19607
35501, -28, 500, 0.20000, 0.19643
35502, -28, 500, 0.20000, 0.19751
35503, -28, 500, 0.20000, 0.19967
35504, -28, 500, 0.20000, 0.19823
35505, -28, 500, 0.20000, 0.19607
35506, -28, 500, 0.20000, 0.19715
35507, -28, 500, 0.20000, 0.19607
35508, -28, 500, 0.20000, 0.19751
35509, -28, 500, 0.20000, 0.20002
35510, -28, 500, 0.20000, 0.20002
35511, -28, 500, 0.20000, 0.19931
35512, -28, 500, 0.20000, 0.19715
35513, -28, 500, 0.20000, 0.20182
35514, -28, 500, 0.20000, 0.19643
35515, -28, 500, 0.20000, 0.19715
35516, -28, 500, 0.20000, 0.20074
35517, -28, 500, 0.20000, 0.19823
35518, -28, 500, 0.20000, 0.20218
35519, -28, 500, 0.20000, 0.19787
35520, -28, 500, 0.20000, 0.20110
35521, -28, 500, 0.20000, 0.19787
35522, -28, 500, 0.20000, 0.20002
35523, -28, 500, 0.20000, 0.19967
35524, -28, 500, 0.20000, 0.19751
35525, -28, 500, 0.20000, 0.19931
35526, -28, 500, 0.20000, 0.20002
35527, -28, 500, 0.20000, 0.19895
35528, -28, 500, 0.20000, 0.19931
35529, -28, 500, 0.20000, 0.19859
35530, -28, 500, 0.20000, 0.19895
35531, -28, 500, 0.20000, 0.20074
35532, -28, 500, 0.20000, 0.20074
35533, -28, 500, 0.20000, 0.20038
35534, -28, 500, 0.20000, 0.20038
35535, -28, 500, 0.20000, 0.20182
35536, -28, 500, 0.20000, 0.20002
35537, -28, 500, 0.20000, 0.19895
35538, -28, 500, 0.20000, 0.20182
35539, -28, 500, 0.20000, 0.19751
35540, -28, 500, 0.20000, 0.20182
35541, -28, 500, 0.20000, 0.19967
35542, -28, 500, 0.20000, 0.19607
35543, -28, 500, 0.20000, 0.20110
35544, -28, 500, 0.20000, 0.19931
35545, -28, 500, 0.20000, 0.20038
35546, -28, 500, 0.20000, 0.20074
35547, -28, 500, 0.20000, 0.20182
35548, -28, 500, 0.20000, 0.20038
35549, -28, 500, 0.20000, 0.20146
35550, -28, 500, 0.20000, 0.19967
35551, -28, 500, 0.20000, 0.19607
35552, -28, 500, 0.20000, 0.20002
35553, -28, 500, 0.20000, 0.19967
35554, -28, 500, 0.20000, 0.20182
35555, -28, 500, 0.20000, 0.19859
35556, -28, 500, 0.20000, 0.19859
35557, -28, 500, 0.20000, 0.20290
35558, -28, 500, 0.20000, 0.20074
35559, -28, 500, 0.20000, 0.19931
35560, -28, 500, 0.20000, 0.19931
35561, -28, 500, 0.20000, 0.20110
35562, -28, 500, 0.20000, 0.20038
35563, -28, 500, 0.20000, 0.19931
35564, -28, 500, 0.20000, 0.19787
35565, -28, 500, 0.20000, 0.19823
35566, -28, 500, 0.20000, 0.20578
35567, -28, 500, 0.20000, 0.20038
35568, -28, 500, 0.20000, 0.19967
35569, -28, 500, 0.20000, 0.20254
35570, -28, 500, 0.20000, 0.20146
35571, -28, 500, 0.20000, 0.19823
35572, -28, 500, 0.20000, 0.19967
35573, -28, 500, 0.20000, 0.19931
35574, -28, 500, 0.20000, 0.19391
35575, -28, 500, 0.20000, 0.20326
35576, -28, 500, 0.20000, 0.20074
35577, -28, 500, 0.20000, 0.19823
35578, -28, 500, 0.20000, 0.20038
35579, -28, 500, 0.20000, 0.19320
35580, -28, 500, 0.20000, 0.20038
35581, -28, 500, 0.20000, 0.20110
35582, -28, 500, 0.20000, 0.20038
35583, -28, 500, 0.20000, 0.20218
35584, -28, 500, 0.20000, 0.20290
35585, -28, 500, 0.20000, 0.19895
35586, -28, 500, 0.20000, 0.19967
35587, -28, 500, 0.20000, 0.20110
35588, -28, 500, 0.20000, 0.19859
35589, -28, 500, 0.20000, 0.20254
35590, -28, 500, 0.20000, 0.19895
35591, -28, 500, 0.20000, 0.20074
35592, -28, 500, 0.20000, 0.19931
35593, -28, 500, 0.20000, 0.20002
35594, -28, 500, 0.20000, 0.20398
35595, -28, 500, 0.20000, 0.20002
35596, -28, 500, 0.20000, 0.20074
35597, -28, 500, 0.20000, 0.19967
35598, -28, 500, 0.20000, 0.19931
35599, -28, 500, 0.20000, 0.19967
35600, -28, 500, 0.20000, 0.20038
35601, -28, 500, 0.20000, 0.19068
35602, -28, 500, 0.20000, 0.20074
35603, -28, 500, 0.20000, 0.19895
35604, -28, 500, 0.20000, 0.19967
35605, -28, 500, 0.20000, 0.19931
35606, -28, 500, 0.20000, 0.20434
35607, -28, 500, 0.20000, 0.20038
35608, -28, 500, 0.20000, 0.20254
35609, -28, 500, 0.20000, 0.19823
35610, -28, 500, 0.20000, 0.20110
35611, -28, 500, 0.20000, 0.19787
35612, -28, 500, 0.20000, 0.19859
35613, -28, 500, 0.20000, 0.20074
35614, -28, 500, 0.20000, 0.20074
35615, -28, 500, 0.20000, 0.19895
35616, -28, 500, 0.20000, 0.19967
35617, -28, 500, 0.20000, 0.19715
35618, -28, 500, 0.20000, 0.20254
35619, -28, 500, 0.20000, 0.19895
35620, -28, 500, 0.20000, 0.19787
35621, -28, 500, 0.20000, 0.20110
35622, -28, 500, 0.20000, 0.19787
35623, -28, 500, 0.20000, 0.20434
35624, -28, 500, 0.20000, 0.20074
35625, -28, 500, 0.20000, 0.20074
35626, -28, 500, 0.20000, 0.19859
35627, -28, 500, 0.20000, 0.19859
35628, -28, 500, 0.20000, 0.19859
35629, -28, 500, 0.20000, 0.20218
35630, -28, 500, 0.20000, 0.20038
35631, -28, 500, 0.20000, 0.19643
35632, -28, 500, 0.20000, 0.20002
35633, -28, 500, 0.20000, 0.19895
35634, -28, 500, 0.20000, 0.20146
35635, -28, 500, 0.20000, 0.20074
35636, -28, 500, 0.20000, 0.19931
35637, -28, 500, 0.20000, 0.20290
35638, -28, 500, 0.20000, 0.19787
35639, -28, 500, 0.20000, 0.19931
35640, -28, 500, 0.20000, 0.20074
35641, -28, 500, 0.20000, 0.20038
35642, -28, 500, 0.20000, 0.19931
35643, -28, 500, 0.20000, 0.20038
35644, -28, 500, 0.20000, 0.19787
35645, -28, 500, 0.20000, 0.20002
35646, -28, 500, 0.20000, 0.20398
35647, -28, 500, 0.20000, 0.19967
35648, -28, 500, 0.20000, 0.20002
35649, -28, 500, 0.20000, 0.20074
35650, -28, 500, 0.20000, 0.20074
35651, -28, 500, 0.20000, 0.20074
35652, -28, 500, 0.20000, 0.19895
35653, -28, 500, 0.20000, 0.20002
35654, -28, 500, 0.20000, 0.20362
35655, -28, 500, 0.20000, 0.20002
35656, -28, 500, 0.20000, 0.19715
35657, -28, 500, 0.20000, 0.19823
35658, -28, 500, 0.20000, 0.19823
35659, -28, 500, 0.20000, 0.19967
35660, -28, 500, 0.20000, 0.19931
35661, -28, 500, 0.20000, 0.19895
35662, -28, 500, 0.20000, 0.20218
35663, -28, 500, 0.20000, 0.20254
35664, -28, 500, 0.20000, 0.19859
35665, -28, 500, 0.20000, 0.19967
35666, -28, 500, 0.20000, 0.19535
35667, -28, 500, 0.20000, 0.19895
35668, -28, 500, 0.20000, 0.20218
35669, -28, 500, 0.20000, 0.20074
35670, -28, 500, 0.20000, 0.19823
35671, -28, 500, 0.20000, 0.20110
35672, -28, 500, 0.20000, 0.20146
35673, -28, 500, 0.20000, 0.20038
35674, -28, 500, 0.20000, 0.19607
35675, -28, 500, 0.20000, 0.19787
35676, -28, 500, 0.20000, 0.20002
35677, -28, 500, 0.20000, 0.20038
35678, -28, 500, 0.20000, 0.20218
35679, -28, 500, 0.20000, 0.19463
35680, -28, 500, 0.20000, 0.19679
35681, -28, 500, 0.20000, 0.20002
35682, -28, 500, 0.20000, 0.19895
35683, -28, 500, 0.20000, 0.20182
35684, -28, 500, 0.20000, 0.20002
35685, -28, 500, 0.20000, 0.20038
35686, -28, 500, 0.20000, 0.19715
35687, -28, 500, 0.20000, 0.20254
35688, -28, 500, 0.20000, 0.20146
35689, -28, 500, 0.20000, 0.20182
35690, -28, 500, 0.20000, 0.19967
35691, -28, 500, 0.20000, 0.20110
35692, -28, 500, 0.20000, 0.20110
35693, -28, 500, 0.20000, 0.19463
35694, -28, 500, 0.20000, 0.19895
35695, -28, 500, 0.20000, 0.19931
35696, -28, 500, 0.20000, 0.19823
35697, -28, 500, 0.20000, 0.20110
35698, -28, 500, 0.20000, 0.20146
35699, -28, 500, 0.20000, 0.19859
35700, -28, 500, 0.20000, 0.20218
35701, -28, 500, 0.20000, 0.19967
35702, -28, 500, 0.20000, 0.20434
35703, -28, 500, 0.20000, 0.19859
35704, -28, 500, 0.20000, 0.19967
35705, -28, 500, 0.20000, 0.20002
35706, -28, 500, 0.20000, 0.20434
35707, -28, 500, 0.20000, 0.20038
35708, -28, 500, 0.20000, 0.20254
35709, -28, 500, 0.20000, 0.20326
35710, -28, 500, 0.20000, 0.20038
35711, -28, 500, 0.20000, 0.20074
35712, -28, 500, 0.20000, 0.19967
35713, -28, 500, 0.20000, 0.20290
35714, -28, 500, 0.20000, 0.19823
35715, -28, 500, 0.20000, 0.19535
35716, -28, 500, 0.20000, 0.20002
35717, -28, 500, 0.20000, 0.20074
35718, -28, 500, 0.20000, 0.20002
35719, -28, 500, 0.20000, 0.20110
35720, -28, 500, 0.20000, 0.19895
35721, -28, 500, 0.20000, 0.19895
35722, -28, 500, 0.20000, 0.19967
35723, -28, 500, 0.20000, 0.19859
35724, -28, 500, 0.20000, 0.20362
35725, -28, 500, 0.20000, 0.19967
35726, -28, 500, 0.20000, 0.19967
35727, -28, 500, 0.20000, 0.19679
35728, -28, 500, 0.20000, 0.20110
35729, -28, 500, 0.20000, 0.19715
35730, -28, 500, 0.20000, 0.19895
35731, -28, 500, 0.20000, 0.19823
35732, -28, 500, 0.20000, 0.19931
35733, -28, 500, 0.20000, 0.19607
35734, -28, 500, 0.20000, 0.18996
35735, -28, 500, 0.20000, 0.20110
35736, -28, 500, 0.20000, 0.20110
35737, -28, 500, 0.20000, 0.19967
35738, -28, 500, 0.20000, 0.19715
35739, -28, 500, 0.20000, 0.20182
35740, -28, 500, 0.20000, 0.20002
35741, -28, 500, 0.20000, 0.19931
35742, -28, 500, 0.20000, 0.20146
35743, -28, 500, 0.20000, 0.20110
35744, -28, 500, 0.20000, 0.19751
35745, -28, 500, 0.20000, 0.19895
35746, -28, 500, 0.20000, 0.19571
35747, -28, 500, 0.20000, 0.20218
35748, -28, 500, 0.20000, 0.20146
35749, -28, 500, 0.20000, 0.20218
35750, -28, 500, 0.20000, 0.19859
35751, -28, 500, 0.20000, 0.20146
35752, -28, 500, 0.20000, 0.19859
35753, -28, 500, 0.20000, 0.20254
35754, -28, 500, 0.20000, 0.20146
35755, -28, 500, 0.20000, 0.20254
35756, -28, 500, 0.20000, 0.19427
35757, -28, 500, 0.20000, 0.19967
35758, -28, 500, 0.20000, 0.20218
35759, -28, 500, 0.20000, 0.20146
35760, -28, 500, 0.20000, 0.20182
35761, -28, 500, 0.20000, 0.20218
35762, -28, 500, 0.20000, 0.20110
35763, -28, 500, 0.20000, 0.20182
35764, -28, 500, 0.20000, 0.20002
35765, -28, 500, 0.20000, 0.19320
35766, -28, 500, 0.20000, 0.20362
35767, -28, 500, 0.20000, 0.20182
35768, -28, 500, 0.20000, 0.20218
35769, -28, 500, 0.20000, 0.20326
35770, -28, 500, 0.20000, 0.20182
35771, -28, 500, 0.20000, 0.19931
35772, -28, 500, 0.20000, 0.20182
35773, -28, 500, 0.20000, 0.20110
35774, -28, 500, 0.20000, 0.20074
35775, -28, 500, 0.20000, 0.19823
35776, -28, 500, 0.20000, 0.20146
35777, -28, 500, 0.20000, 0.19967
35778, -28, 500, 0.20000, 0.19715
35779, -28, 500, 0.20000, 0.19463
35780, -28, 500, 0.20000, 0.19787
35781, -28, 500, 0.20000, 0.19931
35782, -28, 500, 0.20000, 0.19895
35783, -28, 500, 0.20000, 0.19787
35784, -28, 500, 0.20000, 0.20038
35785, -28, 500, 0.20000, 0.20074
35786, -28, 500, 0.20000, 0.19931
35787, -28, 500, 0.20000, 0.19967
35788, -28, 500, 0.20000, 0.20362
35789, -28, 500, 0.20000, 0.19895
35790, -28, 500, 0.20000, 0.19967
35791, -28, 500, 0.20000, 0.19967
35792, -28, 500, 0.20000, 0.20110
35793, -28, 500, 0.20000, 0.19967
35794, -28, 500, 0.20000, 0.19931
35795, -28, 500, 0.20000, 0.20002
35796, -28, 500, 0.20000, 0.20254
35797, -28, 500, 0.20000, 0.19643
35798, -28, 500, 0.20000, 0.19895
35799, -28, 500, 0.20000, 0.20074
35800, -28, 500, 0.20000, 0.20038
35801, -28, 500, 0.20000, 0.20398
35802, -28, 500, 0.20000, 0.19931
35803, -28, 500, 0.20000, 0.19931
35804, -28, 500, 0.20000, 0.20146
35805, -28, 500, 0.20000, 0.19823
35806, -28, 500, 0.20000, 0.20146
35807, -28, 500, 0.20000, 0.20470
35808, -28, 500, 0.20000, 0.20470
35809, -28, 500, 0.20000, 0.20110
35810, -28, 500, 0.20000, 0.19895
35811, -28, 500, 0.20000, 0.20218
35812, -28, 500, 0.20000, 0.19859
35813, -28, 500, 0.20000, 0.19967
35814, -28, 500, 0.20000, 0.19895
35815, -28, 500, 0.20000, 0.19859
35816, -28, 500, 0.20000, 0.20002
35817, -28, 500, 0.20000, 0.19967
35818, -28, 500, 0.20000, 0.19967
35819, -28, 500, 0.20000, 0.20038
35820, -28, 500, 0.20000, 0.19643
35821, -28, 500, 0.00000, 0.19967
35822, -28, 500, 0.00000, 0.20218
35823, -28, 500, 0.00000, 0.19499
35824, -28, 500, 0.00000, 0.19463
35825, -28, 500, 0.00000, 0.18061
35826, -28, 500, 0.00000, 0.17271
35827, -28, 500, 0.00000, 0.15617
35828, -28, 500, 0.00000, 0.14898
35829, -28, 500, 0.00000, 0.13101
35830, -28, 500, 0.00000, 0.11699
35831, -28, 500, 0.00000, 0.10621
35832, -28, 500, 0.00000, 0.08033
35833, -28, 500, 0.00000, 0.07494
35834, -28, 500, 0.00000, 0.06523
35835, -28, 500, 0.00000, 0.04438
35836, -28, 500, 0.00000, 0.03827
35837, -28, 500, 0.00000, 0.02533
35838, -28, 500, 0.00000, 0.00987
35839, -28, 500, 0.00000, 0.00987
35840, -28, 500, 0.00000, -0.00450
35841, -28, 500, 0.00000, -0.00450
35842, -28, 500, 0.00000, -0.01601
35843, -28, 500, 0.00000, -0.01780
35844, -28, 500, 0.00000, -0.02607
35845, -28, 500, 0.00000, -0.02104
35846, -28, 500, 0.00000, -0.02571
35847, -28, 500, 0.00000, -0.02967
35848, -28, 500, 0.00000, -0.02787
35849, -28, 500, 0.00000, -0.02895
35850, -28, 500, 0.00000, -0.02931
35851, -28, 500, 0.00000, -0.02535
35852, -28, 500, 0.00000, -0.02499
35853, -28, 500, 0.00000, -0.02248
35854, -28, 500, 0.00000, -0.02571
35855, -28, 500, 0.00000, -0.01996
35856, -28, 500, 0.00000, -0.01852
35857, -28, 500, 0.00000, -0.01780
35858, -28, 500, 0.00000, -0.01421
35859, -28, 500, 0.00000, -0.01385
35860, -28, 500, 0.00000, -0.00810
35861, -28, 500, 0.00000, -0.00558
35862, -28, 500, 0.00000, -0.00558
35863, -28, 500, 0.00000, -0.00486
35864, -28, 500, 0.00000, -0.00271
35865, -28, 500, 0.00000, 0.00340
35866, -28, 500, 0.00000, 0.00664
35867, -28, 500, 0.00000, 0.00089
35868, -28, 500, 0.00000, 0.00233
35869, -28, 500, 0.00000, 0.00269
35870, -28, 500, 0.00000, 0.00053
35871, -28, 500, 0.00000, 0.00304
35872, -28, 500, 0.00000, 0.00269
35873, -28, 500, 0.00000, 0.00304
35874, -28, 500, 0.00000, 0.00556
35875, -28, 500, 0.00000, -0.00235
35876, -28, 500, 0.00000, 0.00520
35877, -28, 500, 0.00000, 0.00484
35878, -28, 500, 0.00000, 0.00197
35879, -28, 500, 0.00000, 0.00233
35880, -28, 500, 0.00000, 0.00161
35881, -28, 500, 0.00000, 0.00161
35882, -28, 500, 0.00000, -0.00019
35883, -28, 500, 0.00000, 0.00376
35884, -28, 500, 0.00000, -0.00379
35885, -28, 500, 0.00000, -0.00163
35886, -28, 500, 0.00000, 0.00053
35887, -28, 500, 0.00000, 0.00376
35888, -28, 500, 0.00000, -0.00019
35889, -28, 500, 0.00000, -0.00127
35890, -28, 500, 0.00000, -0.00019
35891, -28, 500, 0.00000, 0.00017
35892, -28, 500, 0.00000, -0.00414
35893, -28, 500, 0.00000, 0.00017
35894, -28, 500, 0.00000, -0.00414
35895, -28, 500, 0.00000, -0.00558
35896, -28, 500, 0.00000, 0.00161
35897, -28, 500, 0.00000, 0.00125
35898, -28, 500, 0.00000, 0.00125
35899, -28, 500, 0.00000, -0.00127
35900, -28, 500, 0.00000, -0.00055
35901, -28, 500, 0.00000, -0.00450
35902, -28, 500, 0.00000, 0.00197
35903, -28, 500, 0.00000, 0.00089
35904, -28, 500, 0.00000, 0.00017
35905, -28, 500, 0.00000, -0.00055
35906, -28, 500, 0.00000, -0.00127
35907, -28, 500, 0.00000, 0.00161
35908, -28, 500, 0.00000, -0.00019
35909, -28, 500, 0.00000, -0.00594
35910, -28, 500, 0.00000, -0.00127
35911, -28, 500, 0.00000, -0.00163
35912, -28, 500, 0.00000, -0.00127
35913, -28, 500, 0.00000, 0.00197
35914, -28, 500, 0.00000, 0.00125
35915, -28, 500, 0.00000, -0.00199
35916, -28, 500, 0.00000, -0.00019
35917, -28, 500, 0.00000, -0.00414
35918, -28, 500, 0.00000, -0.00558
35919, -28, 500, 0.00000, -0.00163
35920, -28, 500, 0.00000, 0.00125
35921, -28, 500, 0.00000, -0.00414
35922, -28, 500, 0.00000, 0.00304
35923, -28, 500, 0.00000, 0.00089
35924, -28, 500, 0.00000, 0.00017
35925, -28, 500, 0.00000, -0.00630
35926, -28, 500, 0.00000, 0.00556
35927, -28, 500, 0.00000, -0.00055
35928, -28, 500, 0.00000, 0.00233
35929, -28, 500, 0.00000, 0.00197
35930, -28, 500, 0.00000, -0.00055
35931, -28, 500, 0.00000, -0.00271
35932, -28, 500, 0.00000, -0.00163
35933, -28, 500, 0.00000, -0.00019
35934, -28, 500, 0.00000, -0.00199
35935, -28, 500, 0.00000, -0.00091
35936, -28, 500, 0.00000, -0.00091
35937, -28, 500, 0.00000, -0.00019
35938, -28, 500, 0.00000, 0.00017
35939, -28, 500, 0.00000, -0.00235
35940, -28, 500, 0.00000, -0.00379
35941, -28, 500, 0.00000, -0.00091
35942, -28, 500, 0.00000, 0.00089
35943, -28, 500, 0.00000, -0.00127
35944, -28, 500, 0.00000, -0.00019
35945, -28, 500, 0.00000, -0.00954
35946, -28, 500, 0.00000, -0.00199
35947, -28, 500, 0.00000, -0.00019
35948, -28, 500, 0.00000, -0.00235
35949, -28, 500, 0.00000, -0.00558
35950, -28, 500, 0.00000, -0.00343
35951, -28, 500, 0.00000, 0.00161
35952, -28, 500, 0.00000, -0.00019
35953, -28, 500, 0.00000, 0.00233
35954, -28, 500, 0.00000, -0.00127
35955, -28, 500, 0.00000, -0.00019
35956, -28, 500, 0.00000, -0.00055
35957, -28, 500, 0.00000, -0.00019
35958, -28, 500, 0.00000, 0.00053
35959, -28, 500, 0.00000, 0.00089
35960, -28, 500, 0.00000, 0.00197
35961, -28, 500, 0.00000, -0.00091
35962, -28, 500, 0.00000, 0.00089
35963, -28, 500, 0.00000, 0.00304
35964, -28, 500, 0.00000, 0.00017
35965, -28, 500, 0.00000, -0.00127
35966, -28, 500, 0.00000, -0.00019
35967, -28, 500, 0.00000, -0.00019
35968, -28, 500, 0.00000, 0.00304
35969, -28, 500, 0.00000, -0.00055
35970, -28, 500, 0.00000, -0.00522
35971, -28, 500, 0.00000, 0.00197
35972, -28, 500, 0.00000, -0.00055
35973, -28, 500, 0.00000, -0.00163
35974, -28, 500, 0.00000, 0.00089
35975, -28, 500, 0.00000, 0.00017
35976, -28, 500, 0.00000, 0.00017
35977, -28, 500, 0.00000, -0.00127
35978, -28, 500, 0.00000, -0.00163
35979, -28, 500, 0.00000, -0.00091
35980, -28, 500, 0.00000, -0.00127
35981, -28, 500, 0.00000, 0.00161
35982, -28, 500, 0.00000, 0.00197
35983, -28, 500, 0.00000, -0.00235
35984, -28, 500, 0.00000, 0.00376
35985, -28, 500, 0.00000, -0.00127
35986, -28, 500, 0.00000, -0.00379
35987, -28, 500, 0.00000, -0.00307
35988, -28, 500, 0.00000, -0.00055
35989, -28, 500, 0.00000, 0.00017
35990, -28, 500, 0.00000, -0.00414
35991, -28, 500, 0.00000, -0.00558
35992, -28, 500, 0.00000, -0.00019
35993, -28, 500, 0.00000, 0.00089
35994, -28, 500, 0.00000, -0.00055
35995, -28, 500, 0.00000, -0.00558
35996, -28, 500, 0.00000, -0.00307
35997, -28, 500, 0.00000, -0.00055
35998, -28, 500, 0.00000, -0.00055
35999, -28, 500, 0.00000, -0.00199
36000, -28, 500, 0.00000, -0.00127
36001, -28, 500, 0.00000, -0.00091
36002, -28, 500, 0.00000, -0.00199
36003, -28, 500, 0.00000, 0.00125
36004, -28, 500, 0.00000, -0.00091
36005, -28, 500, 0.00000, 0.00053
36006, -28, 500, 0.00000, 0.00233
36007, -28, 500, 0.00000, 0.00376
36008, -28, 500, 0.00000, 0.00017
36009, -28, 500, 0.00000, 0.00340
36010, -28, 500, 0.00000, -0.00019
36011, -28, 500, 0.00000, -0.00235
36012, -28, 500, 0.00000, -0.00235
36013, -28, 500, 0.00000, 0.00017
36014, -28, 500, 0.00000, -0.00091
36015, -28, 500, 0.00000, -0.00091
36016, -28, 500, 0.00000, -0.00127
36017, -28, 500, 0.00000, -0.00055
36018, -28, 500, 0.00000, -0.00271
36019, -28, 500, 0.00000, 0.00125
36020, -28, 500, 0.00000, -0.00091
36021, -28, 500, 0.00000, -0.00091
36022, -28, 500, 0.00000, -0.00019
36023, -28, 500, 0.00000, -0.00199
36024, -28, 500, 0.00000, -0.00307
36025, -28, 500, 0.00000, 0.00161
36026, -28, 500, 0.00000, 0.00197
36027, -28, 500, 0.00000, 0.00053
36028, -28, 500, 0.00000, -0.00127
36029, -28, 500, 0.00000, 0.00269
36030, -28, 500, 0.00000, -0.00055
36031, -28, 500, 0.00000, -0.00307
36032, -28, 500, 0.00000, -0.00199
36033, -28, 500, 0.00000, 0.00340
36034, -28, 500, 0.00000, 0.00700
36035, -28, 500, 0.00000, -0.00235
36036, -28, 500, 0.00000, -0.00235
36037, -28, 500, 0.00000, 0.00304
36038, -28, 500, 0.00000, -0.00055
36039, -28, 500, 0.00000, -0.00019
36040, -28, 500, 0.00000, 0.00233
36041, -28, 500, 0.00000, -0.00055
36042, -28, 500, 0.00000, -0.00307
36043, -28, 500, 0.00000, -0.00486
36044, -28, 500, 0.00000, -0.00127
36045, -28, 500, 0.00000, 0.00197
36046, -28, 500, 0.00000, -0.00019
36047, -28, 500, 0.00000, 0.00017
36048, -28, 500, 0.00000, 0.00125
36049, -28, 500, 0.00000, 0.00089
36050, -28, 500, 0.00000, -0.00271
36051, -28, 500, 0.00000, -0.00199
36052, -28, 500, 0.00000, -0.00127
36053, -28, 500, 0.00000, 0.00089
36054, -28, 500, 0.00000, -0.00199
36055, -28, 500, 0.00000, -0.00055
36056, -28, 500, 0.00000, -0.00235
36057, -28, 500, 0.00000, 0.00161
36058, -28, 500, 0.00000, -0.00019
36059, -28, 500, 0.00000, 0.00161
36060, -28, 500, 0.00000, 0.00233
36061, -28, 500, 0.00000, -0.00055
36062, -28, 500, 0.00000, -0.00307
36063, -28, 500, 0.00000, -0.00127
36064, -28, 500, 0.00000, 0.00089
36065, -28, 500, 0.00000, -0.00055
36066, -28, 500, 0.00000, 0.00125
36067, -28, 500, 0.00000, 0.00161
36068, -28, 500, 0.00000, -0.00055
36069, -28, 500, 0.00000, -0.00055
36070, -28, 500, 0.00000, -0.00055
36071, -28, 500, 0.00000, -0.00271
36072, -28, 500, 0.00000, 0.00269
36073, -28, 500, 0.00000, -0.00091
36074, -28, 500, 0.00000, -0.00091
36075, -28, 500, 0.00000, -0.00235
36076, -28, 500, 0.00000, 0.00125
36077, -28, 500, 0.00000, -0.00127
36078, -28, 500, 0.00000, 0.00304
36079, -28, 500, 0.00000, -0.00127
36080, -28, 500, 0.00000, -0.00163
36081, -28, 500, 0.00000, 0.00053
36082, -28, 500, 0.00000, 0.00125
36083, -28, 500, 0.00000, 0.00089
36084, -28, 500, 0.00000, -0.00019
36085, -28, 500, 0.00000, -0.00163
36086, -28, 500, 0.00000, -0.00091
36087, -28, 500, 0.00000, -0.00091
36088, -28, 500, 0.00000, -0.00019
36089, -28, 500, 0.00000, 0.00161
36090, -28, 500, 0.00000, 0.00089
36091, -28, 500, 0.00000, -0.00127
36092, -28, 500, 0.00000, 0.00089
36093, -28, 500, 0.00000, -0.00163
36094, -28, 500, 0.00000, -0.00414
36095, -28, 500, 0.00000, 0.00125
36096, -28, 500, 0.00000, 0.00161
36097, -28, 500, 0.00000, -0.00091
36098, -28, 500, 0.00000, 0.00053
36099, -28, 500, 0.00000, 0.00197
36100, -28, 500, 0.00000, 0.00125
36101, -28, 500, 0.00000, -0.00019
36102, -28, 500, 0.00000, -0.00055
36103, -28, 500, 0.00000, -0.00127
36104, -28, 500, 0.00000, -0.00307
36105, -28, 500, 0.00000, -0.00127
36106, -28, 500, 0.00000, 0.00053
36107, -28, 500, 0.00000, -0.00091
36108, -28, 500, 0.00000, 0.00017
36109, -28, 500, 0.00000, 0.00089
36110, -28, 500, 0.00000, 0.00053
36111, -28, 500, 0.00000, -0.00019
36112, -28, 500, 0.00000, -0.00091
36113, -28, 500, 0.00000, 0.00089
36114, -28, 500, 0.00000, -0.00019
36115, -28, 500, 0.00000, -0.00235
36116, -28, 500, 0.00000, 0.00053
36117, -28, 500, 0.00000, -0.00091
36118, -28, 500, 0.00000, -0.00019
36119, -28, 500, 0.00000, 0.00017
36120, -28, 500, 0.00000, 0.00233
36121, -28, 500, 0.00000, 0.00197
36122, -28, 500, 0.00000, -0.00199
36123, -28, 500, 0.00000, -0.00774
36124, -28, 500, 0.00000, 0.00053
36125, -28, 500, 0.00000, 0.00161
36126, -28, 500, 0.00000, 0.00269
36127, -28, 500, 0.00000, 0.00017
36128, -28, 500, 0.00000, -0.00091
36129, -28, 500, 0.00000, 0.00017
36130, -28, 500, 0.00000, -0.00055
36131, -28, 500, 0.00000, 0.00125
36132, -28, 500, 0.00000, 0.00161
36133, -28, 500, 0.00000, -0.00414
36134, -28, 500, 0.00000, -0.00271
36135, -28, 500, 0.00000, 0.00053
36136, -28, 500, 0.00000, 0.00017
36137, -28, 500, 0.00000, 0.00017
36138, -28, 500, 0.00000, -0.00019
36139, -28, 500, 0.00000, -0.00019
36140, -28, 500, 0.00000, -0.00307
36141, -28, 500, 0.00000, 0.00017
36142, -28, 500, 0.00000, -0.00199
36143, -28, 500, 0.00000, -0.00271
36144, -28, 500, 0.00000, 0.00269
36145, -28, 500, 0.00000, -0.00019
36146, -28, 500, 0.00000, 0.00125
36147, -28, 500, 0.00000, -0.00019
36148, -28, 500, 0.00000, 0.00161
36149, -28, 500, 0.00000, 0.00664
36150, -28, 500, 0.00000, 0.00053
36151, -28, 500, 0.00000, -0.00271
36152, -28, 500, 0.00000, 0.00197
36153, -28, 500, 0.00000, 0.00017
36154, -28, 500, 0.00000, 0.00089
36155, -28, 500, 0.00000, 0.00125
36156, -28, 500, 0.00000, -0.00163
36157, -28, 500, 0.00000, -0.00091
36158, -28, 500, 0.00000, 0.00125
36159, -28, 500, 0.00000, 0.00197
36160, -28, 500, 0.00000, -0.00055
36161, -28, 500, 0.00000, -0.00235
36162, -28, 500, 0.00000, -0.00019
36163, -28, 500, 0.00000, 0.00197
36164, -28, 500, 0.00000, 0.00017
36165, -28, 500, 0.00000, -0.00235
36166, -28, 500, 0.00000, -0.00055
36167, -28, 500, 0.00000, 0.00053
36168, -28, 500, 0.00000, -0.00199
36169, -28, 500, 0.00000, -0.00019
36170, -28, 500, 0.00000, -0.00379
36171, -28, 500, 0.00000, 0.00161
36172, -28, 500, 0.00000, -0.00019
36173, -28, 500, 0.00000, 0.00053
36174, -28, 500, 0.00000, -0.00630
36175, -28, 500, 0.00000, 0.00556
36176, -28, 500, 0.00000, 0.00376
36177, -28, 500, 0.00000, 0.00017
36178, -28, 500, 0.00000, -0.00019
36179, -28, 500, 0.00000, -0.00379
36180, -28, 500, 0.00000, -0.00343
36181, -28, 500, 0.00000, 0.00125
36182, -28, 500, 0.00000, -0.00271
36183, -28, 500, 0.00000, 0.00017
36184, -28, 500, 0.00000, -0.00199
36185, -28, 500, 0.00000, 0.00269
36186, -28, 500, 0.00000, -0.00127
36187, -28, 500, 0.00000, -0.00450
36188, -28, 500, 0.00000, 0.00448
36189, -28, 500, 0.00000, -0.00271
36190, -28, 500, 0.00000, 0.00053
36191, -28, 500, 0.00000, 0.00053
36192, -28, 500, 0.00000, 0.00125
36193, -28, 500, 0.00000, -0.00271
36194, -28, 500, 0.00000, -0.00019
36195, -28, 500, 0.20000, -0.00199
36196, -28, 500, 0.20000, 0.00448
36197, -28, 500, 0.20000, 0.00520
36198, -28, 500, 0.20000, 0.01131
36199, -28, 500, 0.20000, 0.02066
36200, -28, 500, 0.20000, 0.02785
36201, -28, 500, 0.20000, 0.04151
36202, -28, 500, 0.20000, 0.05481
36203, -28, 500, 0.20000, 0.06343
36204, -28, 500, 0.20000, 0.08141
36205, -28, 500, 0.20000, 0.09722
36206, -28, 500, 0.20000, 0.11232
36207, -28, 500, 0.20000, 0.12849
36208, -28, 500, 0.20000, 0.13676
36209, -28, 500, 0.20000, 0.16049
36210, -28, 500, 0.20000, 0.16947
36211, -28, 500, 0.20000, 0.17486
36212, -28, 500, 0.20000, 0.18601
36213, -28, 500, 0.20000, 0.19427
36214, -28, 500, 0.20000, 0.20757
36215, -28, 500, 0.20000, 0.21081
36216, -28, 500, 0.20000, 0.21476
36217, -28, 500, 0.20000, 0.21872
36218, -28, 500, 0.20000, 0.21872
36219, -28, 500, 0.20000, 0.22339
36220, -28, 500, 0.20000, 0.22698
36221, -28, 500, 0.20000, 0.22662
36222, -28, 500, 0.20000, 0.22842
36223, -28, 500, 0.20000, 0.22734
36224, -28, 500, 0.20000, 0.22662
36225, -28, 500, 0.20000, 0.22662
36226, -28, 500, 0.20000, 0.22627
36227, -28, 500, 0.20000, 0.22231
36228, -28, 500, 0.20000, 0.22123
36229, -28, 500, 0.20000, 0.22339
36230, -28, 500, 0.20000, 0.22231
36231, -28, 500, 0.20000, 0.21656
36232, -28, 500, 0.20000, 0.21512
36233, -28, 500, 0.20000, 0.20829
36234, -28, 500, 0.20000, 0.21117
36235, -28, 500, 0.20000, 0.20901
36236, -28, 500, 0.20000, 0.20650
36237, -28, 500, 0.20000, 0.20038
36238, -28, 500, 0.20000, 0.20434
36239, -28, 500, 0.20000, 0.20110
36240, -28, 500, 0.20000, 0.19571
36241, -28, 500, 0.20000, 0.19643
36242, -28, 500, 0.20000, 0.19895
36243, -28, 500, 0.20000, 0.19607
36244, -28, 500, 0.20000, 0.19535
36245, -28, 500, 0.20000, 0.19607
36246, -28, 500, 0.20000, 0.19248
36247, -28, 500, 0.20000, 0.19571
36248, -28, 500, 0.20000, 0.19607
36249, -28, 500, 0.20000, 0.19895
36250, -28, 500, 0.20000, 0.19607
36251, -28, 500, 0.20000, 0.19607
36252, -28, 500, 0.20000, 0.19895
36253, -28, 500, 0.20000, 0.19535
36254, -28, 500, 0.20000, 0.19751
36255, -28, 500, 0.20000, 0.19607
36256, -28, 500, 0.20000, 0.19571
36257, -28, 500, 0.20000, 0.19931
36258, -28, 500, 0.20000, 0.19787
36259, -28, 500, 0.20000, 0.19751
36260, -28, 500, 0.20000, 0.19751
36261, -28, 500, 0.20000, 0.19355
36262, -28, 500, 0.20000, 0.19859
36263, -28, 500, 0.20000, 0.19967
36264, -28, 500, 0.20000, 0.19931
36265, -28, 500, 0.20000, 0.19715
36266, -28, 500, 0.20000, 0.20398
36267, -28, 500, 0.20000, 0.20074
36268, -28, 500, 0.20000, 0.20290
36269, -28, 500, 0.20000, 0.20110
36270, -28, 500, 0.20000, 0.20038
36271, -28, 500, 0.20000, 0.20038
36272, -28, 500, 0.20000, 0.19931
36273, -28, 500, 0.20000, 0.20002
36274, -28, 500, 0.20000, 0.20110
36275, -28, 500, 0.20000, 0.20434
36276, -28, 500, 0.20000, 0.19679
36277, -28, 500, 0.20000, 0.20110
36278, -28, 500, 0.20000, 0.20074
36279, -28, 500, 0.20000, 0.20002
36280, -28, 500, 0.20000, 0.20074
36281, -28, 500, 0.20000, 0.20002
36282, -28, 500, 0.20000, 0.19967
36283, -28, 500, 0.20000, 0.20110
36284, -28, 500, 0.20000, 0.20002
36285, -28, 500, 0.20000, 0.19859
36286, -28, 500, 0.20000, 0.19823
36287, -28, 500, 0.20000, 0.19823
36288, -28, 500, 0.20000, 0.20002
36289, -28, 500, 0.20000, 0.19823
36290, -28, 500, 0.20000, 0.19967
36291, -28, 500, 0.20000, 0.19823
36292, -28, 500, 0.20000, 0.19751
36293, -28, 500, 0.20000, 0.20182
36294, -28, 500, 0.20000, 0.20470
36295, -28, 500, 0.20000, 0.19823
36296, -28, 500, 0.20000, 0.19967
36297, -28, 500, 0.20000, 0.19571
36298, -28, 500, 0.20000, 0.20002
36299, -28, 500, 0.20000, 0.20074
36300, -28, 500, 0.20000, 0.20038
36301, -28, 500, 0.20000, 0.20146
36302, -28, 500, 0.20000, 0.19931
36303, -28, 500, 0.20000, 0.20254
36304, -28, 500, 0.20000, 0.20362
36305, -28, 500, 0.20000, 0.19715
36306, -28, 500, 0.20000, 0.19823
36307, -28, 500, 0.20000, 0.20182
36308, -28, 500, 0.20000, 0.20146
36309, -28, 500, 0.20000, 0.19715
36310, -28, 500, 0.20000, 0.19967
36311, -28, 500, 0.20000, 0.20074
36312, -28, 500, 0.20000, 0.19715
36313, -28, 500, 0.20000, 0.20110
36314, -28, 500, 0.20000, 0.20002
36315, -28, 500, 0.20000, 0.20074
36316, -28, 500, 0.20000, 0.20146
36317, -28, 500, 0.20000, 0.20362
36318, -28, 500, 0.20000, 0.20254
36319, -28, 500, 0.20000, 0.20038
36320, -28, 500, 0.20000, 0.19607
36321, -28, 500, 0.20000, 0.20290
36322, -28, 500, 0.20000, 0.19427
36323, -28, 500, 0.20000, 0.19823
36324, -28, 500, 0.20000, 0.19463
36325, -28, 500, 0.20000, 0.19787
36326, -28, 500, 0.20000, 0.20002
36327, -28, 500, 0.20000, 0.19715
36328, -28, 500, 0.20000, 0.20146
36329, -28, 500, 0.20000, 0.19643
36330, -28, 500, 0.20000, 0.20038
36331, -28, 500, 0.20000, 0.19895
36332, -28, 500, 0.20000, 0.20326
36333, -28, 500, 0.20000, 0.19859
36334, -28, 500, 0.20000, 0.20182
36335, -28, 500, 0.20000, 0.19571
36336, -28, 500, 0.20000, 0.19931
36337, -28, 500, 0.20000, 0.19895
36338, -28, 500, 0.20000, 0.19967
36339, -28, 500, 0.20000, 0.20074
36340, -28, 500, 0.20000, 0.19895
36341, -28, 500, 0.20000, 0.20038
36342, -28, 500, 0.20000, 0.19931
36343, -28, 500, 0.20000, 0.19967
36344, -28, 500, 0.20000, 0.19607
36345, -28, 500, 0.20000, 0.20110
36346, -28, 500, 0.20000, 0.19823
36347, -28, 500, 0.20000, 0.19751
36348, -28, 500, 0.20000, 0.19931
36349, -28, 500, 0.20000, 0.19895
36350, -28, 500, 0.20000, 0.19931
36351, -28, 500, 0.20000, 0.19895
36352, -28, 500, 0.20000, 0.19895
36353, -28, 500, 0.20000, 0.20038
36354, -28, 500, 0.20000, 0.19931
36355, -28, 500, 0.20000, 0.20038
36356, -28, 500, 0.20000, 0.19895
36357, -28, 500, 0.20000, 0.20074
36358, -28, 500, 0.20000, 0.19967
36359, -28, 500, 0.20000, 0.20074
36360, -28, 500, 0.20000, 0.19859
36361, -28, 500, 0.20000, 0.19823
36362, -28, 500, 0.20000, 0.19859
36363, -28, 500, 0.20000, 0.19535
36364, -28, 500, 0.20000, 0.19931
36365, -28, 500, 0.20000, 0.19823
36366, -28, 500, 0.20000, 0.19715
36367, -28, 500, 0.20000, 0.20182
36368, -28, 500, 0.20000, 0.19931
36369, -28, 500, 0.20000, 0.19967
36370, -28, 500, 0.20000, 0.19931
36371, -28, 500, 0.20000, 0.19931
36372, -28, 500, 0.20000, 0.19931
36373, -28, 500, 0.20000, 0.20038
36374, -28, 500, 0.20000, 0.20038
36375, -28, 500, 0.20000, 0.20074
36376, -28, 500, 0.20000, 0.20038
36377, -28, 500, 0.20000, 0.19715
36378, -28, 500, 0.20000, 0.19931
36379, -28, 500, 0.20000, 0.19176
36380, -28, 500, 0.20000, 0.19823
36381, -28, 500, 0.20000, 0.20182
36382, -28, 500, 0.20000, 0.19643
36383, -28, 500, 0.20000, 0.19787
36384, -28, 500, 0.20000, 0.19895
36385, -28, 500, 0.20000, 0.20038
36386, -28, 500, 0.20000, 0.20290
36387, -28, 500, 0.20000, 0.19967
36388, -28, 500, 0.20000, 0.19751
36389, -28, 500, 0.20000, 0.20182
36390, -28, 500, 0.20000, 0.20074
36391, -28, 500, 0.20000, 0.19931
36392, -28, 500, 0.20000, 0.19931
36393, -28, 500, 0.20000, 0.20074
36394, -28, 500, 0.20000, 0.19715
36395, -28, 500, 0.20000, 0.20182
36396, -28, 500, 0.20000, 0.19931
36397, -28, 500, 0.20000, 0.20074
36398, -28, 500, 0.20000, 0.20362
36399, -28, 500, 0.20000, 0.19931
36400, -28, 500, 0.20000, 0.19895
36401, -28, 500, 0.20000, 0.19967
36402, -28, 500, 0.20000, 0.19967
36403, -28, 500, 0.20000, 0.19895
36404, -28, 500, 0.20000, 0.19895
36405, -28, 500, 0.20000, 0.20074
36406, -28, 500, 0.20000, 0.19679
36407, -28, 500, 0.20000, 0.20146
36408, -28, 500, 0.20000, 0.19931
36409, -28, 500, 0.20000, 0.20290
36410, -28, 500, 0.20000, 0.19931
36411, -28, 500, 0.20000, 0.20038
36412, -28, 500, 0.20000, 0.20002
36413, -28, 500, 0.20000, 0.20002
36414, -28, 500, 0.20000, 0.20146
36415, -28, 500, 0.20000, 0.20218
36416, -28, 500, 0.20000, 0.19859
36417, -28, 500, 0.20000, 0.19751
36418, -28, 500, 0.20000, 0.20002
36419, -28, 500, 0.20000, 0.20326
36420, -28, 500, 0.20000, 0.19787
36421, -28, 500, 0.20000, 0.19355
36422, -28, 500, 0.20000, 0.19751
36423, -28, 500, 0.20000, 0.19679
36424, -28, 500, 0.20000, 0.20002
36425, -28, 500, 0.20000, 0.20182
36426, -28, 500, 0.20000, 0.20074
36427, -28, 500, 0.20000, 0.20290
36428, -28, 500, 0.20000, 0.19751
36429, -28, 500, 0.20000, 0.20110
36430, -28, 500, 0.20000, 0.20146
36431, -28, 500, 0.20000, 0.19751
36432, -28, 500, 0.20000, 0.20038
36433, -28, 500, 0.20000, 0.19895
36434, -28, 500, 0.20000, 0.20506
36435, -28, 500, 0.20000, 0.20254
36436, -28, 500, 0.20000, 0.19895
36437, -28, 500, 0.20000, 0.20038
36438, -28, 500, 0.20000, 0.20074
36439, -28, 500, 0.20000, 0.20074
36440, -28, 500, 0.20000, 0.19895
36441, -28, 500, 0.20000, 0.20002
36442, -28, 500, 0.20000, 0.19859
36443, -28, 500, 0.20000, 0.20182
36444, -28, 500, 0.20000, 0.19643
36445, -28, 500, 0.20000, 0.20290
36446, -28, 500, 0.20000, 0.19787
36447, -28, 500, 0.20000, 0.20326
36448, -28, 500, 0.20000, 0.20074
36449, -28, 500, 0.20000, 0.19859
36450, -28, 500, 0.20000, 0.19931
36451, -28, 500, 0.20000, 0.20146
36452, -28, 500, 0.20000, 0.19859
36453, -28, 500, 0.20000, 0.19571
36454, -28, 500, 0.20000, 0.20002
36455, -28, 500, 0.20000, 0.20038
36456, -28, 500, 0.20000, 0.19751
36457, -28, 500, 0.20000, 0.19715
36458, -28, 500, 0.20000, 0.20002
36459, -28, 500, 0.20000, 0.19751
36460, -28, 500, 0.20000, 0.20146
36461, -28, 500, 0.20000, 0.20074
36462, -28, 500, 0.20000, 0.20218
36463, -28, 500, 0.20000, 0.19967
36464, -28, 500, 0.20000, 0.19895
36465, -28, 500, 0.20000, 0.19751
36466, -28, 500, 0.20000, 0.20146
36467, -28, 500, 0.20000, 0.20182
36468, -28, 500, 0.20000, 0.20002
36469, -28, 500, 0.20000, 0.20110
36470, -28, 500, 0.20000, 0.19463
36471, -28, 500, 0.20000, 0.19751
36472, -28, 500, 0.20000, 0.19931
36473, -28, 500, 0.20000, 0.20218
36474, -28, 500, 0.20000, 0.18457
36475, -28, 500, 0.20000, 0.19895
36476, -28, 500, 0.20000, 0.20182
36477, -28, 500, 0.20000, 0.19931
36478, -28, 500, 0.20000, 0.19715
36479, -28, 500, 0.20000, 0.20074
36480, -28, 500, 0.20000, 0.20074
36481, -28, 500, 0.20000, 0.20002
36482, -28, 500, 0.20000, 0.19248
36483, -28, 500, 0.20000, 0.19751
36484, -28, 500, 0.20000, 0.19751
36485, -28, 500, 0.20000, 0.19895
36486, -28, 500, 0.20000, 0.20038
36487, -28, 500, 0.20000, 0.19967
36488, -28, 500, 0.20000, 0.20182
36489, -28, 500, 0.20000, 0.19859
36490, -28, 500, 0.20000, 0.20038
36491, -28, 500, 0.20000, 0.20002
36492, -28, 500, 0.20000, 0.20182
36493, -28, 500, 0.20000, 0.20038
36494, -28, 500, 0.20000, 0.20182
36495, -28, 500, 0.20000, 0.20038
36496, -28, 500, 0.20000, 0.20254
36497, -28, 500, 0.20000, 0.20002
36498, -28, 500, 0.20000, 0.19895
36499, -28, 500, 0.20000, 0.20182
36500, -28, 500, 0.20000, 0.19931
36501, -28, 500, 0.20000, 0.19967
36502, -28, 500, 0.20000, 0.19895
36503, -28, 500, 0.20000, 0.20002
36504, -28, 500, 0.20000, 0.20074
36505, -28, 500, 0.20000, 0.19967
36506, -28, 500, 0.20000, 0.20038
36507, -28, 500, 0.20000, 0.19859
36508, -28, 500, 0.20000, 0.19823
36509, -28, 500, 0.20000, 0.20110
36510, -28, 500, 0.20000, 0.20038
36511, -28, 500, 0.20000, 0.19823
36512, -28, 500, 0.20000, 0.19859
36513, -28, 500, 0.20000, 0.19787
36514, -28, 500, 0.20000, 0.20002
36515, -28, 500, 0.20000, 0.19931
36516, -28, 500, 0.20000, 0.20038
36517, -28, 500, 0.20000, 0.19931
36518, -28, 500, 0.20000, 0.19967
36519, -28, 500, 0.20000, 0.20110
36520, -28, 500, 0.20000, 0.19751
36521, -28, 500, 0.20000, 0.20146
36522, -28, 500, 0.20000, 0.19931
36523, -28, 500, 0.20000, 0.19967
36524, -28, 500, 0.20000, 0.19643
36525, -28, 500, 0.20000, 0.19751
36526, -28, 500, 0.20000, 0.20182
36527, -28, 500, 0.20000, 0.20146
36528, -28, 500, 0.20000, 0.19751
36529, -28, 500, 0.20000, 0.19751
36530, -28, 500, 0.20000, 0.19427
36531, -28, 500, 0.20000, 0.20218
36532, -28, 500, 0.20000, 0.19787
36533, -28, 500, 0.20000, 0.19679
36534, -28, 500, 0.20000, 0.20218
36535, -28, 500, 0.20000, 0.19895
36536, -28, 500, 0.20000, 0.19967
36537, -28, 500, 0.20000, 0.19391
36538, -28, 500, 0.20000, 0.19751
36539, -28, 500, 0.20000, 0.19859
36540, -28, 500, 0.20000, 0.20002
36541, -28, 500, 0.20000, 0.19715
36542, -28, 500, 0.20000, 0.20182
36543, -28, 500, 0.20000, 0.20146
36544, -28, 500, 0.20000, 0.19787
36545, -28, 500, 0.20000, 0.19967
36546, -28, 500, 0.20000, 0.19823
36547, -28, 500, 0.20000, 0.20218
36548, -28, 500, 0.20000, 0.19823
36549, -28, 500, 0.20000, 0.19967
36550, -28, 500, 0.20000, 0.19895
36551, -28, 500, 0.20000, 0.20506
36552, -28, 500, 0.20000, 0.19931
36553, -28, 500, 0.20000, 0.19823
36554, -28, 500, 0.20000, 0.20362
36555, -28, 500, 0.20000, 0.19859
36556, -28, 500, 0.20000, 0.20002
36557, -28, 500, 0.20000, 0.19607
36558, -28, 500, 0.20000, 0.19967
36559, -28, 500, 0.20000, 0.20398
36560, -28, 500, 0.20000, 0.20290
36561, -28, 500, 0.20000, 0.20290
36562, -28, 500, 0.20000, 0.20614
36563, -28, 500, 0.20000, 0.20038
36564, -28, 500, 0.20000, 0.19967
36565, -28, 500, 0.20000, 0.19895
36566, -28, 500, 0.20000, 0.20326
36567, -28, 500, 0.20000, 0.19823
36568, -28, 500, 0.20000, 0.20002
36569, -28, 500, 0.20000, 0.20002
36570, -28, 500, 0.20000, 0.20254
36571, -28, 500, 0.20000, 0.20002
36572, -28, 500, 0.20000, 0.19859
36573, -28, 500, 0.20000, 0.19895
36574, -28, 500, 0.20000, 0.19895
36575, -28, 500, 0.00000, 0.20074
36576, -28, 500, 0.00000, 0.20326
36577, -28, 500, 0.00000, 0.19499
36578, -28, 500, 0.00000, 0.18924
36579, -28, 500, 0.00000, 0.18097
36580, -28, 500, 0.00000, 0.16875
36581, -28, 500, 0.00000, 0.15761
36582, -28, 500, 0.00000, 0.14287
36583, -28, 500, 0.00000, 0.12993
36584, -28, 500, 0.00000, 0.11879
36585, -28, 500, 0.00000, 0.10082
36586, -28, 500, 0.00000, 0.08644
36587, -28, 500, 0.00000, 0.07350
36588, -28, 500, 0.00000, 0.06235
36589, -28, 500, 0.00000, 0.04726
36590, -28, 500, 0.00000, 0.03540
36591, -28, 500, 0.00000, 0.02281
36592, -28, 500, 0.00000, 0.01563
36593, -28, 500, 0.00000, 0.00125
36594, -28, 500, 0.00000, -0.00307
36595, -28, 500, 0.00000, -0.01169
36596, -28, 500, 0.00000, -0.01960
36597, -28, 500, 0.00000, -0.02032
36598, -28, 500, 0.00000, -0.02751
36599, -28, 500, 0.00000, -0.02607
36600, -28, 500, 0.00000, -0.02499
36601, -28, 500, 0.00000, -0.04332
36602, -28, 500, 0.00000, -0.02967
36603, -28, 500, 0.00000, -0.03003
36604, -28, 500, 0.00000, -0.02895
36605, -28, 500, 0.00000, -0.02751
36606, -28, 500, 0.00000, -0.02787
36607, -28, 500, 0.00000, -0.02391
36608, -28, 500, 0.00000, -0.02212
36609, -28, 500, 0.00000, -0.02212
36610, -28, 500, 0.00000, -0.01780
36611, -28, 500, 0.00000, -0.01421
36612, -28, 500, 0.00000, -0.01385
36613, -28, 500, 0.00000, -0.01313
36614, -28, 500, 0.00000, -0.00774
36615, -28, 500, 0.00000, -0.01097
36616, -28, 500, 0.00000, -0.00271
36617, -28, 500, 0.00000, -0.00379
36618, -28, 500, 0.00000, -0.00055
36619, -28, 500, 0.00000, 0.00089
36620, -28, 500, 0.00000, 0.00161
36621, -28, 500, 0.00000, 0.00664
36622, -28, 500, 0.00000, 0.00161
36623, -28, 500, 0.00000, 0.00376
36624, -28, 500, 0.00000, 0.00269
36625, -28, 500, 0.00000, 0.00376
36626, -28, 500, 0.00000, 0.00448
36627, -28, 500, 0.00000, 0.00376
36628, -28, 500, 0.00000, 0.00412
36629, -28, 500, 0.00000, 0.00880
36630, -28, 500, 0.00000, 0.00304
36631, -28, 500, 0.00000, 0.00628
36632, -28, 500, 0.00000, 0.00664
36633, -28, 500, 0.00000, 0.00340
36634, -28, 500, 0.00000, 0.00304
36635, -28, 500, 0.00000, 0.00376
36636, -28, 500, 0.00000, 0.00161
36637, -28, 500, 0.00000, 0.00304
36638, -28, 500, 0.00000, 0.00161
36639, -28, 500, 0.00000, 0.00233
36640, -28, 500, 0.00000, -0.00019
36641, -28, 500, 0.00000, -0.00163
36642, -28, 500, 0.00000, -0.00163
36643, -28, 500, 0.00000, -0.00307
36644, -28, 500, 0.00000, 0.00089
36645, -28, 500, 0.00000, -0.00271
36646, -28, 500, 0.00000, -0.00127
36647, -28, 500, 0.00000, -0.00127
36648, -28, 500, 0.00000, -0.00127
36649, -28, 500, 0.00000, 0.00017
36650, -28, 500, 0.00000, -0.00091
36651, -28, 500, 0.00000, -0.00235
36652, -28, 500, 0.00000, -0.00235
36653, -28, 500, 0.00000, -0.00055
36654, -28, 500, 0.00000, 0.00269
36655, -28, 500, 0.00000, -0.00235
36656, -28, 500, 0.00000, -0.00055
36657, -28, 500, 0.00000, 0.00053
36658, -28, 500, 0.00000, 0.00017
36659, -28, 500, 0.00000, -0.00163
36660, -28, 500, 0.00000, -0.00343
36661, -28, 500, 0.00000, -0.00127
36662, -28, 500, 0.00000, 0.00089
36663, -28, 500, 0.00000, 0.00017
36664, -28, 500, 0.00000, -0.00091
36665, -28, 500, 0.00000, 0.00053
36666, -28, 500, 0.00000, 0.00233
36667, -28, 500, 0.00000, -0.00199
36668, -28, 500, 0.00000, -0.00055
36669, -28, 500, 0.00000, -0.00163
36670, -28, 500, 0.00000, -0.00163
36671, -28, 500, 0.00000, -0.00343
36672, -28, 500, 0.00000, 0.00376
36673, -28, 500, 0.00000, -0.00271
36674, -28, 500, 0.00000, 0.00161
36675, -28, 500, 0.00000, 0.00233
36676, -28, 500, 0.00000, 0.00089
36677, -28, 500, 0.00000, 0.00053
36678, -28, 500, 0.00000, 0.00125
36679, -28, 500, 0.00000, 0.00053
36680, -28, 500, 0.00000, 0.00197
36681, -28, 500, 0.00000, 0.00089
36682, -28, 500, 0.00000, -0.00019
36683, -28, 500, 0.00000, 0.00125
36684, -28, 500, 0.00000, 0.00340
36685, -28, 500, 0.00000, 0.00197
36686, -28, 500, 0.00000, -0.00163
36687, -28, 500, 0.00000, -0.00055
36688, -28, 500, 0.00000, 0.00304
36689, -28, 500, 0.00000, -0.00235
36690, -28, 500, 0.00000, -0.00091
36691, -28, 500, 0.00000, -0.00127
36692, -28, 500, 0.00000, 0.00125
36693, -28, 500, 0.00000, -0.00055
36694, -28, 500, 0.00000, 0.00233
36695, -28, 500, 0.00000, -0.00019
36696, -28, 500, 0.00000, 0.00017
36697, -28, 500, 0.00000, 0.00053
36698, -28, 500, 0.00000, -0.00307
36699, -28, 500, 0.00000, -0.00127
36700, -28, 500, 0.00000, 0.00017
36701, -28, 500, 0.00000, 0.00269
36702, -28, 500, 0.00000, -0.00019
36703, -28, 500, 0.00000, -0.00091
36704, -28, 500, 0.00000, 0.00017
36705, -28, 500, 0.00000, -0.00127
36706, -28, 500, 0.00000, -0.00235
36707, -28, 500, 0.00000, -0.00882
36708, -28, 500, 0.00000, -0.00558
36709, -28, 500, 0.00000, -0.00055
36710, -28, 500, 0.00000, 0.00233
36711, -28, 500, 0.00000, 0.00484
36712, -28, 500, 0.00000, 0.00161
36713, -28, 500, 0.00000, 0.00161
36714, -28, 500, 0.00000, -0.00091
36715, -28, 500, 0.00000, -0.00091
36716, -28, 500, 0.00000, -0.00163
36717, -28, 500, 0.00000, 0.00233
36718, -28, 500, 0.00000, 0.00017
36719, -28, 500, 0.00000, 0.00053
36720, -28, 500, 0.00000, -0.00486
36721, -28, 500, 0.00000, 0.00089
36722, -28, 500, 0.00000, -0.00163
36723, -28, 500, 0.00000, -0.00055
36724, -28, 500, 0.00000, -0.00127
36725, -28, 500, 0.00000, -0.00055
36726, -28, 500, 0.00000, -0.00055
36727, -28, 500, 0.00000, -0.00343
36728, -28, 500, 0.00000, 0.00269
36729, -28, 500, 0.00000, -0.00307
36730, -28, 500, 0.00000, 0.00376
36731, -28, 500, 0.00000, -0.00163
36732, -28, 500, 0.00000, 0.00017
36733, -28, 500, 0.00000, 0.00089
36734, -28, 500, 0.00000, -0.00019
36735, -28, 500, 0.00000, -0.00127
36736, -28, 500, 0.00000, 0.00233
36737, -28, 500, 0.00000, -0.00127
36738, -28, 500, 0.00000, -0.00055
36739, -28, 500, 0.00000, -0.00091
36740, -28, 500, 0.00000, 0.00053
36741, -28, 500, 0.00000, -0.00235
36742, -28, 500, 0.00000, -0.00091
36743, -28, 500, 0.00000, -0.00055
36744, -28, 500, 0.00000, -0.00343
36745, -28, 500, 0.00000, 0.00269
36746, -28, 500, 0.00000, -0.00199
36747, -28, 500, 0.00000, 0.00053
36748, -28, 500, 0.00000, -0.00019
36749, -28, 500, 0.00000, -0.00127
36750, -28, 500, 0.00000, -0.00379
36751, -28, 500, 0.00000, -0.00019
36752, -28, 500, 0.00000, 0.00017
36753, -28, 500, 0.00000, -0.00055
36754, -28, 500, 0.00000, -0.00199
36755, -28, 500, 0.00000, -0.00019
36756, -28, 500, 0.00000, 0.00089
36757, -28, 500, 0.00000, -0.00271
36758, -28, 500, 0.00000, -0.00055
36759, -28, 500, 0.00000, 0.00233
36760, -28, 500, 0.00000, 0.00161
36761, -28, 500, 0.00000, 0.00340
36762, -28, 500, 0.00000, 0.00233
36763, -28, 500, 0.00000, -0.00091
36764, -28, 500, 0.00000, 0.00233
36765, -28, 500, 0.00000, 0.00053
36766, -28, 500, 0.00000, -0.00235
36767, -28, 500, 0.00000, 0.00269
36768, -28, 500, 0.00000, -0.00163
36769, -28, 500, 0.00000, -0.00127
36770, -28, 500, 0.00000, -0.00019
36771, -28, 500, 0.00000, 0.00125
36772, -28, 500, 0.00000, -0.00127
36773, -28, 500, 0.00000, -0.00091
36774, -28, 500, 0.00000, 0.00017
36775, -28, 500, 0.00000, 0.00484
36776, -28, 500, 0.00000, 0.00017
36777, -28, 500, 0.00000, -0.00091
36778, -28, 500, 0.00000, 0.00053
36779, -28, 500, 0.00000, -0.00091
36780, -28, 500, 0.00000, -0.00019
36781, -28, 500, 0.00000, -0.00450
36782, -28, 500, 0.00000, 0.00017
36783, -28, 500, 0.00000, -0.00091
36784, -28, 500, 0.00000, -0.00199
36785, -28, 500, 0.00000, -0.00091
36786, -28, 500, 0.00000, -0.00019
36787, -28, 500, 0.00000, 0.00089
36788, -28, 500, 0.00000, 0.00269
36789, -28, 500, 0.00000, -0.00019
36790, -28, 500, 0.00000, -0.00307
36791, -28, 500, 0.00000, 0.00197
36792, -28, 500, 0.00000, -0.00127
36793, -28, 500, 0.00000, -0.00199
36794, -28, 500, 0.00000, 0.00412
36795, -28, 500, 0.00000, 0.00053
36796, -28, 500, 0.00000, 0.00269
36797, -28, 500, 0.00000, 0.00053
36798, -28, 500, 0.00000, 0.00376
36799, -28, 500, 0.00000, -0.01277
36800, -28, 500, 0.00000, 0.00089
36801, -28, 500, 0.00000, 0.00197
36802, -28, 500, 0.00000, 0.00304
36803, -28, 500, 0.00000, 0.00197
36804, -28, 500, 0.00000, 0.00125
36805, -28, 500, 0.00000, 0.00125
36806, -28, 500, 0.00000, 0.00125
36807, -28, 500, 0.00000, -0.00055
36808, -28, 500, 0.00000, 0.00161
36809, -28, 500, 0.00000, -0.00127
36810, -28, 500, 0.00000, 0.00269
36811, -28, 500, 0.00000, -0.00127
36812, -28, 500, 0.00000, 0.00125
36813, -28, 500, 0.00000, -0.00271
36814, -28, 500, 0.00000, -0.00522
36815, -28, 500, 0.00000, 0.00053
36816, -28, 500, 0.00000, -0.00235
36817, -28, 500, 0.00000, 0.00340
36818, -28, 500, 0.00000, 0.00017
36819, -28, 500, 0.00000, -0.00019
36820, -28, 500, 0.00000, -0.00055
36821, -28, 500, 0.00000, 0.00053
36822, -28, 500, 0.00000, -0.00343
36823, -28, 500, 0.00000, 0.00089
36824, -28, 500, 0.00000, 0.00161
36825, -28, 500, 0.00000, -0.00127
36826, -28, 500, 0.00000, 0.00053
36827, -28, 500, 0.00000, -0.00127
36828, -28, 500, 0.00000, 0.00233
36829, -28, 500, 0.00000, -0.00055
36830, -28, 500, 0.00000, 0.00053
36831, -28, 500, 0.00000, -0.00127
36832, -28, 500, 0.00000, -0.00774
36833, -28, 500, 0.00000, -0.00055
36834, -28, 500, 0.00000, 0.00017
36835, -28, 500, 0.00000, -0.00199
36836, -28, 500, 0.00000, -0.00127
36837, -28, 500, 0.00000, 0.00376
36838, -28, 500, 0.00000, 0.00089
36839, -28, 500, 0.00000, -0.00127
36840, -28, 500, 0.00000, -0.00055
36841, -28, 500, 0.00000, -0.00163
36842, -28, 500, 0.00000, -0.00199
36843, -28, 500, 0.00000, 0.00125
36844, -28, 500, 0.00000, 0.00197
36845, -28, 500, 0.00000, 0.00125
36846, -28, 500, 0.00000, 0.00161
36847, -28, 500, 0.00000, 0.00017
36848, -28, 500, 0.00000, 0.00197
36849, -28, 500, 0.00000, 0.00161
36850, -28, 500, 0.00000, -0.00127
36851, -28, 500, 0.00000, 0.00089
36852, -28, 500, 0.00000, -0.00271
36853, -28, 500, 0.00000, 0.00125
36854, -28, 500, 0.00000, -0.00019
36855, -28, 500, 0.00000, -0.00055
36856, -28, 500, 0.00000, 0.00017
36857, -28, 500, 0.00000, -0.00235
36858, -28, 500, 0.00000, 0.00017
36859, -28, 500, 0.00000, -0.00019
36860, -28, 500, 0.00000, -0.00019
36861, -28, 500, 0.00000, -0.00163
36862, -28, 500, 0.00000, 0.00125
36863, -28, 500, 0.00000, 0.00017
36864, -28, 500, 0.00000, 0.00053
36865, -28, 500, 0.00000, -0.00055
36866, -28, 500, 0.00000, -0.00163
36867, -28, 500, 0.00000, -0.00091
36868, -28, 500, 0.00000, -0.00019
36869, -28, 500, 0.00000, -0.00055
36870, -28, 500, 0.00000, -0.00091
36871, -28, 500, 0.00000, -0.00091
36872, -28, 500, 0.00000, 0.00304
36873, -28, 500, 0.00000, -0.00199
36874, -28, 500, 0.00000, 0.00233
36875, -28, 500, 0.00000, 0.00233
36876, -28, 500, 0.00000, -0.00055
36877, -28, 500, 0.00000, -0.00019
36878, -28, 500, 0.00000, 0.00304
36879, -28, 500, 0.00000, 0.00053
36880, -28, 500, 0.00000, 0.00197
36881, -28, 500, 0.00000, -0.00163
36882, -28, 500, 0.00000, -0.00091
36883, -28, 500, 0.00000, 0.00197
36884, -28, 500, 0.00000, -0.00235
36885, -28, 500, 0.00000, -0.00019
36886, -28, 500, 0.00000, 0.00161
36887, -28, 500, 0.00000, 0.00053
36888, -28, 500, 0.00000, 0.00269
36889, -28, 500, 0.00000, -0.00127
36890, -28, 500, 0.00000, -0.00127
36891, -28, 500, 0.00000, -0.00055
36892, -28, 500, 0.00000, -0.00558
36893, -28, 500, 0.00000, -0.00055
36894, -28, 500, 0.00000, 0.00161
36895, -28, 500, 0.00000, -0.00271
36896, -28, 500, 0.00000, 0.00053
36897, -28, 500, 0.00000, 0.00161
36898, -28, 500, 0.00000, -0.00055
36899, -28, 500, 0.00000, 0.00125
36900, -28, 500, 0.00000, -0.00343
36901, -28, 500, 0.00000, -0.00019
36902, -28, 500, 0.00000, -0.00019
36903, -28, 500, 0.00000, 0.00161
36904, -28, 500, 0.00000, -0.00235
36905, -28, 500, 0.00000, -0.00163
36906, -28, 500, 0.00000, -0.00199
36907, -28, 500, 0.00000, 0.00053
36908, -28, 500, 0.00000, 0.00089
36909, -28, 500, 0.00000, -0.00271
36910, -28, 500, 0.00000, -0.00127
36911, -28, 500, 0.00000, -0.00307
36912, -28, 500, 0.00000, 0.00053
36913, -28, 500, 0.00000, 0.00017
36914, -28, 500, 0.00000, 0.00053
36915, -28, 500, 0.00000, -0.00414
36916, -28, 500, 0.00000, -0.00055
36917, -28, 500, 0.00000, 0.00233
36918, -28, 500, 0.00000, 0.00197
36919, -28, 500, 0.00000, -0.00055
36920, -28, 500, 0.00000, 0.00017
36921, -28, 500, 0.00000, 0.00340
36922, -28, 500, 0.00000, 0.00161
36923, -28, 500, 0.00000, -0.00055
36924, -28, 500, 0.00000, -0.00235
36925, -28, 500, 0.00000, 0.00161
36926, -28, 500, 0.00000, 0.00053
36927, -28, 500, 0.00000, 0.00125
36928, -28, 500, 0.00000, -0.00055
36929, -28, 500, 0.00000, -0.00307
36930, -28, 500, 0.00000, -0.00307
36931, -28, 500, 0.00000, -0.00558
36932, -28, 500, 0.00000, 0.00161
36933, -28, 500, 0.00000, 0.00053
36934, -28, 500, 0.00000, -0.00343
36935, -28, 500, 0.00000, -0.00558
36936, -28, 500, 0.00000, -0.00379
36937, -28, 500, 0.00000, -0.00019
36938, -28, 500, 0.00000, 0.00161
36939, -28, 500, 0.00000, 0.00053
36940, -28, 500, 0.00000, 0.00304
36941, -28, 500, 0.00000, -0.00343
36942, -28, 500, 0.00000, 0.00017
36943, -28, 500, 0.00000, -0.00379
36944, -28, 500, 0.00000, 0.00412
36945, -28, 500, 0.00000, -0.00055
36946, -28, 500, 0.00000, 0.00017
36947, -28, 500, 0.00000, 0.00125
36948, -28, 500, 0.00000, 0.00197
36949, -28, 500, 0.00000, 0.00089
36950, -28, 500, 0.20000, -0.00199
36951, -28, 500, 0.20000, 0.00448
36952, -28, 500, 0.20000, 0.00304
36953, -28, 500, 0.20000, 0.00987
36954, -28, 500, 0.20000, 0.02497
36955, -28, 500, 0.20000, 0.02928
36956, -28, 500, 0.20000, 0.03683
36957, -28, 500, 0.20000, 0.04798
36958, -28, 500, 0.20000, 0.07026
36959, -28, 500, 0.20000, 0.08212
36960, -28, 500, 0.20000, 0.09255
36961, -28, 500, 0.20000, 0.11160
36962, -28, 500, 0.20000, 0.12274
36963, -28, 500, 0.20000, 0.14143
36964, -28, 500, 0.20000, 0.15258
36965, -28, 500, 0.20000, 0.16408
36966, -28, 500, 0.20000, 0.17343
36967, -28, 500, 0.20000, 0.18349
36968, -28, 500, 0.20000, 0.19427
36969, -28, 500, 0.20000, 0.19859
36970, -28, 500, 0.20000, 0.20757
36971, -28, 500, 0.20000, 0.21440
36972, -28, 500, 0.20000, 0.22267
36973, -28, 500, 0.20000, 0.22267
36974, -28, 500, 0.20000, 0.22411
36975, -28, 500, 0.20000, 0.22519
36976, -28, 500, 0.20000, 0.22842
36977, -28, 500, 0.20000, 0.22698
36978, -28, 500, 0.20000, 0.22950
36979, -28, 500, 0.20000, 0.23094
36980, -28, 500, 0.20000, 0.22986
36981, -28, 500, 0.20000, 0.22662
36982, -28, 500, 0.20000, 0.22519
36983, -28, 500, 0.20000, 0.21944
36984, -28, 500, 0.20000, 0.21979
36985, -28, 500, 0.20000, 0.21836
36986, -28, 500, 0.20000, 0.21548
36987, -28, 500, 0.20000, 0.21404
36988, -28, 500, 0.20000, 0.21440
36989, -28, 500, 0.20000, 0.20865
36990, -28, 500, 0.20000, 0.20793
36991, -28, 500, 0.20000, 0.20578
36992, -28, 500, 0.20000, 0.20506
36993, -28, 500, 0.20000, 0.20218
36994, -28, 500, 0.20000, 0.20326
36995, -28, 500, 0.20000, 0.19823
36996, -28, 500, 0.20000, 0.19895
36997, -28, 500, 0.20000, 0.19463
36998, -28, 500, 0.20000, 0.19248
36999, -28, 500, 0.20000, 0.19967
37000, -28, 500, 0.20000, 0.19859
37001, -28, 500, 0.20000, 0.19643
37002, -28, 500, 0.20000, 0.19859
37003, -28, 500, 0.20000, 0.19643
37004, -28, 500, 0.20000, 0.20038
37005, -28, 500, 0.20000, 0.19859
37006, -28, 500, 0.20000, 0.19679
37007, -28, 500, 0.20000, 0.19715
37008, -28, 500, 0.20000, 0.19571
37009, -28, 500, 0.20000, 0.19715
37010, -28, 500, 0.20000, 0.19643
37011, -28, 500, 0.20000, 0.19463
37012, -28, 500, 0.20000, 0.19643
37013, -28, 500, 0.20000, 0.19607
37014, -28, 500, 0.20000, 0.19715
37015, -28, 500, 0.20000, 0.19679
37016, -28, 500, 0.20000, 0.19895
37017, -28, 500, 0.20000, 0.19751
37018, -28, 500, 0.20000, 0.20074
37019, -28, 500, 0.20000, 0.19895
37020, -28, 500, 0.20000, 0.19895
37021, -28, 500, 0.20000, 0.19751
37022, -28, 500, 0.20000, 0.19823
37023, -28, 500, 0.20000, 0.19895
37024, -28, 500, 0.20000, 0.19931
37025, -28, 500, 0.20000, 0.20002
37026, -28, 500, 0.20000, 0.20110
37027, -28, 500, 0.20000, 0.19715
37028, -28, 500, 0.20000, 0.20038
37029, -28, 500, 0.20000, 0.20110
37030, -28, 500, 0.20000, 0.20254
37031, -28, 500, 0.20000, 0.20182
37032, -28, 500, 0.20000, 0.19967
37033, -28, 500, 0.20000, 0.19787
37034, -28, 500, 0.20000, 0.20146
37035, -28, 500, 0.20000, 0.20182
37036, -28, 500, 0.20000, 0.20002
37037, -28, 500, 0.20000, 0.20254
37038, -28, 500, 0.20000, 0.20002
37039, -28, 500, 0.20000, 0.20002
37040, -28, 500, 0.20000, 0.20290
37041, -28, 500, 0.20000, 0.20038
37042, -28, 500, 0.20000, 0.20002
37043, -28, 500, 0.20000, 0.20110
37044, -28, 500, 0.20000, 0.20182
37045, -28, 500, 0.20000, 0.19715
37046, -28, 500, 0.20000, 0.19859
37047, -28, 500, 0.20000, 0.20146
37048, -28, 500, 0.20000, 0.20074
37049, -28, 500, 0.20000, 0.19679
37050, -28, 500, 0.20000, 0.20074
37051, -28, 500, 0.20000, 0.20290
37052, -28, 500, 0.20000, 0.20146
37053, -28, 500, 0.20000, 0.20074
37054, -28, 500, 0.20000, 0.19931
37055, -28, 500, 0.20000, 0.20182
37056, -28, 500, 0.20000, 0.20398
37057, -28, 500, 0.20000, 0.19751
37058, -28, 500, 0.20000, 0.19643
37059, -28, 500, 0.20000, 0.20002
37060, -28, 500, 0.20000, 0.20074
37061, -28, 500, 0.20000, 0.20074
37062, -28, 500, 0.20000, 0.20218
37063, -28, 500, 0.20000, 0.19823
37064, -28, 500, 0.20000, 0.20182
37065, -28, 500, 0.20000, 0.20614
37066, -28, 500, 0.20000, 0.20002
37067, -28, 500, 0.20000, 0.19751
37068, -28, 500, 0.20000, 0.19895
37069, -28, 500, 0.20000, 0.19859
37070, -28, 500, 0.20000, 0.20038
37071, -28, 500, 0.20000, 0.20002
37072, -28, 500, 0.20000, 0.19895
37073, -28, 500, 0.20000, 0.19931
37074, -28, 500, 0.20000, 0.2