0.00017
24165, 16.692881, -25, 500, 0.00000, -0.00055
24166, 16.697489, -25, 500, 0.00000, 0.00017
24167, 16.701788, -25, 500, 0.00000, 0.00376
24168, 16.706141, -25, 500, 0.00000, 0.00340
24169, 16.710213, -25, 500, 0.00000, 0.00017
24170, 16.714428, -25, 500, 0.00000, -0.00055
24171, 16.718798, -25, 500, 0.00000, 0.00161
24172, 16.722858, -25, 500, 0.00000, -0.00199
24173, 16.727386, -25, 500, 0.00000, -0.00055
24174, 16.731459, -25, 500, 0.00000, 0.00233
24175, 16.735794, -25, 500, 0.00000, 0.00017
24176, 16.740316, -25, 500, 0.00000, -0.00091
24177, 16.744408, -25, 500, 0.00000, 0.00161
24178, 16.748791, -25, 500, 0.00000, 0.00017
24179, 16.753292, -25, 500, 0.00000, 0.00053
24180, 16.757719, -25, 500, 0.00000, -0.00091
24181, 16.762201, -25, 500, 0.00000, 0.00089
24182, 16.766668, -25, 500, 0.00000, 0.00125
24183, 16.770857, -25, 500, 0.00000, 0.00017
24184, 16.774872, -25, 500, 0.00000, -0.00019
24185, 16.779968, -25, 500, 0.00000, -0.00055
24186, 16.785795, -25, 500, 0.00000, -0.00019
24187, 16.790283, -25, 500, 0.00000, -0.00019
24188, 16.794796, -25, 500, 0.00000, 0.00053
24189, 16.798796, -25, 500, 0.00000, -0.00091
24190, 16.803185, -25, 500, 0.00000, -0.00091
24191, 16.807371, -25, 500, 0.00000, -0.00055
24192, 16.811785, -25, 500, 0.00000, -0.00055
24193, 16.815924, -25, 500, 0.00000, 0.00017
24194, 16.820124, -25, 500, 0.00000, -0.00019
24195, 16.823933, -25, 500, 0.00000, -0.00127
24196, 16.827860, -25, 500, 0.00000, -0.00271
24197, 16.831797, -25, 500, 0.00000, -0.00055
24198, 16.836351, -25, 500, 0.00000, 0.00916
24199, 16.842197, -25, 500, 0.00000, -0.00055
24200, 16.848349, -25, 500, 0.00000, 0.00269
24201, 16.852968, -25, 500, 0.00000, -0.00091
24202, 16.857374, -25, 500, 0.00000, -0.00055
24203, 16.862391, -25, 500, 0.00000, -0.00019
24204, 16.867828, -25, 500, 0.00000, -0.00019
24205, 16.873411, -25, 500, 0.00000, -0.00055
24206, 16.877966, -25, 500, 0.00000, 0.00053
24207, 16.882936, -25, 500, 0.00000, -0.00019
24208, 16.888968, -25, 500, 0.00000, -0.00127
24209, 16.894855, -25, 500, 0.00000, -0.00055
24210, 16.900904, -25, 500, 0.00000, -0.00019
24211, 16.906952, -25, 500, 0.00000, -0.00055
24212, 16.912720, -25, 500, 0.00000, -0.00343
24213, 16.918720, -25, 500, 0.00000, -0.00019
24214, 16.924135, -25, 500, 0.00000, -0.00343
24215, 16.929884, -25, 500, 0.00000, -0.00127
24216, 16.933916, -25, 500, 0.00000, 0.00125
24217, 16.938204, -25, 500, 0.00000, -0.00055
24218, 16.942495, -25, 500, 0.00000, 0.00017
24219, 16.946833, -25, 500, 0.00000, 0.00125
24220, 16.951366, -25, 500, 0.00000, 0.00017
24221, 16.955656, -25, 500, 0.00000, 0.00269
24222, 16.960335, -25, 500, 0.00000, -0.00091
24223, 16.966404, -25, 500, 0.00000, 0.00017
24224, 16.971212, -25, 500, 0.00000, 0.00017
24225, 16.975657, -25, 500, 0.00000, 0.00592
24226, 16.979492, -25, 500, 0.00000, -0.00199
24227, 16.983721, -25, 500, 0.00000, 0.00017
24228, 16.988132, -25, 500, 0.00000, 0.00053
24229, 16.992254, -25, 500, 0.00000, -0.00055
24230, 16.996635, -25, 500, 0.00000, 0.00125
24231, 17.002359, -25, 500, 0.00000, 0.00053
24232, 17.007792, -25, 500, 0.00000, -0.00091
24233, 17.013905, -25, 500, 0.00000, 0.00017
24234, 17.018211, -25, 500, 0.20000, 0.00089
24235, 17.022907, -25, 500, 0.20000, 0.00340
24236, 17.028215, -25, 500, 0.20000, 0.01455
24237, 17.034409, -25, 500, 0.20000, 0.03791
24238, 17.040361, -25, 500, 0.20000, 0.06595
24239, 17.044785, -25, 500, 0.20000, 0.09111
24240, 17.050196, -25, 500, 0.20000, 0.12023
24241, 17.055893, -25, 500, 0.20000, 0.14431
24242, 17.061825, -25, 500, 0.20000, 0.16911
24243, 17.068197, -25, 500, 0.20000, 0.19248
24244, 17.073671, -25, 500, 0.20000, 0.20434
24245, 17.078789, -25, 500, 0.20000, 0.21404
24246, 17.083288, -25, 500, 0.20000, 0.22087
24247, 17.087288, -25, 500, 0.20000, 0.22159
24248, 17.091364, -25, 500, 0.20000, 0.22267
24249, 17.095663, -25, 500, 0.20000, 0.22339
24250, 17.100307, -25, 500, 0.20000, 0.22591
24251, 17.104792, -25, 500, 0.20000, 0.21800
24252, 17.109236, -25, 500, 0.20000, 0.21979
24253, 17.113720, -25, 500, 0.20000, 0.21908
24254, 17.118444, -25, 500, 0.20000, 0.22159
24255, 17.123217, -25, 500, 0.20000, 0.21117
24256, 17.127880, -25, 500, 0.20000, 0.20542
24257, 17.133200, -25, 500, 0.20000, 0.20901
24258, 17.138412, -25, 500, 0.20000, 0.20542
24259, 17.143295, -25, 500, 0.20000, 0.20470
24260, 17.148207, -25, 500, 0.20000, 0.19787
24261, 17.153467, -25, 500, 0.20000, 0.19751
24262, 17.159361, -25, 500, 0.20000, 0.19715
24263, 17.165716, -25, 500, 0.20000, 0.18888
24264, 17.171921, -25, 500, 0.20000, 0.19607
24265, 17.177265, -25, 500, 0.20000, 0.19715
24266, 17.182970, -25, 500, 0.20000, 0.19715
24267, 17.188915, -25, 500, 0.20000, 0.19751
24268, 17.194473, -25, 500, 0.20000, 0.19751
24269, 17.201136, -25, 500, 0.20000, 0.19787
24270, 17.206652, -25, 500, 0.20000, 0.19895
24271, 17.211449, -25, 500, 0.20000, 0.19931
24272, 17.217194, -25, 500, 0.20000, 0.20002
24273, 17.222300, -25, 500, 0.20000, 0.20110
24274, 17.226370, -25, 500, 0.20000, 0.20254
24275, 17.231745, -25, 500, 0.20000, 0.20074
24276, 17.237343, -25, 500, 0.20000, 0.20578
24277, 17.241961, -25, 500, 0.20000, 0.20182
24278, 17.246490, -25, 500, 0.20000, 0.20038
24279, 17.250669, -25, 500, 0.20000, 0.20002
24280, 17.254637, -25, 500, 0.20000, 0.20254
24281, 17.258921, -25, 500, 0.20000, 0.20038
24282, 17.264204, -25, 500, 0.20000, 0.20002
24283, 17.269716, -25, 500, 0.20000, 0.20218
24284, 17.275255, -25, 500, 0.20000, 0.19967
24285, 17.280672, -25, 500, 0.20000, 0.20038
24286, 17.284380, -25, 500, 0.20000, 0.19931
24287, 17.290297, -25, 500, 0.20000, 0.20002
24288, 17.294794, -25, 500, 0.20000, 0.19967
24289, 17.300188, -25, 500, 0.20000, 0.19967
24290, 17.305666, -25, 500, 0.20000, 0.19931
24291, 17.310877, -25, 500, 0.20000, 0.19895
24292, 17.316776, -25, 500, 0.20000, 0.19859
24293, 17.322493, -25, 500, 0.20000, 0.19931
24294, 17.326817, -25, 500, 0.20000, 0.19895
24295, 17.331867, -25, 500, 0.20000, 0.20038
24296, 17.337305, -25, 500, 0.20000, 0.20218
24297, 17.342138, -25, 500, 0.20000, 0.19931
24298, 17.347139, -25, 500, 0.20000, 0.19967
24299, 17.352291, -25, 500, 0.20000, 0.20074
24300, 17.357719, -25, 500, 0.20000, 0.20074
24301, 17.363976, -25, 500, 0.20000, 0.19931
24302, 17.369495, -25, 500, 0.20000, 0.20038
24303, 17.373884, -25, 500, 0.20000, 0.19895
24304, 17.378969, -25, 500, 0.20000, 0.20074
24305, 17.385288, -25, 500, 0.20000, 0.20002
24306, 17.390491, -25, 500, 0.20000, 0.19607
24307, 17.395964, -25, 500, 0.20000, 0.19931
24308, 17.402355, -25, 500, 0.20000, 0.20074
24309, 17.407721, -25, 500, 0.20000, 0.19931
24310, 17.413383, -25, 500, 0.20000, 0.19967
24311, 17.419176, -25, 500, 0.20000, 0.19931
24312, 17.424948, -25, 500, 0.20000, 0.19823
24313, 17.430878, -25, 500, 0.20000, 0.19895
24314, 17.436466, -25, 500, 0.20000, 0.19931
24315, 17.440489, -25, 500, 0.20000, 0.20038
24316, 17.444717, -25, 500, 0.20000, 0.20002
24317, 17.449713, -25, 500, 0.20000, 0.20074
24318, 17.454412, -25, 500, 0.20000, 0.20002
24319, 17.458809, -25, 500, 0.20000, 0.19859
24320, 17.463720, -25, 500, 0.20000, 0.19967
24321, 17.469269, -25, 500, 0.20000, 0.20002
24322, 17.474192, -25, 500, 0.20000, 0.20038
24323, 17.478807, -25, 500, 0.20000, 0.19931
24324, 17.484156, -25, 500, 0.20000, 0.19931
24325, 17.489965, -25, 500, 0.20000, 0.20074
24326, 17.494444, -25, 500, 0.20000, 0.19931
24327, 17.499693, -25, 500, 0.20000, 0.20002
24328, 17.504795, -25, 500, 0.20000, 0.19787
24329, 17.509172, -25, 500, 0.20000, 0.19967
24330, 17.513422, -25, 500, 0.20000, 0.20038
24331, 17.517363, -25, 500, 0.20000, 0.20038
24332, 17.521721, -25, 500, 0.20000, 0.19931
24333, 17.525887, -25, 500, 0.20000, 0.20002
24334, 17.529905, -25, 500, 0.20000, 0.20002
24335, 17.534971, -25, 500, 0.20000, 0.20146
24336, 17.539774, -25, 500, 0.20000, 0.20002
24337, 17.544132, -25, 500, 0.20000, 0.20470
24338, 17.548431, -25, 500, 0.20000, 0.19967
24339, 17.553192, -25, 500, 0.20000, 0.19931
24340, 17.557932, -25, 500, 0.20000, 0.20002
24341, 17.563265, -25, 500, 0.20000, 0.20002
24342, 17.568712, -25, 500, 0.20000, 0.20002
24343, 17.573933, -25, 500, 0.20000, 0.20002
24344, 17.578823, -25, 500, 0.20000, 0.20074
24345, 17.584156, -25, 500, 0.20000, 0.20002
24346, 17.588797, -25, 500, 0.20000, 0.19787
24347, 17.593967, -25, 500, 0.20000, 0.20254
24348, 17.599184, -25, 500, 0.20000, 0.20002
24349, 17.603991, -25, 500, 0.20000, 0.20038
24350, 17.609217, -25, 500, 0.20000, 0.20146
24351, 17.613966, -25, 500, 0.20000, 0.20002
24352, 17.618240, -25, 500, 0.20000, 0.19535
24353, 17.622992, -25, 500, 0.20000, 0.20614
24354, 17.628967, -25, 500, 0.20000, 0.20110
24355, 17.634756, -25, 500, 0.20000, 0.20002
24356, 17.639858, -25, 500, 0.20000, 0.19931
24357, 17.644655, -25, 500, 0.20000, 0.20074
24358, 17.648493, -25, 500, 0.20000, 0.19931
24359, 17.653423, -25, 500, 0.20000, 0.20002
24360, 17.658159, -25, 500, 0.20000, 0.19967
24361, 17.662369, -25, 500, 0.20000, 0.20038
24362, 17.666967, -25, 500, 0.20000, 0.19751
24363, 17.671951, -25, 500, 0.20000, 0.20002
24364, 17.676880, -25, 500, 0.20000, 0.19967
24365, 17.680847, -25, 500, 0.20000, 0.19967
24366, 17.684875, -25, 500, 0.20000, 0.19967
24367, 17.688894, -25, 500, 0.20000, 0.20002
24368, 17.692863, -25, 500, 0.20000, 0.20182
24369, 17.697256, -25, 500, 0.20000, 0.19967
24370, 17.701223, -25, 500, 0.20000, 0.20002
24371, 17.705227, -25, 500, 0.20000, 0.20182
24372, 17.709356, -25, 500, 0.20000, 0.19931
24373, 17.713341, -25, 500, 0.20000, 0.20002
24374, 17.717281, -25, 500, 0.20000, 0.19931
24375, 17.721212, -25, 500, 0.20000, 0.20038
24376, 17.724932, -25, 500, 0.20000, 0.19931
24377, 17.728781, -25, 500, 0.20000, 0.20002
24378, 17.732719, -25, 500, 0.20000, 0.20038
24379, 17.736719, -25, 500, 0.20000, 0.20074
24380, 17.740911, -25, 500, 0.20000, 0.19643
24381, 17.746719, -25, 500, 0.20000, 0.19931
24382, 17.753155, -25, 500, 0.20000, 0.20146
24383, 17.758305, -25, 500, 0.20000, 0.19931
24384, 17.762344, -25, 500, 0.20000, 0.20146
24385, 17.766661, -25, 500, 0.20000, 0.20074
24386, 17.772491, -25, 500, 0.20000, 0.19895
24387, 17.777187, -25, 500, 0.20000, 0.20038
24388, 17.782269, -25, 500, 0.20000, 0.19967
24389, 17.787472, -25, 500, 0.20000, 0.20002
24390, 17.792356, -25, 500, 0.20000, 0.20002
24391, 17.798136, -25, 500, 0.20000, 0.20074
24392, 17.803770, -25, 500, 0.20000, 0.19751
24393, 17.809183, -25, 500, 0.20000, 0.19967
24394, 17.815428, -25, 500, 0.20000, 0.19967
24395, 17.821220, -25, 500, 0.20000, 0.20038
24396, 17.826397, -25, 500, 0.20000, 0.19931
24397, 17.832497, -25, 500, 0.20000, 0.20038
24398, 17.838488, -25, 500, 0.20000, 0.20002
24399, 17.843124, -25, 500, 0.20000, 0.19931
24400, 17.847746, -25, 500, 0.20000, 0.20038
24401, 17.852720, -25, 500, 0.20000, 0.19895
24402, 17.858229, -25, 500, 0.20000, 0.20038
24403, 17.864292, -25, 500, 0.20000, 0.19931
24404, 17.868652, -25, 500, 0.20000, 0.19859
24405, 17.872869, -25, 500, 0.20000, 0.19931
24406, 17.877125, -25, 500, 0.20000, 0.20002
24407, 17.882977, -25, 500, 0.20000, 0.20038
24408, 17.887980, -25, 500, 0.20000, 0.19967
24409, 17.892653, -25, 500, 0.20000, 0.19895
24410, 17.896790, -25, 500, 0.20000, 0.20038
24411, 17.900980, -25, 500, 0.20000, 0.20362
24412, 17.906719, -25, 500, 0.20000, 0.19679
24413, 17.912230, -25, 500, 0.20000, 0.20074
24414, 17.917986, -25, 500, 0.20000, 0.20254
24415, 17.923410, -25, 500, 0.20000, 0.20002
24416, 17.927485, -25, 500, 0.20000, 0.19931
24417, 17.931795, -25, 500, 0.20000, 0.20074
24418, 17.935799, -25, 500, 0.20000, 0.20038
24419, 17.940401, -25, 500, 0.20000, 0.19967
24420, 17.944796, -25, 500, 0.20000, 0.20002
24421, 17.949436, -25, 500, 0.20000, 0.20110
24422, 17.953653, -25, 500, 0.20000, 0.19499
24423, 17.957909, -25, 500, 0.20000, 0.20074
24424, 17.962955, -25, 500, 0.20000, 0.20038
24425, 17.967936, -25, 500, 0.20000, 0.20074
24426, 17.971827, -25, 500, 0.20000, 0.19967
24427, 17.975788, -25, 500, 0.20000, 0.19967
24428, 17.979717, -25, 500, 0.20000, 0.19859
24429, 17.985355, -25, 500, 0.20000, 0.20290
24430, 17.990795, -25, 500, 0.20000, 0.19931
24431, 17.995844, -25, 500, 0.20000, 0.20002
24432, 18.000494, -25, 500, 0.20000, 0.20002
24433, 18.004791, -25, 500, 0.20000, 0.19895
24434, 18.009855, -25, 500, 0.20000, 0.19895
24435, 18.015266, -25, 500, 0.20000, 0.20002
24436, 18.019630, -25, 500, 0.00000, 0.19895
24437, 18.023720, -25, 500, 0.00000, 0.20290
24438, 18.028164, -25, 500, 0.00000, 0.19068
24439, 18.032894, -25, 500, 0.00000, 0.17450
24440, 18.037926, -25, 500, 0.00000, 0.15258
24441, 18.043652, -25, 500, 0.00000, 0.12130
24442, 18.049473, -25, 500, 0.00000, 0.09506
24443, 18.054937, -25, 500, 0.00000, 0.06703
24444, 18.059340, -25, 500, 0.00000, 0.04654
24445, 18.064276, -25, 500, 0.00000, 0.03072
24446, 18.069344, -25, 500, 0.00000, 0.01095
24447, 18.073380, -25, 500, 0.00000, -0.00055
24448, 18.077869, -25, 500, 0.00000, -0.00954
24449, 18.083660, -25, 500, 0.00000, -0.01708
24450, 18.089720, -25, 500, 0.00000, -0.02284
24451, 18.093832, -25, 500, 0.00000, -0.02391
24452, 18.098448, -25, 500, 0.00000, -0.02499
24453, 18.103489, -25, 500, 0.00000, -0.02356
24454, 18.108925, -25, 500, 0.00000, -0.02212
24455, 18.114914, -25, 500, 0.00000, -0.01708
24456, 18.120996, -25, 500, 0.00000, -0.01385
24457, 18.125719, -25, 500, 0.00000, -0.01205
24458, 18.130390, -25, 500, 0.00000, -0.00810
24459, 18.136168, -25, 500, 0.00000, -0.00486
24460, 18.141829, -25, 500, 0.00000, -0.00271
24461, 18.147356, -25, 500, 0.00000, -0.00019
24462, 18.153425, -25, 500, 0.00000, 0.00161
24463, 18.159445, -25, 500, 0.00000, 0.00161
24464, 18.165451, -25, 500, 0.00000, 0.00161
24465, 18.171368, -25, 500, 0.00000, 0.00161
24466, 18.177431, -25, 500, 0.00000, 0.00269
24467, 18.183653, -25, 500, 0.00000, 0.00269
24468, 18.189789, -25, 500, 0.00000, 0.00161
24469, 18.193720, -25, 500, 0.00000, 0.00304
24470, 18.198183, -25, 500, 0.00000, 0.00017
24471, 18.203403, -25, 500, 0.00000, 0.00053
24472, 18.207497, -25, 500, 0.00000, 0.00017
24473, 18.213720, -25, 500, 0.00000, -0.00019
24474, 18.220200, -25, 500, 0.00000, -0.00055
24475, 18.225492, -25, 500, 0.00000, -0.00091
24476, 18.231865, -25, 500, 0.00000, 0.00017
24477, 18.236292, -25, 500, 0.00000, 0.00017
24478, 18.241196, -25, 500, 0.00000, -0.00163
24479, 18.246719, -25, 500, 0.00000, -0.00019
24480, 18.252480, -25, 500, 0.00000, -0.00091
24481, 18.258268, -25, 500, 0.00000, -0.00091
24482, 18.262968, -25, 500, 0.00000, -0.00163
24483, 18.268970, -25, 500, 0.00000, -0.00127
24484, 18.274366, -25, 500, 0.00000, -0.00019
24485, 18.278721, -25, 500, 0.00000, -0.00307
24486, 18.283180, -25, 500, 0.00000, 0.00340
24487, 18.287224, -25, 500, 0.00000, -0.00163
24488, 18.292196, -25, 500, 0.00000, -0.00019
24489, 18.297388, -25, 500, 0.00000, 0.00125
24490, 18.302376, -25, 500, 0.00000, 0.00053
24491, 18.306211, -25, 500, 0.00000, -0.00019
24492, 18.310429, -25, 500, 0.00000, -0.00091
24493, 18.316320, -25, 500, 0.00000, 0.00017
24494, 18.322445, -25, 500, 0.00000, -0.00055
24495, 18.327492, -25, 500, 0.00000, 0.00017
24496, 18.333630, -25, 500, 0.00000, -0.00019
24497, 18.339981, -25, 500, 0.00000, -0.00091
24498, 18.345758, -25, 500, 0.00000, -0.00019
24499, 18.349798, -25, 500, 0.00000, 0.00053
24500, 18.354401, -25, 500, 0.00000, -0.00019
24501, 18.359287, -25, 500, 0.00000, 0.00017
24502, 18.364365, -25, 500, 0.00000, -0.00055
24503, 18.370398, -25, 500, 0.00000, 0.00484
24504, 18.374887, -25, 500, 0.00000, 0.00269
24505, 18.379633, -25, 500, 0.00000, 0.00269
24506, 18.383492, -25, 500, 0.00000, -0.00055
24507, 18.388243, -25, 500, 0.00000, -0.00055
24508, 18.392719, -25, 500, 0.00000, 0.00017
24509, 18.397381, -25, 500, 0.00000, -0.00127
24510, 18.401720, -25, 500, 0.00000, -0.00127
24511, 18.406179, -25, 500, 0.00000, -0.00199
24512, 18.410303, -25, 500, 0.00000, 0.00017
24513, 18.414648, -25, 500, 0.00000, -0.00055
24514, 18.419346, -25, 500, 0.00000, -0.00055
24515, 18.423719, -25, 500, 0.00000, 0.00448
24516, 18.429363, -25, 500, 0.00000, -0.00199
24517, 18.433472, -25, 500, 0.00000, 0.00089
24518, 18.437496, -25, 500, 0.00000, -0.00091
24519, 18.442152, -25, 500, 0.00000, -0.00163
24520, 18.445995, -25, 500, 0.00000, -0.00091
24521, 18.450447, -25, 500, 0.00000, 0.00053
24522, 18.455715, -25, 500, 0.00000, -0.00163
24523, 18.460728, -25, 500, 0.00000, 0.00017
24524, 18.466335, -25, 500, 0.00000, 0.00053
24525, 18.470783, -25, 500, 0.00000, 0.00017
24526, 18.474665, -25, 500, 0.00000, 0.00017
24527, 18.478992, -25, 500, 0.00000, 0.00017
24528, 18.483353, -25, 500, 0.00000, 0.00269
24529, 18.487677, -25, 500, 0.00000, -0.00091
24530, 18.491989, -25, 500, 0.00000, 0.00376
24531, 18.496428, -25, 500, 0.00000, 0.00017
24532, 18.500719, -25, 500, 0.00000, 0.00053
24533, 18.504623, -25, 500, 0.00000, -0.00019
24534, 18.509178, -25, 500, 0.00000, -0.00163
24535, 18.515188, -25, 500, 0.00000, 0.00017
24536, 18.520435, -25, 500, 0.00000, -0.00019
24537, 18.524712, -25, 500, 0.00000, -0.00019
24538, 18.528671, -25, 500, 0.00000, 0.00017
24539, 18.533701, -25, 500, 0.00000, 0.00017
24540, 18.539156, -25, 500, 0.00000, -0.00019
24541, 18.543858, -25, 500, 0.00000, -0.00055
24542, 18.549414, -25, 500, 0.00000, 0.00053
24543, 18.553720, -25, 500, 0.00000, -0.00163
24544, 18.557863, -25, 500, 0.00000, -0.00055
24545, 18.563452, -25, 500, 0.00000, 0.00053
24546, 18.569387, -25, 500, 0.00000, 0.00017
24547, 18.574352, -25, 500, 0.00000, -0.00055
24548, 18.579699, -25, 500, 0.00000, -0.00019
24549, 18.584496, -25, 500, 0.00000, 0.00161
24550, 18.589222, -25, 500, 0.00000, -0.00127
24551, 18.593672, -25, 500, 0.00000, -0.00055
24552, 18.598457, -25, 500, 0.00000, -0.00019
24553, 18.604168, -25, 500, 0.00000, 0.00053
24554, 18.609926, -25, 500, 0.00000, -0.00271
24555, 18.616253, -25, 500, 0.00000, 0.00017
24556, 18.621971, -25, 500, 0.00000, 0.00161
24557, 18.627199, -25, 500, 0.00000, -0.00127
24558, 18.632889, -25, 500, 0.00000, -0.00055
24559, 18.638416, -25, 500, 0.00000, -0.00019
24560, 18.643332, -25, 500, 0.00000, -0.00091
24561, 18.647360, -25, 500, 0.00000, -0.00055
24562, 18.652918, -25, 500, 0.00000, 0.00197
24563, 18.658794, -25, 500, 0.00000, 0.00089
24564, 18.664721, -25, 500, 0.00000, 0.00017
24565, 18.669401, -25, 500, 0.00000, -0.00055
24566, 18.673656, -25, 500, 0.00000, -0.00055
24567, 18.678797, -25, 500, 0.00000, 0.00161
24568, 18.684984, -25, 500, 0.00000, -0.00091
24569, 18.690994, -25, 500, 0.00000, -0.00199
24570, 18.695721, -25, 500, 0.00000, 0.00017
24571, 18.701468, -25, 500, 0.00000, 0.00017
24572, 18.707191, -25, 500, 0.00000, -0.00055
24573, 18.713297, -25, 500, 0.00000, -0.00019
24574, 18.719212, -25, 500, 0.00000, -0.00091
24575, 18.724989, -25, 500, 0.00000, 0.00448
24576, 18.731319, -25, 500, 0.00000, -0.00019
24577, 18.737415, -25, 500, 0.00000, -0.00019
24578, 18.743984, -25, 500, 0.00000, -0.00055
24579, 18.750744, -25, 500, 0.00000, 0.00053
24580, 18.754847, -25, 500, 0.00000, -0.00019
24581, 18.758877, -25, 500, 0.00000, 0.00053
24582, 18.762880, -25, 500, 0.00000, 0.00089
24583, 18.767776, -25, 500, 0.00000, 0.00197
24584, 18.772863, -25, 500, 0.00000, -0.00271
24585, 18.778276, -25, 500, 0.00000, -0.00019
24586, 18.783840, -25, 500, 0.00000, -0.00055
24587, 18.789476, -25, 500, 0.00000, 0.00053
24588, 18.793720, -25, 500, 0.00000, -0.00019
24589, 18.798908, -25, 500, 0.00000, 0.00089
24590, 18.804279, -25, 500, 0.00000, -0.00307
24591, 18.808840, -25, 500, 0.00000, -0.00055
24592, 18.813972, -25, 500, 0.00000, -0.00235
24593, 18.820301, -25, 500, 0.00000, 0.00053
24594, 18.826200, -25, 500, 0.00000, -0.00055
24595, 18.832352, -25, 500, 0.00000, 0.00053
24596, 18.837656, -25, 500, 0.00000, -0.00019
24597, 18.843828, -25, 500, 0.00000, -0.00091
24598, 18.851217, -25, 500, 0.00000, 0.00376
24599, 18.856718, -25, 500, 0.00000, 0.00017
24600, 18.861481, -25, 500, 0.00000, -0.00019
24601, 18.867212, -25, 500, 0.00000, 0.00161
24602, 18.870789, -25, 500, 0.00000, 0.00053
24603, 18.875427, -25, 500, 0.00000, -0.00019
24604, 18.879721, -25, 500, 0.00000, -0.00199
24605, 18.885185, -25, 500, 0.00000, 0.00053
24606, 18.890720, -25, 500, 0.00000, 0.00017
24607, 18.895855, -25, 500, 0.00000, -0.00019
24608, 18.901869, -25, 500, 0.00000, -0.00271
24609, 18.905865, -25, 500, 0.00000, 0.00017
24610, 18.910175, -25, 500, 0.00000, -0.00450
24611, 18.915180, -25, 500, 0.00000, 0.00017
24612, 18.920633, -25, 500, 0.00000, -0.00091
24613, 18.926844, -25, 500, 0.00000, -0.00199
24614, 18.932468, -25, 500, 0.00000, 0.00125
24615, 18.938406, -25, 500, 0.00000, -0.00019
24616, 18.942863, -25, 500, 0.00000, -0.00091
24617, 18.947712, -25, 500, 0.00000, 0.00089
24618, 18.952776, -25, 500, 0.00000, 0.00017
24619, 18.958286, -25, 500, 0.00000, -0.00127
24620, 18.964472, -25, 500, 0.00000, -0.00019
24621, 18.969995, -25, 500, 0.00000, -0.00055
24622, 18.974180, -25, 500, 0.00000, -0.00091
24623, 18.978483, -25, 500, 0.00000, 0.00017
24624, 18.985212, -25, 500, 0.00000, 0.00017
24625, 18.990721, -25, 500, 0.00000, -0.00091
24626, 18.996489, -25, 500, 0.00000, 0.00053
24627, 19.002632, -25, 500, 0.00000, -0.00343
24628, 19.006941, -25, 500, 0.00000, -0.00019
24629, 19.010864, -25, 500, 0.00000, -0.00666
24630, 19.015211, -25, 500, 0.00000, 0.00053
24631, 19.019392, -25, 500, 0.00000, 0.00089
24632, 19.023720, -25, 500, 0.20000, -0.00055
24633, 19.027887, -25, 500, 0.20000, 0.00772
24634, 19.032244, -25, 500, 0.20000, 0.00916
24635, 19.036362, -25, 500, 0.20000, 0.02210
24636, 19.040720, -25, 500, 0.20000, 0.04007
24637, 19.044861, -25, 500, 0.20000, 0.06092
24638, 19.049828, -25, 500, 0.20000, 0.08572
24639, 19.055351, -25, 500, 0.20000, 0.11915
24640, 19.060440, -25, 500, 0.20000, 0.13640
24641, 19.066353, -25, 500, 0.20000, 0.15977
24642, 19.071718, -25, 500, 0.20000, 0.18205
24643, 19.077175, -25, 500, 0.20000, 0.19787
24644, 19.082832, -25, 500, 0.20000, 0.21153
24645, 19.088364, -25, 500, 0.20000, 0.22159
24646, 19.092468, -25, 500, 0.20000, 0.22087
24647, 19.096720, -25, 500, 0.20000, 0.22483
24648, 19.101448, -25, 500, 0.20000, 0.22447
24649, 19.106789, -25, 500, 0.20000, 0.22483
24650, 19.111898, -25, 500, 0.20000, 0.22267
24651, 19.117891, -25, 500, 0.20000, 0.22051
24652, 19.123188, -25, 500, 0.20000, 0.21584
24653, 19.127169, -25, 500, 0.20000, 0.21189
24654, 19.132217, -25, 500, 0.20000, 0.20829
24655, 19.137468, -25, 500, 0.20000, 0.20614
24656, 19.142891, -25, 500, 0.20000, 0.20182
24657, 19.148872, -25, 500, 0.20000, 0.20038
24658, 19.154779, -25, 500, 0.20000, 0.19751
24659, 19.159430, -25, 500, 0.20000, 0.19895
24660, 19.164692, -25, 500, 0.20000, 0.19643
24661, 19.169916, -25, 500, 0.20000, 0.20218
24662, 19.175871, -25, 500, 0.20000, 0.19499
24663, 19.181465, -25, 500, 0.20000, 0.19643
24664, 19.186970, -25, 500, 0.20000, 0.19535
24665, 19.192373, -25, 500, 0.20000, 0.19607
24666, 19.198248, -25, 500, 0.20000, 0.19643
24667, 19.202719, -25, 500, 0.20000, 0.19499
24668, 19.207497, -25, 500, 0.20000, 0.19643
24669, 19.212215, -25, 500, 0.20000, 0.19751
24670, 19.218161, -25, 500, 0.20000, 0.19967
24671, 19.223412, -25, 500, 0.20000, 0.20038
24672, 19.228905, -25, 500, 0.20000, 0.20074
24673, 19.233656, -25, 500, 0.20000, 0.20074
24674, 19.237455, -25, 500, 0.20000, 0.20074
24675, 19.242125, -25, 500, 0.20000, 0.20074
24676, 19.246719, -25, 500, 0.20000, 0.20074
24677, 19.252480, -25, 500, 0.20000, 0.20110
24678, 19.258156, -25, 500, 0.20000, 0.20254
24679, 19.262684, -25, 500, 0.20000, 0.20074
24680, 19.268299, -25, 500, 0.20000, 0.20146
24681, 19.272663, -25, 500, 0.20000, 0.20074
24682, 19.276789, -25, 500, 0.20000, 0.19931
24683, 19.280430, -25, 500, 0.20000, 0.20110
24684, 19.284334, -25, 500, 0.20000, 0.20074
24685, 19.288485, -25, 500, 0.20000, 0.19931
24686, 19.293446, -25, 500, 0.20000, 0.19967
24687, 19.299639, -25, 500, 0.20000, 0.19967
24688, 19.305172, -25, 500, 0.20000, 0.20002
24689, 19.309155, -25, 500, 0.20000, 0.19859
24690, 19.313276, -25, 500, 0.20000, 0.19823
24691, 19.318443, -25, 500, 0.20000, 0.19931
24692, 19.323660, -25, 500, 0.20000, 0.19895
24693, 19.328720, -25, 500, 0.20000, 0.19931
24694, 19.334190, -25, 500, 0.20000, 0.19931
24695, 19.339449, -25, 500, 0.20000, 0.19967
24696, 19.344721, -25, 500, 0.20000, 0.20002
24697, 19.351721, -25, 500, 0.20000, 0.19859
24698, 19.356426, -25, 500, 0.20000, 0.19967
24699, 19.360952, -25, 500, 0.20000, 0.19967
24700, 19.366278, -25, 500, 0.20000, 0.20146
24701, 19.371794, -25, 500, 0.20000, 0.19967
24702, 19.376944, -25, 500, 0.20000, 0.19967
24703, 19.383224, -25, 500, 0.20000, 0.20254
24704, 19.389467, -25, 500, 0.20000, 0.19895
24705, 19.395132, -25, 500, 0.20000, 0.19787
24706, 19.400871, -25, 500, 0.20000, 0.20038
24707, 19.406282, -25, 500, 0.20000, 0.19931
24708, 19.411327, -25, 500, 0.20000, 0.20110
24709, 19.416664, -25, 500, 0.20000, 0.20038
24710, 19.420784, -25, 500, 0.20000, 0.20038
24711, 19.424858, -25, 500, 0.20000, 0.19931
24712, 19.429884, -25, 500, 0.20000, 0.19967
24713, 19.434984, -25, 500, 0.20000, 0.20038
24714, 19.440468, -25, 500, 0.20000, 0.19967
24715, 19.445900, -25, 500, 0.20000, 0.19967
24716, 19.451216, -25, 500, 0.20000, 0.20038
24717, 19.455486, -25, 500, 0.20000, 0.19967
24718, 19.459827, -25, 500, 0.20000, 0.20362
24719, 19.464720, -25, 500, 0.20000, 0.19967
24720, 19.469902, -25, 500, 0.20000, 0.19931
24721, 19.474756, -25, 500, 0.20000, 0.19967
24722, 19.480486, -25, 500, 0.20000, 0.19967
24723, 19.485720, -25, 500, 0.20000, 0.20110
24724, 19.489985, -25, 500, 0.20000, 0.19931
24725, 19.493855, -25, 500, 0.20000, 0.19895
24726, 19.497934, -25, 500, 0.20000, 0.19967
24727, 19.501787, -25, 500, 0.20000, 0.19931
24728, 19.505428, -25, 500, 0.20000, 0.19967
24729, 19.509796, -25, 500, 0.20000, 0.19679
24730, 19.515408, -25, 500, 0.20000, 0.19967
24731, 19.519928, -25, 500, 0.20000, 0.20002
24732, 19.524498, -25, 500, 0.20000, 0.19895
24733, 19.528780, -25, 500, 0.20000, 0.19931
24734, 19.533979, -25, 500, 0.20000, 0.20038
24735, 19.540277, -25, 500, 0.20000, 0.19967
24736, 19.544720, -25, 500, 0.20000, 0.20254
24737, 19.550228, -25, 500, 0.20000, 0.20542
24738, 19.554628, -25, 500, 0.20000, 0.20002
24739, 19.558783, -25, 500, 0.20000, 0.19967
24740, 19.563185, -25, 500, 0.20000, 0.20002
24741, 19.567251, -25, 500, 0.20000, 0.20110
24742, 19.571346, -25, 500, 0.20000, 0.19967
24743, 19.575792, -25, 500, 0.20000, 0.20038
24744, 19.580721, -25, 500, 0.20000, 0.19931
24745, 19.586479, -25, 500, 0.20000, 0.19931
24746, 19.592625, -25, 500, 0.20000, 0.19931
24747, 19.597921, -25, 500, 0.20000, 0.19967
24748, 19.603859, -25, 500, 0.20000, 0.20218
24749, 19.608652, -25, 500, 0.20000, 0.19715
24750, 19.613323, -25, 500, 0.20000, 0.19823
24751, 19.618937, -25, 500, 0.20000, 0.20002
24752, 19.623310, -25, 500, 0.20000, 0.19895
24753, 19.626919, -25, 500, 0.20000, 0.19895
24754, 19.630869, -25, 500, 0.20000, 0.20002
24755, 19.634928, -25, 500, 0.20000, 0.20038
24756, 19.638964, -25, 500, 0.20000, 0.20002
24757, 19.643230, -25, 500, 0.20000, 0.19823
24758, 19.648844, -25, 500, 0.20000, 0.20074
24759, 19.653805, -25, 500, 0.20000, 0.19787
24760, 19.658897, -25, 500, 0.20000, 0.19895
24761, 19.664305, -25, 500, 0.20000, 0.20002
24762, 19.668804, -25, 500, 0.20000, 0.19931
24763, 19.672947, -25, 500, 0.20000, 0.19751
24764, 19.677635, -25, 500, 0.20000, 0.20146
24765, 19.683723, -25, 500, 0.20000, 0.20002
24766, 19.689224, -25, 500, 0.20000, 0.20002
24767, 19.694731, -25, 500, 0.20000, 0.20038
24768, 19.700430, -25, 500, 0.20000, 0.20038
24769, 19.706152, -25, 500, 0.20000, 0.20398
24770, 19.710937, -25, 500, 0.20000, 0.20074
24771, 19.716984, -25, 500, 0.20000, 0.20074
24772, 19.721720, -25, 500, 0.20000, 0.20002
24773, 19.725719, -25, 500, 0.20000, 0.19895
24774, 19.729895, -25, 500, 0.20000, 0.19967
24775, 19.733784, -25, 500, 0.20000, 0.20110
24776, 19.737720, -25, 500, 0.20000, 0.20074
24777, 19.741980, -25, 500, 0.20000, 0.19931
24778, 19.746454, -25, 500, 0.20000, 0.20290
24779, 19.751896, -25, 500, 0.20000, 0.20002
24780, 19.755917, -25, 500, 0.20000, 0.19715
24781, 19.761360, -25, 500, 0.20000, 0.20038
24782, 19.767237, -25, 500, 0.20000, 0.19607
24783, 19.772863, -25, 500, 0.20000, 0.19751
24784, 19.777908, -25, 500, 0.20000, 0.20326
24785, 19.784174, -25, 500, 0.20000, 0.20038
24786, 19.790169, -25, 500, 0.20000, 0.19931
24787, 19.794640, -25, 500, 0.20000, 0.19967
24788, 19.799852, -25, 500, 0.20000, 0.20074
24789, 19.803787, -25, 500, 0.20000, 0.20074
24790, 19.808718, -25, 500, 0.20000, 0.19967
24791, 19.814880, -25, 500, 0.20000, 0.19967
24792, 19.820894, -25, 500, 0.20000, 0.20002
24793, 19.825480, -25, 500, 0.20000, 0.19967
24794, 19.831261, -25, 500, 0.20000, 0.20182
24795, 19.835779, -25, 500, 0.20000, 0.19967
24796, 19.839928, -25, 500, 0.20000, 0.19931
24797, 19.843855, -25, 500, 0.20000, 0.20218
24798, 19.847864, -25, 500, 0.20000, 0.19931
24799, 19.852144, -25, 500, 0.20000, 0.19895
24800, 19.856136, -25, 500, 0.20000, 0.19895
24801, 19.860220, -25, 500, 0.20000, 0.19859
24802, 19.865383, -25, 500, 0.20000, 0.19895
24803, 19.870718, -25, 500, 0.20000, 0.20110
24804, 19.875233, -25, 500, 0.20000, 0.19931
24805, 19.880735, -25, 500, 0.20000, 0.19967
24806, 19.886349, -25, 500, 0.20000, 0.20038
24807, 19.891228, -25, 500, 0.20000, 0.20218
24808, 19.897196, -25, 500, 0.20000, 0.20002
24809, 19.902843, -25, 500, 0.20000, 0.20038
24810, 19.907492, -25, 500, 0.20000, 0.20074
24811, 19.912718, -25, 500, 0.20000, 0.20038
24812, 19.918350, -25, 500, 0.20000, 0.20002
24813, 19.922718, -25, 500, 0.20000, 0.19895
24814, 19.926786, -25, 500, 0.20000, 0.19787
24815, 19.930719, -25, 500, 0.20000, 0.19823
24816, 19.934853, -25, 500, 0.20000, 0.19715
24817, 19.939150, -25, 500, 0.20000, 0.20074
24818, 19.942924, -25, 500, 0.20000, 0.19751
24819, 19.946869, -25, 500, 0.20000, 0.19895
24820, 19.950464, -25, 500, 0.20000, 0.20182
24821, 19.954420, -25, 500, 0.20000, 0.19967
24822, 19.958340, -25, 500, 0.20000, 0.19967
24823, 19.962496, -25, 500, 0.20000, 0.20038
24824, 19.967155, -25, 500, 0.20000, 0.20074
24825, 19.972967, -25, 500, 0.20000, 0.20074
24826, 19.978121, -25, 500, 0.20000, 0.19967
24827, 19.982225, -25, 500, 0.20000, 0.20038
24828, 19.985985, -25, 500, 0.20000, 0.19931
24829, 19.990292, -25, 500, 0.20000, 0.19895
24830, 19.995264, -25, 500, 0.20000, 0.20038
24831, 20.000328, -25, 500, 0.20000, 0.20038
24832, 20.005293, -25, 500, 0.20000, 0.20038
24833, 20.009794, -25, 500, 0.20000, 0.20002
24834, 20.014427, -25, 500, 0.20000, 0.19967
24835, 20.019724, -25, 500, 0.20000, 0.20254
24836, 20.024973, -25, 500, 0.00000, 0.19967
24837, 20.030828, -25, 500, 0.00000, 0.19535
24838, 20.036720, -25, 500, 0.00000, 0.17846
24839, 20.041382, -25, 500, 0.00000, 0.16013
24840, 20.047354, -25, 500, 0.00000, 0.13029
24841, 20.052784, -25, 500, 0.00000, 0.10261
24842, 20.057856, -25, 500, 0.00000, 0.08033
24843, 20.062696, -25, 500, 0.00000, 0.04870
24844, 20.068256, -25, 500, 0.00000, 0.03036
24845, 20.072344, -25, 500, 0.00000, 0.01670
24846, 20.076843, -25, 500, 0.00000, 0.00376
24847, 20.081388, -25, 500, 0.00000, -0.00630
24848, 20.086266, -25, 500, 0.00000, -0.01457
24849, 20.091364, -25, 500, 0.00000, -0.02140
24850, 20.096880, -25, 500, 0.00000, -0.02427
24851, 20.101965, -25, 500, 0.00000, -0.02427
24852, 20.106966, -25, 500, 0.00000, -0.02715
24853, 20.111340, -25, 500, 0.00000, -0.02248
24854, 20.115791, -25, 500, 0.00000, -0.01960
24855, 20.120291, -25, 500, 0.00000, -0.01852
24856, 20.124720, -25, 500, 0.00000, -0.01457
24857, 20.129290, -25, 500, 0.00000, -0.01169
24858, 20.133400, -25, 500, 0.00000, -0.00882
24859, 20.137379, -25, 500, 0.00000, -0.00666
24860, 20.141872, -25, 500, 0.00000, -0.00414
24861, 20.145784, -25, 500, 0.00000, -0.00199
24862, 20.149872, -25, 500, 0.00000, -0.00235
24863, 20.153936, -25, 500, 0.00000, 0.00053
24864, 20.158367, -25, 500, 0.00000, 0.00197
24865, 20.162720, -25, 500, 0.00000, 0.00233
24866, 20.166864, -25, 500, 0.00000, 0.00233
24867, 20.170937, -25, 500, 0.00000, 0.00233
24868, 20.175327, -25, 500, 0.00000, 0.00197
24869, 20.179497, -25, 500, 0.00000, 0.00233
24870, 20.183676, -25, 500, 0.00000, 0.00664
24871, 20.187782, -25, 500, 0.00000, 0.00161
24872, 20.192307, -25, 500, 0.00000, 0.00089
24873, 20.196440, -25, 500, 0.00000, 0.00125
24874, 20.200790, -25, 500, 0.00000, -0.00019
24875, 20.204992, -25, 500, 0.00000, 0.00125
24876, 20.209297, -25, 500, 0.00000, 0.00089
24877, 20.213341, -25, 500, 0.00000, 0.00197
24878, 20.217407, -25, 500, 0.00000, 0.00053
24879, 20.221848, -25, 500, 0.00000, -0.00127
24880, 20.225861, -25, 500, 0.00000, 0.00304
24881, 20.230160, -25, 500, 0.00000, -0.00055
24882, 20.234484, -25, 500, 0.00000, -0.00019
24883, 20.238865, -25, 500, 0.00000, -0.00163
24884, 20.243212, -25, 500, 0.00000, -0.00019
24885, 20.247284, -25, 500, 0.00000, -0.00091
24886, 20.251404, -25, 500, 0.00000, -0.00055
24887, 20.255861, -25, 500, 0.00000, -0.00199
24888, 20.260345, -25, 500, 0.00000, -0.00019
24889, 20.265167, -25, 500, 0.00000, 0.00053
24890, 20.270720, -25, 500, 0.00000, -0.00055
24891, 20.275291, -25, 500, 0.00000, -0.00055
24892, 20.279720, -25, 500, 0.00000, -0.00091
24893, 20.283936, -25, 500, 0.00000, 0.00089
24894, 20.288204, -25, 500, 0.00000, -0.00307
24895, 20.292484, -25, 500, 0.00000, -0.00163
24896, 20.296484, -25, 500, 0.00000, -0.00019
24897, 20.300388, -25, 500, 0.00000, 0.00017
24898, 20.304483, -25, 500, 0.00000, -0.00019
24899, 20.309240, -25, 500, 0.00000, -0.00127
24900, 20.313789, -25, 500, 0.00000, -0.00163
24901, 20.317961, -25, 500, 0.00000, 0.00053
24902, 20.322191, -25, 500, 0.00000, -0.00055
24903, 20.326487, -25, 500, 0.00000, -0.00019
24904, 20.330782, -25, 500, 0.00000, -0.00055
24905, 20.334932, -25, 500, 0.00000, -0.00235
24906, 20.338848, -25, 500, 0.00000, 0.00053
24907, 20.342932, -25, 500, 0.00000, -0.00055
24908, 20.346872, -25, 500, 0.00000, -0.00307
24909, 20.350864, -25, 500, 0.00000, -0.00163
24910, 20.354942, -25, 500, 0.00000, 0.00161
24911, 20.359123, -25, 500, 0.00000, -0.00019
24912, 20.362921, -25, 500, 0.00000, 0.00269
24913, 20.366873, -25, 500, 0.00000, 0.00089
24914, 20.370920, -25, 500, 0.00000, -0.00055
24915, 20.374975, -25, 500, 0.00000, -0.00019
24916, 20.379478, -25, 500, 0.00000, -0.00055
24917, 20.383743, -25, 500, 0.00000, 0.00089
24918, 20.387796, -25, 500, 0.00000, -0.00055
24919, 20.392859, -25, 500, 0.00000, -0.00019
24920, 20.397278, -25, 500, 0.00000, -0.00019
24921, 20.401232, -25, 500, 0.00000, -0.00019
24922, 20.405254, -25, 500, 0.00000, -0.00055
24923, 20.409847, -25, 500, 0.00000, -0.00019
24924, 20.414473, -25, 500, 0.00000, -0.00163
24925, 20.419327, -25, 500, 0.00000, -0.00055
24926, 20.423717, -25, 500, 0.00000, 0.00017
24927, 20.428692, -25, 500, 0.00000, -0.00163
24928, 20.434223, -25, 500, 0.00000, 0.00053
24929, 20.439472, -25, 500, 0.00000, 0.00053
24930, 20.443792, -25, 500, 0.00000, -0.00163
24931, 20.448215, -25, 500, 0.00000, -0.00882
24932, 20.453968, -25, 500, 0.00000, -0.00091
24933, 20.458853, -25, 500, 0.00000, -0.00630
24934, 20.463720, -25, 500, 0.00000, -0.00055
24935, 20.468887, -25, 500, 0.00000, 0.00125
24936, 20.473196, -25, 500, 0.00000, -0.00019
24937, 20.478996, -25, 500, 0.00000, -0.00235
24938, 20.484720, -25, 500, 0.00000, 0.00017
24939, 20.489897, -25, 500, 0.00000, -0.00163
24940, 20.495472, -25, 500, 0.00000, 0.00017
24941, 20.501720, -25, 500, 0.00000, 0.00089
24942, 20.506804, -25, 500, 0.00000, -0.00091
24943, 20.511185, -25, 500, 0.00000, -0.00055
24944, 20.515219, -25, 500, 0.00000, 0.00125
24945, 20.519899, -25, 500, 0.00000, -0.00019
24946, 20.525221, -25, 500, 0.00000, -0.00055
24947, 20.531248, -25, 500, 0.00000, 0.00017
24948, 20.536743, -25, 500, 0.00000, -0.00019
24949, 20.541496, -25, 500, 0.00000, -0.00019
24950, 20.547457, -25, 500, 0.00000, -0.00055
24951, 20.553364, -25, 500, 0.00000, 0.00017
24952, 20.557720, -25, 500, 0.00000, -0.00091
24953, 20.562769, -25, 500, 0.00000, -0.00019
24954, 20.568172, -25, 500, 0.00000, -0.00055
24955, 20.572191, -25, 500, 0.00000, -0.00019
24956, 20.576880, -25, 500, 0.00000, -0.00127
24957, 20.582443, -25, 500, 0.00000, 0.00089
24958, 20.587255, -25, 500, 0.00000, -0.00163
24959, 20.591419, -25, 500, 0.00000, -0.00019
24960, 20.595640, -25, 500, 0.00000, -0.00019
24961, 20.599495, -25, 500, 0.00000, 0.00017
24962, 20.603271, -25, 500, 0.00000, -0.00019
24963, 20.607632, -25, 500, 0.00000, 0.00053
24964, 20.611776, -25, 500, 0.00000, 0.00053
24965, 20.615721, -25, 500, 0.00000, 0.00448
24966, 20.619793, -25, 500, 0.00000, 0.00089
24967, 20.623960, -25, 500, 0.00000, -0.00019
24968, 20.628136, -25, 500, 0.00000, 0.00125
24969, 20.632336, -25, 500, 0.00000, -0.00091
24970, 20.635971, -25, 500, 0.00000, 0.00017
24971, 20.639948, -25, 500, 0.00000, 0.00412
24972, 20.644470, -25, 500, 0.00000, -0.00019
24973, 20.648882, -25, 500, 0.00000, 0.00125
24974, 20.655296, -25, 500, 0.00000, -0.00990
24975, 20.660120, -25, 500, 0.00000, -0.00019
24976, 20.664982, -25, 500, 0.00000, 0.00161
24977, 20.669920, -25, 500, 0.00000, -0.00019
24978, 20.674120, -25, 500, 0.00000, -0.00055
24979, 20.678200, -25, 500, 0.00000, 0.00340
24980, 20.682354, -25, 500, 0.00000, 0.00053
24981, 20.686371, -25, 500, 0.00000, 0.00017
24982, 20.690411, -25, 500, 0.00000, -0.00055
24983, 20.694719, -25, 500, 0.00000, -0.00091
24984, 20.698996, -25, 500, 0.00000, 0.00125
24985, 20.702940, -25, 500, 0.00000, -0.00055
24986, 20.707212, -25, 500, 0.00000, -0.00163
24987, 20.711256, -25, 500, 0.00000, -0.00163
24988, 20.714949, -25, 500, 0.00000, 0.00053
24989, 20.719721, -25, 500, 0.00000, -0.00019
24990, 20.724241, -25, 500, 0.00000, -0.00091
24991, 20.729233, -25, 500, 0.00000, 0.00053
24992, 20.734159, -25, 500, 0.00000, 0.00053
24993, 20.738461, -25, 500, 0.00000, -0.01169
24994, 20.743149, -25, 500, 0.00000, -0.00522
24995, 20.746864, -25, 500, 0.00000, -0.00990
24996, 20.751219, -25, 500, 0.00000, 0.00053
24997, 20.754992, -25, 500, 0.00000, -0.00019
24998, 20.759304, -25, 500, 0.00000, -0.00055
24999, 20.764885, -25, 500, 0.00000, 0.00161
25000, 20.769152, -25, 500, 0.00000, 0.00125
25001, 20.773657, -25, 500, 0.00000, 0.00089
25002, 20.779360, -25, 500, 0.00000, -0.00127
25003, 20.784868, -25, 500, 0.00000, -0.00127
25004, 20.790476, -25, 500, 0.00000, -0.00127
25005, 20.796404, -25, 500, 0.00000, 0.00484
25006, 20.801720, -25, 500, 0.00000, 0.00017
25007, 20.806992, -25, 500, 0.00000, -0.00163
25008, 20.812248, -25, 500, 0.00000, 0.00017
25009, 20.818230, -25, 500, 0.00000, -0.00019
25010, 20.823879, -25, 500, 0.00000, -0.00019
25011, 20.829453, -25, 500, 0.00000, 0.00017
25012, 20.834784, -25, 500, 0.00000, 0.00053
25013, 20.838783, -25, 500, 0.00000, -0.00019
25014, 20.842806, -25, 500, 0.00000, -0.00019
25015, 20.848156, -25, 500, 0.00000, 0.00053
25016, 20.852972, -25, 500, 0.00000, 0.00125
25017, 20.856873, -25, 500, 0.00000, -0.00019
25018, 20.862127, -25, 500, 0.00000, -0.00019
25019, 20.867971, -25, 500, 0.00000, -0.00019
25020, 20.873304, -25, 500, 0.00000, -0.00091
25021, 20.877348, -25, 500, 0.00000, 0.00017
25022, 20.881424, -25, 500, 0.00000, -0.00019
25023, 20.887316, -25, 500, 0.00000, -0.00055
25024, 20.893858, -25, 500, 0.00000, -0.00019
25025, 20.898392, -25, 500, 0.00000, 0.00304
25026, 20.902376, -25, 500, 0.00000, -0.00019
25027, 20.906645, -25, 500, 0.00000, -0.00019
25028, 20.910440, -25, 500, 0.00000, 0.00089
25029, 20.915880, -25, 500, 0.00000, 0.00089
25030, 20.921396, -25, 500, 0.00000, 0.00053
25031, 20.926901, -25, 500, 0.00000, -0.00019
25032, 20.932444, -25, 500, 0.00000, 0.00304
25033, 20.937920, -25, 500, 0.00000, 0.00628
25034, 20.942644, -25, 500, 0.00000, -0.00019
25035, 20.946806, -25, 500, 0.00000, -0.00055
25036, 20.951904, -25, 500, 0.00000, 0.00125
25037, 20.956804, -25, 500, 0.00000, -0.00091
25038, 20.961470, -25, 500, 0.00000, -0.00055
25039, 20.967363, -25, 500, 0.00000, -0.00019
25040, 20.971985, -25, 500, 0.00000, 0.00089
25041, 20.976171, -25, 500, 0.00000, -0.00019
25042, 20.980930, -25, 500, 0.00000, -0.00019
25043, 20.985628, -25, 500, 0.00000, -0.00163
25044, 20.990744, -25, 500, 0.00000, -0.00055
25045, 20.995195, -25, 500, 0.00000, 0.00376
25046, 21.001228, -25, 500, 0.00000, -0.00019
25047, 21.005720, -25, 500, 0.00000, -0.00127
25048, 21.009848, -25, 500, 0.00000, 0.00304
25049, 21.013784, -25, 500, 0.00000, -0.00558
25050, 21.017456, -25, 500, 0.00000, 0.00017
25051, 21.021492, -25, 500, 0.00000, -0.00019
25052, 21.025352, -25, 500, 0.00000, -0.00091
25053, 21.029234, -25, 500, 0.20000, 0.00017
25054, 21.032951, -25, 500, 0.20000, 0.00448
25055, 21.037243, -25, 500, 0.20000, 0.00340
25056, 21.041256, -25, 500, 0.20000, 0.02066
25057, 21.044786, -25, 500, 0.20000, 0.03468
25058, 21.048855, -25, 500, 0.20000, 0.05409
25059, 21.052965, -25, 500, 0.20000, 0.07278
25060, 21.057779, -25, 500, 0.20000, 0.09938
25061, 21.061787, -25, 500, 0.20000, 0.12023
25062, 21.067356, -25, 500, 0.20000, 0.14539
25063, 21.072483, -25, 500, 0.20000, 0.16624
25064, 21.076719, -25, 500, 0.20000, 0.18241
25065, 21.080652, -25, 500, 0.20000, 0.19463
25066, 21.084633, -25, 500, 0.20000, 0.20362
25067, 21.088745, -25, 500, 0.20000, 0.21297
25068, 21.093868, -25, 500, 0.20000, 0.21800
25069, 21.098484, -25, 500, 0.20000, 0.22339
25070, 21.102489, -25, 500, 0.20000, 0.22519
25071, 21.106651, -25, 500, 0.20000, 0.22231
25072, 21.111448, -25, 500, 0.20000, 0.22339
25073, 21.116472, -25, 500, 0.20000, 0.22375
25074, 21.120775, -25, 500, 0.20000, 0.22375
25075, 21.125469, -25, 500, 0.20000, 0.21692
25076, 21.129623, -25, 500, 0.20000, 0.21404
25077, 21.133497, -25, 500, 0.20000, 0.21045
25078, 21.137386, -25, 500, 0.20000, 0.20865
25079, 21.141417, -25, 500, 0.20000, 0.19931
25080, 21.145220, -25, 500, 0.20000, 0.20146
25081, 21.149128, -25, 500, 0.20000, 0.20074
25082, 21.152876, -25, 500, 0.20000, 0.20254
25083, 21.157721, -25, 500, 0.20000, 0.19823
25084, 21.161720, -25, 500, 0.20000, 0.20002
25085, 21.165470, -25, 500, 0.20000, 0.19823
25086, 21.170706, -25, 500, 0.20000, 0.19715
25087, 21.175766, -25, 500, 0.20000, 0.19607
25088, 21.181898, -25, 500, 0.20000, 0.19751
25089, 21.186331, -25, 500, 0.20000, 0.19643
25090, 21.190420, -25, 500, 0.20000, 0.19787
25091, 21.196234, -25, 500, 0.20000, 0.19751
25092, 21.202148, -25, 500, 0.20000, 0.19751
25093, 21.206985, -25, 500, 0.20000, 0.19751
25094, 21.211987, -25, 500, 0.20000, 0.19823
25095, 21.218784, -25, 500, 0.20000, 0.19931
25096, 21.224403, -25, 500, 0.20000, 0.19859
25097, 21.228746, -25, 500, 0.20000, 0.20038
25098, 21.234192, -25, 500, 0.20000, 0.19787
25099, 21.239719, -25, 500, 0.20000, 0.19967
25100, 21.244837, -25, 500, 0.20000, 0.19895
25101, 21.249935, -25, 500, 0.20000, 0.20110
25102, 21.254871, -25, 500, 0.20000, 0.19787
25103, 21.259972, -25, 500, 0.20000, 0.20146
25104, 21.265968, -25, 500, 0.20000, 0.20110
25105, 21.270620, -25, 500, 0.20000, 0.20074
25106, 21.274849, -25, 500, 0.20000, 0.20074
25107, 21.280184, -25, 500, 0.20000, 0.20074
25108, 21.285175, -25, 500, 0.20000, 0.20038
25109, 21.289280, -25, 500, 0.20000, 0.20685
25110, 21.293699, -25, 500, 0.20000, 0.19715
25111, 21.299419, -25, 500, 0.20000, 0.19895
25112, 21.305187, -25, 500, 0.20000, 0.19967
25113, 21.309654, -25, 500, 0.20000, 0.20362
25114, 21.314943, -25, 500, 0.20000, 0.20038
25115, 21.320780, -25, 500, 0.20000, 0.20038
25116, 21.325745, -25, 500, 0.20000, 0.19931
25117, 21.331469, -25, 500, 0.20000, 0.20002
25118, 21.336409, -25, 500, 0.20000, 0.19895
25119, 21.340685, -25, 500, 0.20000, 0.19859
25120, 21.344721, -25, 500, 0.20000, 0.19967
25121, 21.350380, -25, 500, 0.20000, 0.20542
25122, 21.355379, -25, 500, 0.20000, 0.20254
25123, 21.359484, -25, 500, 0.20000, 0.20002
25124, 21.365644, -25, 500, 0.20000, 0.20002
25125, 21.370823, -25, 500, 0.20000, 0.19931
25126, 21.375719, -25, 500, 0.20000, 0.19895
25127, 21.381964, -25, 500, 0.20000, 0.19931
25128, 21.386858, -25, 500, 0.20000, 0.19931
25129, 21.390966, -25, 500, 0.20000, 0.19895
25130, 21.395273, -25, 500, 0.20000, 0.19967
25131, 21.400965, -25, 500, 0.20000, 0.20254
25132, 21.406298, -25, 500, 0.20000, 0.19859
25133, 21.410496, -25, 500, 0.20000, 0.19967
25134, 21.416174, -25, 500, 0.20000, 0.20002
25135, 21.421967, -25, 500, 0.20000, 0.20002
25136, 21.426191, -25, 500, 0.20000, 0.20002
25137, 21.430815, -25, 500, 0.20000, 0.19967
25138, 21.436853, -25, 500, 0.20000, 0.19931
25139, 21.442135, -25, 500, 0.20000, 0.19643
25140, 21.447231, -25, 500, 0.20000, 0.19931
25141, 21.453360, -25, 500, 0.20000, 0.19967
25142, 21.458372, -25, 500, 0.20000, 0.19859
25143, 21.463451, -25, 500, 0.20000, 0.19787
25144, 21.469152, -25, 500, 0.20000, 0.20362
25145, 21.474224, -25, 500, 0.20000, 0.19967
25146, 21.479883, -25, 500, 0.20000, 0.19967
25147, 21.485909, -25, 500, 0.20000, 0.19967
25148, 21.490189, -25, 500, 0.20000, 0.19931
25149, 21.494823, -25, 500, 0.20000, 0.19895
25150, 21.498903, -25, 500, 0.20000, 0.20038
25151, 21.504480, -25, 500, 0.20000, 0.20038
25152, 21.509787, -25, 500, 0.20000, 0.19895
25153, 21.515368, -25, 500, 0.20000, 0.20074
25154, 21.520351, -25, 500, 0.20000, 0.20038
25155, 21.524929, -25, 500, 0.20000, 0.20038
25156, 21.530424, -25, 500, 0.20000, 0.19715
25157, 21.535805, -25, 500, 0.20000, 0.20254
25158, 21.540745, -25, 500, 0.20000, 0.19967
25159, 21.545992, -25, 500, 0.20000, 0.19895
25160, 21.551968, -25, 500, 0.20000, 0.19967
25161, 21.557240, -25, 500, 0.20000, 0.19967
25162, 21.562628, -25, 500, 0.20000, 0.19967
25163, 21.568340, -25, 500, 0.20000, 0.20002
25164, 21.573465, -25, 500, 0.20000, 0.19967
25165, 21.577496, -25, 500, 0.20000, 0.19931
25166, 21.582764, -25, 500, 0.20000, 0.19931
25167, 21.588150, -25, 500, 0.20000, 0.19967
25168, 21.592129, -25, 500, 0.20000, 0.19787
25169, 21.596628, -25, 500, 0.20000, 0.20002
25170, 21.602720, -25, 500, 0.20000, 0.20146
25171, 21.607653, -25, 500, 0.20000, 0.19859
25172, 21.611984, -25, 500, 0.20000, 0.20002
25173, 21.616138, -25, 500, 0.20000, 0.20002
25174, 21.621719, -25, 500, 0.20000, 0.19859
25175, 21.626371, -25, 500, 0.20000, 0.20038
25176, 21.632181, -25, 500, 0.20000, 0.20038
25177, 21.637747, -25, 500, 0.20000, 0.20002
25178, 21.642717, -25, 500, 0.20000, 0.20038
25179, 21.648232, -25, 500, 0.20000, 0.20038
25180, 21.652948, -25, 500, 0.20000, 0.19895
25181, 21.658794, -25, 500, 0.20000, 0.19895
25182, 21.664410, -25, 500, 0.20000, 0.20038
25183, 21.669996, -25, 500, 0.20000, 0.19967
25184, 21.674995, -25, 500, 0.20000, 0.20002
25185, 21.680355, -25, 500, 0.20000, 0.19679
25186, 21.686359, -25, 500, 0.20000, 0.19895
25187, 21.692234, -25, 500, 0.20000, 0.19823
25188, 21.698408, -25, 500, 0.20000, 0.20038
25189, 21.703970, -25, 500, 0.20000, 0.20110
25190, 21.709339, -25, 500, 0.20000, 0.20074
25191, 21.713257, -25, 500, 0.20000, 0.19895
25192, 21.717438, -25, 500, 0.20000, 0.19967
25193, 21.722864, -25, 500, 0.20000, 0.19859
25194, 21.727783, -25, 500, 0.20000, 0.20110
25195, 21.733892, -25, 500, 0.20000, 0.19895
25196, 21.738785, -25, 500, 0.20000, 0.20002
25197, 21.744200, -25, 500, 0.20000, 0.19931
25198, 21.748848, -25, 500, 0.20000, 0.20038
25199, 21.752989, -25, 500, 0.20000, 0.20038
25200, 21.757166, -25, 500, 0.20000, 0.19967
25201, 21.761393, -25, 500, 0.20000, 0.20290
25202, 21.767179, -25, 500, 0.20000, 0.20038
25203, 21.772480, -25, 500, 0.20000, 0.20002
25204, 21.777420, -25, 500, 0.20000, 0.19931
25205, 21.783167, -25, 500, 0.20000, 0.20002
25206, 21.788780, -25, 500, 0.20000, 0.20146
25207, 21.793142, -25, 500, 0.20000, 0.19931
25208, 21.797916, -25, 500, 0.20000, 0.20182
25209, 21.803268, -25, 500, 0.20000, 0.19967
25210, 21.808420, -25, 500, 0.20000, 0.19823
25211, 21.813166, -25, 500, 0.20000, 0.19967
25212, 21.818876, -25, 500, 0.20000, 0.19967
25213, 21.822941, -25, 500, 0.20000, 0.19859
25214, 21.827299, -25, 500, 0.20000, 0.19895
25215, 21.831903, -25, 500, 0.20000, 0.20074
25216, 21.837944, -25, 500, 0.20000, 0.20002
25217, 21.843281, -25, 500, 0.20000, 0.20074
25218, 21.849249, -25, 500, 0.20000, 0.20074
25219, 21.854795, -25, 500, 0.20000, 0.18996
25220, 21.859753, -25, 500, 0.20000, 0.20002
25221, 21.864395, -25, 500, 0.20000, 0.20038
25222, 21.870396, -25, 500, 0.20000, 0.20002
25223, 21.874916, -25, 500, 0.20000, 0.19967
25224, 21.880358, -25, 500, 0.20000, 0.19967
25225, 21.885216, -25, 500, 0.20000, 0.20002
25226, 21.889721, -25, 500, 0.20000, 0.20110
25227, 21.894136, -25, 500, 0.20000, 0.20362
25228, 21.898142, -25, 500, 0.20000, 0.20002
25229, 21.902468, -25, 500, 0.20000, 0.19715
25230, 21.906719, -25, 500, 0.20000, 0.19895
25231, 21.910797, -25, 500, 0.20000, 0.20002
25232, 21.915348, -25, 500, 0.20000, 0.19967
25233, 21.919296, -25, 500, 0.20000, 0.20002
25234, 21.923378, -25, 500, 0.20000, 0.19967
25235, 21.927496, -25, 500, 0.20000, 0.20254
25236, 21.932148, -25, 500, 0.20000, 0.20038
25237, 21.935875, -25, 500, 0.20000, 0.20074
25238, 21.940466, -25, 500, 0.20000, 0.19895
25239, 21.944712, -25, 500, 0.20000, 0.20002
25240, 21.948805, -25, 500, 0.20000, 0.20074
25241, 21.952721, -25, 500, 0.20000, 0.20002
25242, 21.956745, -25, 500, 0.20000, 0.19931
25243, 21.960793, -25, 500, 0.20000, 0.19931
25244, 21.964970, -25, 500, 0.20000, 0.20002
25245, 21.969273, -25, 500, 0.20000, 0.20002
25246, 21.973297, -25, 500, 0.20000, 0.19895
25247, 21.977436, -25, 500, 0.20000, 0.20002
25248, 21.981878, -25, 500, 0.20000, 0.19967
25249, 21.986744, -25, 500, 0.20000, 0.19967
25250, 21.991720, -25, 500, 0.20000, 0.19787
25251, 21.996469, -25, 500, 0.20000, 0.19967
25252, 22.000786, -25, 500, 0.20000, 0.20506
25253, 22.005192, -25, 500, 0.20000, 0.19751
25254, 22.009460, -25, 500, 0.20000, 0.20038
25255, 22.013468, -25, 500, 0.20000, 0.19931
25256, 22.017864, -25, 500, 0.20000, 0.20110
25257, 22.022217, -25, 500, 0.20000, 0.19967
25258, 22.026129, -25, 500, 0.20000, 0.19967
25259, 22.029936, -25, 500, 0.00000, 0.20002
25260, 22.033876, -25, 500, 0.00000, 0.19931
25261, 22.037745, -25, 500, 0.00000, 0.19284
25262, 22.041847, -25, 500, 0.00000, 0.17954
25263, 22.046192, -25, 500, 0.00000, 0.16156
25264, 22.049940, -25, 500, 0.00000, 0.14359
25265, 22.053940, -25, 500, 0.00000, 0.12274
25266, 22.058231, -25, 500, 0.00000, 0.09758
25267, 22.062466, -25, 500, 0.00000, 0.07961
25268, 22.066484, -25, 500, 0.00000, 0.05876
25269, 22.070221, -25, 500, 0.00000, 0.04151
25270, 22.074274, -25, 500, 0.00000, 0.02677
25271, 22.078279, -25, 500, 0.00000, 0.01167
25272, 22.081997, -25, 500, 0.00000, 0.00340
25273, 22.085924, -25, 500, 0.00000, -0.00666
25274, 22.090252, -25, 500, 0.00000, -0.01457
25275, 22.094345, -25, 500, 0.00000, -0.01673
25276, 22.098429, -25, 500, 0.00000, -0.02140
25277, 22.103956, -25, 500, 0.00000, -0.02679
25278, 22.110439, -25, 500, 0.00000, -0.02356
25279, 22.115988, -25, 500, 0.00000, -0.02212
25280, 22.122164, -25, 500, 0.00000, -0.01888
25281, 22.128395, -25, 500, 0.00000, -0.01565
25282, 22.133892, -25, 500, 0.00000, -0.01493
25283, 22.139862, -25, 500, 0.00000, -0.00882
25284, 22.144676, -25, 500, 0.00000, -0.00522
25285, 22.149719, -25, 500, 0.00000, -0.00307
25286, 22.155472, -25, 500, 0.00000, -0.00019
25287, 22.160721, -25, 500, 0.00000, 0.00161
25288, 22.165812, -25, 500, 0.00000, 0.00161
25289, 22.169720, -25, 500, 0.00000, 0.00269
25290, 22.173874, -25, 500, 0.00000, 0.00412
25291, 22.178242, -25, 500, 0.00000, -0.00738
25292, 22.183828, -25, 500, 0.00000, 0.00233
25293, 22.189392, -25, 500, 0.00000, 0.00340
25294, 22.194157, -25, 500, 0.00000, -0.00486
25295, 22.197935, -25, 500, 0.00000, 0.00304
25296, 22.202148, -25, 500, 0.00000, 0.00197
25297, 22.206484, -25, 500, 0.00000, 0.00161
25298, 22.210720, -25, 500, 0.00000, 0.00125
25299, 22.214783, -25, 500, 0.00000, 0.00161
25300, 22.218784, -25, 500, 0.00000, -0.00307
25301, 22.222927, -25, 500, 0.00000, 0.00197
25302, 22.226721, -25, 500, 0.00000, -0.00019
25303, 22.230782, -25, 500, 0.00000, 0.00053
25304, 22.234783, -25, 500, 0.00000, -0.00091
25305, 22.238720, -25, 500, 0.00000, -0.00594
25306, 22.242785, -25, 500, 0.00000, -0.00343
25307, 22.246786, -25, 500, 0.00000, -0.00307
25308, 22.250805, -25, 500, 0.00000, -0.00019
25309, 22.254805, -25, 500, 0.00000, 0.00017
25310, 22.258780, -25, 500, 0.00000, -0.00055
25311, 22.263264, -25, 500, 0.00000, 0.00125
25312, 22.268984, -25, 500, 0.00000, -0.00019
25313, 22.274824, -25, 500, 0.00000, -0.00091
25314, 22.280296, -25, 500, 0.00000, -0.00019
25315, 22.284784, -25, 500, 0.00000, -0.00127
25316, 22.289721, -25, 500, 0.00000, -0.00163
25317, 22.295469, -25, 500, 0.00000, -0.00019
25318, 22.299868, -25, 500, 0.00000, 0.00053
25319, 22.303991, -25, 500, 0.00000, -0.00019
25320, 22.307940, -25, 500, 0.00000, -0.00055
25321, 22.311987, -25, 500, 0.00000, -0.00019
25322, 22.315851, -25, 500, 0.00000, -0.00163
25323, 22.319719, -25, 500, 0.00000, -0.00019
25324, 22.323448, -25, 500, 0.00000, 0.00017
25325, 22.327284, -25, 500, 0.00000, 0.00089
25326, 22.331484, -25, 500, 0.00000, 0.00017
25327, 22.335720, -25, 500, 0.00000, 0.00053
25328, 22.339788, -25, 500, 0.00000, -0.00019
25329, 22.343927, -25, 500, 0.00000, 0.00017
25330, 22.347946, -25, 500, 0.00000, 0.00053
25331, 22.352192, -25, 500, 0.00000, 0.00017
25332, 22.355915, -25, 500, 0.00000, 0.00556
25333, 22.360220, -25, 500, 0.00000, -0.00127
25334, 22.364780, -25, 500, 0.00000, 0.00053
25335, 22.368925, -25, 500, 0.00000, -0.00019
25336, 22.374453, -25, 500, 0.00000, -0.00163
25337, 22.379889, -25, 500, 0.00000, -0.00019
25338, 22.384720, -25, 500, 0.00000, -0.00019
25339, 22.388479, -25, 500, 0.00000, -0.00199
25340, 22.392632, -25, 500, 0.00000, 0.00017
25341, 22.396404, -25, 500, 0.00000, -0.00019
25342, 22.401363, -25, 500, 0.00000, 0.00125
25343, 22.406965, -25, 500, 0.00000, -0.00019
25344, 22.412895, -25, 500, 0.00000, 0.00125
25345, 22.417488, -25, 500, 0.00000, 0.00017
25346, 22.421404, -25, 500, 0.00000, -0.00127
25347, 22.425920, -25, 500, 0.00000, 0.00125
25348, 22.429720, -25, 500, 0.00000, 0.00089
25349, 22.433399, -25, 500, 0.00000, 0.00017
25350, 22.437424, -25, 500, 0.00000, -0.00091
25351, 22.441467, -25, 500, 0.00000, 0.00197
25352, 22.445171, -25, 500, 0.00000, -0.00091
25353, 22.448936, -25, 500, 0.00000, 0.00340
25354, 22.452782, -25, 500, 0.00000, 0.00340
25355, 22.456932, -25, 500, 0.00000, -0.00199
25356, 22.460928, -25, 500, 0.00000, 0.00304
25357, 22.464870, -25, 500, 0.00000, 0.00125
25358, 22.468454, -25, 500, 0.00000, -0.00127
25359, 22.472488, -25, 500, 0.00000, -0.00019
25360, 22.476461, -25, 500, 0.00000, 0.00017
25361, 22.480961, -25, 500, 0.00000, -0.00127
25362, 22.486340, -25, 500, 0.00000, 0.00053
25363, 22.490284, -25, 500, 0.00000, -0.00127
25364, 22.494274, -25, 500, 0.00000, 0.00089
25365, 22.498344, -25, 500, 0.00000, 0.00089
25366, 22.502333, -25, 500, 0.00000, -0.00055
25367, 22.506355, -25, 500, 0.00000, -0.00055
25368, 22.511721, -25, 500, 0.00000, 0.00053
25369, 22.516954, -25, 500, 0.00000, -0.00019
25370, 22.522320, -25, 500, 0.00000, -0.00091
25371, 22.527157, -25, 500, 0.00000, -0.00990
25372, 22.531651, -25, 500, 0.00000, -0.00019
25373, 22.535845, -25, 500, 0.00000, -0.00019
25374, 22.539804, -25, 500, 0.00000, -0.00055
25375, 22.543659, -25, 500, 0.00000, -0.00019
25376, 22.547649, -25, 500, 0.00000, 0.00017
25377, 22.551353, -25, 500, 0.00000, -0.00091
25378, 22.555475, -25, 500, 0.00000, -0.00307
25379, 22.559923, -25, 500, 0.00000, -0.00019
25380, 22.563915, -25, 500, 0.00000, -0.00343
25381, 22.568213, -25, 500, 0.00000, -0.00055
25382, 22.572235, -25, 500, 0.00000, -0.00019
25383, 22.576664, -25, 500, 0.00000, 0.00700
25384, 22.580721, -25, 500, 0.00000, 0.00700
25385, 22.584446, -25, 500, 0.00000, 0.00089
25386, 22.588224, -25, 500, 0.00000, 0.00125
25387, 22.592720, -25, 500, 0.00000, 0.00125
25388, 22.598280, -25, 500, 0.00000, 0.00017
25389, 22.603983, -25, 500, 0.00000, 0.00089
25390, 22.608360, -25, 500, 0.00000, 0.00053
25391, 22.612360, -25, 500, 0.00000, -0.00019
25392, 22.616480, -25, 500, 0.00000, 0.00017
25393, 22.621773, -25, 500, 0.00000, -0.00091
25394, 22.626909, -25, 500, 0.00000, -0.00019
25395, 22.631966, -25, 500, 0.00000, 0.00053
25396, 22.637720, -25, 500, 0.00000, -0.00163
25397, 22.643635, -25, 500, 0.00000, -0.00019
25398, 22.649443, -25, 500, 0.00000, 0.00269
25399, 22.653484, -25, 500, 0.00000, -0.00127
25400, 22.657721, -25, 500, 0.00000, 0.00053
25401, 22.661983, -25, 500, 0.00000, 0.00053
25402, 22.665813, -25, 500, 0.00000, 0.00197
25403, 22.669453, -25, 500, 0.00000, -0.00055
25404, 22.673471, -25, 500, 0.00000, -0.00235
25405, 22.677784, -25, 500, 0.00000, -0.00055
25406, 22.683413, -25, 500, 0.00000, 0.00017
25407, 22.689297, -25, 500, 0.00000, -0.00019
25408, 22.693720, -25, 500, 0.00000, 0.00053
25409, 22.697783, -25, 500, 0.00000, 0.00017
25410, 22.701784, -25, 500, 0.00000, 0.00017
25411, 22.705875, -25, 500, 0.00000, -0.00019
25412, 22.710403, -25, 500, 0.00000, 0.00017
25413, 22.714432, -25, 500, 0.00000, 0.00089
25414, 22.718348, -25, 500, 0.00000, -0.00055
25415, 22.722334, -25, 500, 0.00000, -0.00019
25416, 22.726721, -25, 500, 0.00000, -0.00127
25417, 22.730864, -25, 500, 0.00000, 0.00089
25418, 22.734852, -25, 500, 0.00000, 0.00017
25419, 22.739214, -25, 500, 0.00000, 0.00125
25420, 22.743212, -25, 500, 0.00000, 0.00017
25421, 22.747152, -25, 500, 0.00000, -0.00414
25422, 22.750977, -25, 500, 0.00000, 0.00053
25423, 22.755465, -25, 500, 0.00000, -0.00019
25424, 22.761724, -25, 500, 0.00000, -0.00019
25425, 22.767481, -25, 500, 0.00000, -0.00019
25426, 22.773439, -25, 500, 0.00000, -0.00055
25427, 22.780220, -25, 500, 0.00000, 0.00089
25428, 22.785854, -25, 500, 0.00000, 0.00017
25429, 22.791897, -25, 500, 0.00000, 0.00053
25430, 22.798344, -25, 500, 0.00000, 0.00161
25431, 22.803724, -25, 500, 0.00000, 0.00017
25432, 22.807720, -25, 500, 0.00000, 0.00017
25433, 22.813128, -25, 500, 0.00000, -0.00019
25434, 22.818953, -25, 500, 0.00000, -0.00019
25435, 22.824732, -25, 500, 0.00000, -0.00019
25436, 22.829935, -25, 500, 0.00000, 0.00053
25437, 22.834255, -25, 500, 0.00000, 0.00197
25438, 22.838980, -25, 500, 0.00000, -0.00019
25439, 22.844490, -25, 500, 0.00000, -0.00019
25440, 22.848936, -25, 500, 0.00000, 0.00089
25441, 22.852743, -25, 500, 0.00000, -0.00055
25442, 22.856718, -25, 500, 0.00000, -0.00055
25443, 22.860849, -25, 500, 0.00000, 0.00053
25444, 22.864784, -25, 500, 0.00000, 0.00089
25445, 22.868784, -25, 500, 0.00000, -0.00091
25446, 22.872488, -25, 500, 0.00000, -0.00019
25447, 22.876480, -25, 500, 0.00000, -0.00199
25448, 22.880363, -25, 500, 0.00000, 0.00880
25449, 22.884712, -25, 500, 0.00000, 0.00017
25450, 22.888966, -25, 500, 0.00000, 0.00017
25451, 22.892868, -25, 500, 0.00000, -0.00055
25452, 22.897966, -25, 500, 0.00000, -0.00235
25453, 22.903479, -25, 500, 0.00000, 0.00017
25454, 22.909216, -25, 500, 0.00000, -0.00199
25455, 22.913872, -25, 500, 0.00000, 0.00053
25456, 22.918140, -25, 500, 0.00000, 0.00017
25457, 22.922470, -25, 500, 0.00000, -0.00091
25458, 22.927359, -25, 500, 0.00000, -0.00055
25459, 22.932688, -25, 500, 0.00000, -0.00019
25460, 22.938267, -25, 500, 0.00000, -0.00019
25461, 22.942900, -25, 500, 0.00000, 0.00017
25462, 22.946936, -25, 500, 0.00000, -0.00199
25463, 22.951719, -25, 500, 0.00000, -0.00235
25464, 22.957657, -25, 500, 0.00000, -0.00019
25465, 22.962437, -25, 500, 0.00000, -0.00163
25466, 22.968124, -25, 500, 0.00000, -0.00055
25467, 22.973124, -25, 500, 0.00000, -0.00091
25468, 22.977997, -25, 500, 0.00000, -0.00019
25469, 22.983267, -25, 500, 0.00000, 0.00017
25470, 22.988417, -25, 500, 0.00000, -0.00055
25471, 22.994221, -25, 500, 0.00000, 0.00017
25472, 23.000757, -25, 500, 0.00000, -0.00199
25473, 23.006683, -25, 500, 0.00000, -0.00091
25474, 23.011995, -25, 500, 0.00000, -0.00163
25475, 23.017216, -25, 500, 0.00000, 0.00161
25476, 23.022467, -25, 500, 0.00000, -0.00055
25477, 23.026489, -25, 500, 0.00000, 0.00017
25478, 23.030720, -25, 500, 0.00000, 0.00089
25479, 23.035782, -25, 500, 0.20000, -0.00055
25480, 23.039812, -25, 500, 0.20000, -0.00019
25481, 23.045456, -25, 500, 0.20000, 0.01239
25482, 23.049648, -25, 500, 0.20000, 0.02821
25483, 23.053394, -25, 500, 0.20000, 0.03935
25484, 23.057720, -25, 500, 0.20000, 0.06559
25485, 23.062887, -25, 500, 0.20000, 0.09327
25486, 23.067804, -25, 500, 0.20000, 0.11196
25487, 23.073368, -25, 500, 0.20000, 0.14107
25488, 23.078896, -25, 500, 0.20000, 0.16588
25489, 23.084721, -25, 500, 0.20000, 0.18780
25490, 23.089895, -25, 500, 0.20000, 0.20074
25491, 23.095964, -25, 500, 0.20000, 0.21332
25492, 23.101383, -25, 500, 0.20000, 0.21944
25493, 23.107294, -25, 500, 0.20000, 0.22339
25494, 23.112797, -25, 500, 0.20000, 0.22195
25495, 23.118361, -25, 500, 0.20000, 0.22339
25496, 23.124428, -25, 500, 0.20000, 0.20793
25497, 23.130753, -25, 500, 0.20000, 0.21944
25498, 23.135948, -25, 500, 0.20000, 0.21512
25499, 23.139969, -25, 500, 0.20000, 0.21189
25500, 23.144632, -25, 500, 0.20000, 0.20865
25501, 23.149982, -25, 500, 0.20000, 0.20685
25502, 23.155344, -25, 500, 0.20000, 0.20290
25503, 23.160707, -25, 500, 0.20000, 0.20074
25504, 23.165499, -25, 500, 0.20000, 0.19895
25505, 23.169720, -25, 500, 0.20000, 0.19607
25506, 23.174479, -25, 500, 0.20000, 0.19643
25507, 23.180254, -25, 500, 0.20000, 0.19284
25508, 23.185656, -25, 500, 0.20000, 0.19643
25509, 23.189781, -25, 500, 0.20000, 0.19643
25510, 23.193720, -25, 500, 0.20000, 0.19607
25511, 23.198164, -25, 500, 0.20000, 0.19427
25512, 23.203724, -25, 500, 0.20000, 0.19715
25513, 23.208719, -25, 500, 0.20000, 0.20002
25514, 23.213833, -25, 500, 0.20000, 0.19895
25515, 23.218966, -25, 500, 0.20000, 0.19823
25516, 23.224268, -25, 500, 0.20000, 0.19823
25517, 23.229494, -25, 500, 0.20000, 0.20074
25518, 23.234428, -25, 500, 0.20000, 0.20002
25519, 23.239435, -25, 500, 0.20000, 0.19823
25520, 23.243961, -25, 500, 0.20000, 0.19895
25521, 23.248253, -25, 500, 0.20000, 0.20110
25522, 23.252321, -25, 500, 0.20000, 0.19931
25523, 23.256720, -25, 500, 0.20000, 0.19931
25524, 23.262215, -25, 500, 0.20000, 0.20002
25525, 23.267929, -25, 500, 0.20000, 0.20074
25526, 23.273348, -25, 500, 0.20000, 0.20182
25527, 23.277420, -25, 500, 0.20000, 0.19679
25528, 23.281796, -25, 500, 0.20000, 0.20110
25529, 23.287720, -25, 500, 0.20000, 0.20038
25530, 23.292721, -25, 500, 0.20000, 0.20038
25531, 23.297220, -25, 500, 0.20000, 0.20110
25532, 23.302643, -25, 500, 0.20000, 0.19967
25533, 23.307436, -25, 500, 0.20000, 0.20002
25534, 23.313200, -25, 500, 0.20000, 0.20146
25535, 23.318783, -25, 500, 0.20000, 0.19967
25536, 23.322657, -25, 500, 0.20000, 0.19967
25537, 23.326965, -25, 500, 0.20000, 0.19967
25538, 23.330721, -25, 500, 0.20000, 0.20074
25539, 23.334721, -25, 500, 0.20000, 0.19715
25540, 23.338844, -25, 500, 0.20000, 0.20002
25541, 23.343472, -25, 500, 0.20000, 0.20002
25542, 23.347473, -25, 500, 0.20000, 0.20110
25543, 23.351454, -25, 500, 0.20000, 0.19787
25544, 23.355850, -25, 500, 0.20000, 0.20002
25545, 23.359859, -25, 500, 0.20000, 0.20074
25546, 23.364285, -25, 500, 0.20000, 0.20002
25547, 23.369371, -25, 500, 0.20000, 0.20182
25548, 23.373362, -25, 500, 0.20000, 0.19967
25549, 23.378475, -25, 500, 0.20000, 0.20002
25550, 23.382441, -25, 500, 0.20000, 0.19967
25551, 23.386744, -25, 500, 0.20000, 0.19967
25552, 23.390444, -25, 500, 0.20000, 0.20038
25553, 23.395365, -25, 500, 0.20000, 0.20110
25554, 23.401203, -25, 500, 0.20000, 0.20038
25555, 23.406849, -25, 500, 0.20000, 0.19895
25556, 23.410805, -25, 500, 0.20000, 0.19967
25557, 23.414976, -25, 500, 0.20000, 0.20614
25558, 23.418909, -25, 500, 0.20000, 0.19931
25559, 23.423136, -25, 500, 0.20000, 0.20434
25560, 23.427216, -25, 500, 0.20000, 0.19895
25561, 23.431477, -25, 500, 0.20000, 0.19931
25562, 23.435471, -25, 500, 0.20000, 0.20002
25563, 23.439358, -25, 500, 0.20000, 0.19967
25564, 23.443407, -25, 500, 0.20000, 0.19967
25565, 23.447821, -25, 500, 0.20000, 0.19967
25566, 23.451719, -25, 500, 0.20000, 0.20326
25567, 23.456404, -25, 500, 0.20000, 0.19931
25568, 23.460661, -25, 500, 0.20000, 0.20038
25569, 23.464806, -25, 500, 0.20000, 0.20038
25570, 23.468870, -25, 500, 0.20000, 0.19931
25571, 23.473204, -25, 500, 0.20000, 0.19931
25572, 23.477356, -25, 500, 0.20000, 0.20506
25573, 23.482767, -25, 500, 0.20000, 0.19967
25574, 23.488188, -25, 500, 0.20000, 0.19967
25575, 23.492844, -25, 500, 0.20000, 0.19967
25576, 23.497320, -25, 500, 0.20000, 0.20182
25577, 23.501795, -25, 500, 0.20000, 0.19967
25578, 23.507368, -25, 500, 0.20000, 0.19499
25579, 23.512630, -25, 500, 0.20000, 0.19895
25580, 23.516832, -25, 500, 0.20000, 0.19967
25581, 23.521433, -25, 500, 0.20000, 0.19931
25582, 23.525951, -25, 500, 0.20000, 0.20038
25583, 23.530809, -25, 500, 0.20000, 0.19967
25584, 23.535217, -25, 500, 0.20000, 0.19895
25585, 23.539324, -25, 500, 0.20000, 0.19823
25586, 23.543257, -25, 500, 0.20000, 0.20002
25587, 23.546871, -25, 500, 0.20000, 0.19967
25588, 23.550489, -25, 500, 0.20000, 0.20002
25589, 23.554331, -25, 500, 0.20000, 0.20038
25590, 23.558720, -25, 500, 0.20000, 0.20254
25591, 23.562471, -25, 500, 0.20000, 0.19931
25592, 23.566719, -25, 500, 0.20000, 0.19895
25593, 23.570864, -25, 500, 0.20000, 0.19751
25594, 23.574743, -25, 500, 0.20000, 0.20937
25595, 23.578945, -25, 500, 0.20000, 0.19967
25596, 23.582874, -25, 500, 0.20000, 0.20002
25597, 23.588900, -25, 500, 0.20000, 0.19967
25598, 23.593887, -25, 500, 0.20000, 0.19895
25599, 23.598927, -25, 500, 0.20000, 0.19967
25600, 23.603493, -25, 500, 0.20000, 0.19643
25601, 23.607365, -25, 500, 0.20000, 0.19751
25602, 23.611959, -25, 500, 0.20000, 0.20074
25603, 23.617409, -25, 500, 0.20000, 0.19967
25604, 23.622890, -25, 500, 0.20000, 0.19931
25605, 23.628429, -25, 500, 0.20000, 0.20002
25606, 23.633829, -25, 500, 0.20000, 0.20002
25607, 23.638733, -25, 500, 0.20000, 0.19931
25608, 23.644215, -25, 500, 0.20000, 0.20002
25609, 23.649487, -25, 500, 0.20000, 0.19931
25610, 23.653452, -25, 500, 0.20000, 0.19967
25611, 23.657345, -25, 500, 0.20000, 0.20002
25612, 23.661221, -25, 500, 0.20000, 0.20254
25613, 23.665428, -25, 500, 0.20000, 0.19931
25614, 23.669268, -25, 500, 0.20000, 0.19895
25615, 23.673342, -25, 500, 0.20000, 0.19967
25616, 23.677404, -25, 500, 0.20000, 0.19859
25617, 23.681389, -25, 500, 0.20000, 0.20038
25618, 23.685259, -25, 500, 0.20000, 0.19823
25619, 23.689173, -25, 500, 0.20000, 0.20002
25620, 23.692936, -25, 500, 0.20000, 0.20038
25621, 23.698656, -25, 500, 0.20000, 0.20038
25622, 23.703753, -25, 500, 0.20000, 0.20002
25623, 23.709637, -25, 500, 0.20000, 0.20038
25624, 23.714924, -25, 500, 0.20000, 0.19967
25625, 23.719193, -25, 500, 0.20000, 0.19859
25626, 23.723469, -25, 500, 0.20000, 0.19607
25627, 23.729183, -25, 500, 0.20000, 0.19967
25628, 23.733656, -25, 500, 0.20000, 0.20326
25629, 23.737783, -25, 500, 0.20000, 0.20038
25630, 23.741793, -25, 500, 0.20000, 0.19967
25631, 23.746719, -25, 500, 0.20000, 0.20002
25632, 23.751680, -25, 500, 0.20000, 0.19967
25633, 23.757269, -25, 500, 0.20000, 0.20074
25634, 23.762745, -25, 500, 0.20000, 0.19895
25635, 23.768436, -25, 500, 0.20000, 0.20038
25636, 23.774469, -25, 500, 0.20000, 0.20074
25637, 23.780380, -25, 500, 0.20000, 0.19895
25638, 23.786287, -25, 500, 0.20000, 0.20182
25639, 23.792492, -25, 500, 0.20000, 0.19967
25640, 23.796787, -25, 500, 0.20000, 0.20002
25641, 23.800791, -25, 500, 0.20000, 0.19967
25642, 23.805458, -25, 500, 0.20000, 0.19751
25643, 23.810711, -25, 500, 0.20000, 0.20038
25644, 23.815720, -25, 500, 0.20000, 0.19967
25645, 23.819933, -25, 500, 0.20000, 0.19967
25646, 23.824184, -25, 500, 0.20000, 0.19967
25647, 23.828203, -25, 500, 0.20000, 0.19895
25648, 23.832376, -25, 500, 0.20000, 0.19931
25649, 23.838308, -25, 500, 0.20000, 0.19823
25650, 23.843178, -25, 500, 0.20000, 0.20074
25651, 23.848980, -25, 500, 0.20000, 0.20038
25652, 23.854719, -25, 500, 0.20000, 0.20038
25653, 23.858845, -25, 500, 0.20000, 0.19931
25654, 23.862776, -25, 500, 0.20000, 0.20290
25655, 23.866455, -25, 500, 0.20000, 0.20074
25656, 23.870388, -25, 500, 0.20000, 0.19931
25657, 23.874411, -25, 500, 0.20000, 0.19967
25658, 23.878830, -25, 500, 0.20000, 0.20002
25659, 23.882847, -25, 500, 0.20000, 0.19967
25660, 23.886744, -25, 500, 0.20000, 0.19967
25661, 23.890476, -25, 500, 0.20000, 0.20002
25662, 23.894232, -25, 500, 0.20000, 0.19967
25663, 23.898396, -25, 500, 0.20000, 0.20038
25664, 23.902351, -25, 500, 0.20000, 0.20002
25665, 23.906336, -25, 500, 0.20000, 0.20002
25666, 23.910648, -25, 500, 0.20000, 0.19967
25667, 23.915155, -25, 500, 0.20000, 0.20038
25668, 23.920977, -25, 500, 0.20000, 0.20074
25669, 23.926203, -25, 500, 0.20000, 0.19967
25670, 23.931252, -25, 500, 0.20000, 0.20074
25671, 23.935251, -25, 500, 0.20000, 0.19931
25672, 23.939341, -25, 500, 0.20000, 0.19715
25673, 23.943913, -25, 500, 0.20000, 0.20002
25674, 23.949163, -25, 500, 0.20000, 0.19967
25675, 23.954889, -25, 500, 0.20000, 0.20002
25676, 23.960239, -25, 500, 0.20000, 0.20506
25677, 23.965719, -25, 500, 0.20000, 0.20002
25678, 23.971697, -25, 500, 0.20000, 0.19643
25679, 23.977177, -25, 500, 0.20000, 0.19931
25680, 23.982822, -25, 500, 0.20000, 0.20038
25681, 23.987850, -25, 500, 0.20000, 0.20002
25682, 23.992949, -25, 500, 0.20000, 0.20074
25683, 23.996927, -25, 500, 0.20000, 0.19967
25684, 24.001242, -25, 500, 0.20000, 0.19931
25685, 24.005203, -25, 500, 0.20000, 0.20254
25686, 24.009195, -25, 500, 0.20000, 0.19895
25687, 24.014416, -25, 500, 0.20000, 0.20002
25688, 24.018412, -25, 500, 0.20000, 0.20038
25689, 24.022358, -25, 500, 0.20000, 0.20002
25690, 24.026285, -25, 500, 0.20000, 0.20002
25691, 24.029987, -25, 500, 0.20000, 0.19967
25692, 24.034201, -25, 500, 0.20000, 0.20002
25693, 24.039783, -25, 500, 0.00000, 0.19895
25694, 24.045132, -25, 500, 0.00000, 0.19535
25695, 24.049721, -25, 500, 0.00000, 0.18780
25696, 24.053789, -25, 500, 0.00000, 0.17019
25697, 24.059343, -25, 500, 0.00000, 0.14647
25698, 24.064631, -25, 500, 0.00000, 0.11879
25699, 24.069950, -25, 500, 0.00000, 0.09111
25700, 24.075392, -25, 500, 0.00000, 0.06343
25701, 24.080212, -25, 500, 0.00000, 0.04294
25702, 24.084782, -25, 500, 0.00000, 0.02461
25703, 24.089720, -25, 500, 0.00000, 0.00880
25704, 24.094744, -25, 500, 0.00000, -0.00379
25705, 24.100220, -25, 500, 0.00000, -0.01205
25706, 24.105721, -25, 500, 0.00000, -0.02068
25707, 24.110643, -25, 500, 0.00000, -0.02320
25708, 24.114798, -25, 500, 0.00000, -0.03074
25709, 24.118975, -25, 500, 0.00000, -0.02427
25710, 24.123892, -25, 500, 0.00000, -0.02356
25711, 24.129980, -25, 500, 0.00000, -0.02104
25712, 24.135914, -25, 500, 0.00000, -0.01744
25713, 24.140720, -25, 500, 0.00000, -0.01205
25714, 24.144886, -25, 500, 0.00000, -0.01205
25715, 24.149195, -25, 500, 0.00000, -0.00522
25716, 24.154406, -25, 500, 0.00000, -0.00558
25717, 24.160259, -25, 500, 0.00000, -0.00414
25718, 24.164782, -25, 500, 0.00000, 0.00053
25719, 24.168781, -25, 500, 0.00000, -0.00127
25720, 24.172672, -25, 500, 0.00000, 0.00089
25721, 24.176483, -25, 500, 0.00000, 0.00304
25722, 24.180489, -25, 500, 0.00000, 0.00304
25723, 24.184460, -25, 500, 0.00000, 0.00340
25724, 24.188456, -25, 500, 0.00000, 0.00125
25725, 24.192371, -25, 500, 0.00000, 0.00233
25726, 24.196720, -25, 500, 0.00000, 0.00125
25727, 24.200720, -25, 500, 0.00000, -0.00271
25728, 24.205360, -25, 500, 0.00000, 0.00233
25729, 24.209469, -25, 500, 0.00000, 0.00053
25730, 24.213448, -25, 500, 0.00000, 0.00161
25731, 24.217720, -25, 500, 0.00000, -0.00235
25732, 24.222347, -25, 500, 0.00000, -0.00091
25733, 24.226255, -25, 500, 0.00000, -0.00055
25734, 24.230425, -25, 500, 0.00000, -0.00091
25735, 24.235973, -25, 500, 0.00000, -0.00055
25736, 24.240822, -25, 500, 0.00000, -0.00091
25737, 24.246149, -25, 500, 0.00000, -0.00055
25738, 24.249781, -25, 500, 0.00000, -0.00091
25739, 24.253813, -25, 500, 0.00000, -0.00055
25740, 24.258221, -25, 500, 0.00000, -0.00091
25741, 24.263718, -25, 500, 0.00000, -0.00019
25742, 24.269329, -25, 500, 0.00000, -0.00091
25743, 24.275240, -25, 500, 0.00000, 0.00233
25744, 24.280972, -25, 500, 0.00000, 0.00197
25745, 24.285784, -25, 500, 0.00000, 0.00017
25746, 24.290968, -25, 500, 0.00000, -0.00091
25747, 24.296753, -25, 500, 0.00000, -0.00055
25748, 24.301744, -25, 500, 0.00000, -0.00019
25749, 24.307219, -25, 500, 0.00000, 0.00484
25750, 24.312267, -25, 500, 0.00000, 0.00520
25751, 24.317957, -25, 500, 0.00000, 0.00304
25752, 24.323776, -25, 500, 0.00000, -0.00091
25753, 24.329973, -25, 500, 0.00000, -0.00055
25754, 24.334368, -25, 500, 0.00000, -0.00019
25755, 24.338720, -25, 500, 0.00000, -0.00199
25756, 24.343241, -25, 500, 0.00000, 0.00304
25757, 24.348444, -25, 500, 0.00000, -0.00055
25758, 24.354197, -25, 500, 0.00000, -0.00019
25759, 24.359268, -25, 500, 0.00000, 0.00017
25760, 24.364471, -25, 500, 0.00000, 0.00017
25761, 24.368719, -25, 500, 0.00000, -0.00019
25762, 24.374769, -25, 500, 0.00000, -0.00127
25763, 24.380356, -25, 500, 0.00000, 0.00125
25764, 24.384951, -25, 500, 0.00000, 0.00089
25765, 24.388985, -25, 500, 0.00000, -0.00091
25766, 24.392960, -25, 500, 0.00000, 0.00053
25767, 24.396996, -25, 500, 0.00000, 0.00017
25768, 24.400955, -25, 500, 0.00000, 0.00053
25769, 24.404936, -25, 500, 0.00000, -0.00055
25770, 24.409485, -25, 500, 0.00000, 0.00053
25771, 24.413845, -25, 500, 0.00000, 0.00125
25772, 24.417784, -25, 500, 0.00000, 0.00376
25773, 24.421721, -25, 500, 0.00000, -0.00019
25774, 24.425854, -25, 500, 0.00000, 0.00161
25775, 24.429935, -25, 500, 0.00000, 0.00053
25776, 24.433784, -25, 500, 0.00000, 0.00376
25777, 24.437454, -25, 500, 0.00000, -0.00055
25778, 24.441719, -25, 500, 0.00000, 0.00017
25779, 24.445782, -25, 500, 0.00000, 0.00161
25780, 24.449720, -25, 500, 0.00000, 0.00017
25781, 24.454906, -25, 500, 0.00000, -0.00019
25782, 24.459963, -25, 500, 0.00000, 0.00017
25783, 24.464466, -25, 500, 0.00000, 0.00089
25784, 24.468273, -25, 500, 0.00000, -0.00127
25785, 24.472620, -25, 500, 0.00000, -0.00271
25786, 24.476744, -25, 500, 0.00000, -0.00019
25787, 24.481201, -25, 500, 0.00000, 0.00089
25788, 24.486938, -25, 500, 0.00000, -0.00163
25789, 24.493399, -25, 500, 0.00000, 0.00125
25790, 24.497648, -25, 500, 0.00000, 0.00053
25791, 24.501669, -25, 500, 0.00000, 0.00017
25792, 24.505341, -25, 500, 0.00000, 0.00197
25793, 24.508850, -25, 500, 0.00000, 0.00161
25794, 24.512848, -25, 500, 0.00000, 0.00017
25795, 24.516785, -25, 500, 0.00000, -0.00091
25796, 24.520859, -25, 500, 0.00000, -0.00019
25797, 24.524948, -25, 500, 0.00000, -0.00055
25798, 24.529203, -25, 500, 0.00000, 0.00017
25799, 24.533297, -25, 500, 0.00000, -0.00019
25800, 24.537720, -25, 500, 0.00000, 0.00017
25801, 24.541796, -25, 500, 0.00000, 0.00017
25802, 24.545795, -25, 500, 0.00000, -0.00019
25803, 24.549871, -25, 500, 0.00000, 0.00161
25804, 24.553864, -25, 500, 0.00000, -0.00019
25805, 24.557846, -25, 500, 0.00000, -0.00019
25806, 24.562176, -25, 500, 0.00000, -0.00091
25807, 24.567720, -25, 500, 0.00000, 0.00053
25808, 24.572802, -25, 500, 0.00000, -0.00450
25809, 24.577385, -25, 500, 0.00000, 0.00520
25810, 24.582787, -25, 500, 0.00000, 0.00053
25811, 24.586794, -25, 500, 0.00000, 0.00161
25812, 24.591171, -25, 500, 0.00000, -0.00091
25813, 24.597124, -25, 500, 0.00000, -0.00019
25814, 24.601646, -25, 500, 0.00000, -0.00091
25815, 24.607321, -25, 500, 0.00000, -0.00019
25816, 24.611191, -25, 500, 0.00000, -0.00019
25817, 24.614985, -25, 500, 0.00000, 0.00017
25818, 24.618980, -25, 500, 0.00000, -0.00019
25819, 24.622984, -25, 500, 0.00000, 0.00017
25820, 24.626917, -25, 500, 0.00000, 0.00017
25821, 24.630783, -25, 500, 0.00000, -0.00019
25822, 24.634939, -25, 500, 0.00000, -0.00055
25823, 24.638939, -25, 500, 0.00000, -0.00055
25824, 24.642872, -25, 500, 0.00000, 0.00089
25825, 24.646852, -25, 500, 0.00000, -0.00019
25826, 24.651150, -25, 500, 0.00000, 0.00053
25827, 24.654812, -25, 500, 0.00000, 0.00089
25828, 24.658804, -25, 500, 0.00000, 0.00053
25829, 24.663136, -25, 500, 0.00000, 0.00340
25830, 24.667150, -25, 500, 0.00000, 0.00017
25831, 24.671732, -25, 500, 0.00000, -0.00307
25832, 24.676868, -25, 500, 0.00000, 0.00017
25833, 24.682407, -25, 500, 0.00000, 0.00053
25834, 24.686340, -25, 500, 0.00000, 0.00304
25835, 24.690483, -25, 500, 0.00000, -0.00019
25836, 24.694862, -25, 500, 0.00000, -0.00271
25837, 24.698914, -25, 500, 0.00000, 0.00017
25838, 24.704887, -25, 500, 0.00000, 0.00412
25839, 24.710899, -25, 500, 0.00000, -0.00019
25840, 24.716812, -25, 500, 0.00000, 0.00017
25841, 24.721197, -25, 500, 0.00000, -0.00019
25842, 24.725428, -25, 500, 0.00000, -0.00019
25843, 24.730124, -25, 500, 0.00000, 0.00125
25844, 24.734331, -25, 500, 0.00000, 0.00017
25845, 24.739445, -25, 500, 0.00000, -0.00127
25846, 24.744148, -25, 500, 0.00000, -0.00019
25847, 24.749376, -25, 500, 0.00000, 0.00161
25848, 24.754349, -25, 500, 0.00000, 0.00017
25849, 24.759684, -25, 500, 0.00000, 0.00089
25850, 24.764977, -25, 500, 0.00000, 0.00017
25851, 24.770191, -25, 500, 0.00000, -0.00019
25852, 24.774652, -25, 500, 0.00000, -0.00091
25853, 24.778721, -25, 500, 0.00000, 0.00161
25854, 24.783939, -25, 500, 0.00000, -0.00019
25855, 24.789404, -25, 500, 0.00000, -0.00450
25856, 24.794979, -25, 500, 0.00000, -0.00127
25857, 24.800779, -25, 500, 0.00000, -0.00163
25858, 24.804785, -25, 500, 0.00000, 0.00017
25859, 24.809174, -25, 500, 0.00000, -0.00055
25860, 24.813171, -25, 500, 0.00000, 0.00053
25861, 24.816872, -25, 500, 0.00000, -0.00019
25862, 24.821180, -25, 500, 0.00000, -0.00127
25863, 24.825127, -25, 500, 0.00000, -0.00019
25864, 24.828918, -25, 500, 0.00000, 0.00161
25865, 24.832788, -25, 500, 0.00000, -0.00055
25866, 24.836920, -25, 500, 0.00000, 0.00125
25867, 24.840937, -25, 500, 0.00000, -0.00055
25868, 24.844936, -25, 500, 0.00000, 0.00233
25869, 24.848721, -25, 500, 0.00000, 0.00125
25870, 24.852495, -25, 500, 0.00000, -0.00163
25871, 24.856485, -25, 500, 0.00000, 0.00304
25872, 24.860468, -25, 500, 0.00000, 0.00269
25873, 24.864464, -25, 500, 0.00000, -0.00414
25874, 24.868788, -25, 500, 0.00000, 0.00053
25875, 24.872942, -25, 500, 0.00000, -0.00091
25876, 24.876984, -25, 500, 0.00000, -0.00235
25877, 24.881472, -25, 500, 0.00000, -0.00055
25878, 24.885719, -25, 500, 0.00000, 0.00017
25879, 24.889805, -25, 500, 0.00000, 0.00017
25880, 24.893871, -25, 500, 0.00000, 0.00197
25881, 24.897984, -25, 500, 0.00000, -0.00055
25882, 24.902231, -25, 500, 0.00000, -0.00091
25883, 24.906263, -25, 500, 0.00000, -0.00055
25884, 24.910788, -25, 500, 0.00000, -0.00019
25885, 24.914978, -25, 500, 0.00000, 0.00053
25886, 24.918936, -25, 500, 0.00000, 0.00269
25887, 24.923370, -25, 500, 0.00000, -0.00163
25888, 24.927933, -25, 500, 0.00000, 0.00017
25889, 24.931984, -25, 500, 0.00000, 0.00017
25890, 24.935854, -25, 500, 0.00000, 0.00053
25891, 24.939812, -25, 500, 0.00000, -0.00091
25892, 24.943720, -25, 500, 0.00000, -0.00019
25893, 24.947857, -25, 500, 0.00000, 0.00089
25894, 24.951853, -25, 500, 0.00000, -0.00055
25895, 24.955721, -25, 500, 0.00000, -0.00307
25896, 24.959469, -25, 500, 0.00000, -0.00055
25897, 24.964172, -25, 500, 0.00000, -0.00055
25898, 24.968285, -25, 500, 0.00000, -0.00055
25899, 24.972122, -25, 500, 0.00000, 0.00053
25900, 24.976189, -25, 500, 0.00000, 0.00017
25901, 24.979876, -25, 500, 0.00000, -0.00019
25902, 24.983967, -25, 500, 0.00000, -0.00055
25903, 24.988232, -25, 500, 0.00000, -0.00019
25904, 24.992311, -25, 500, 0.00000, 0.00053
25905, 24.996496, -25, 500, 0.00000, -0.00163
25906, 25.000463, -25, 500, 0.00000, 0.00017
25907, 25.004332, -25, 500, 0.00000, 0.00197
25908, 25.008720, -25, 500, 0.00000, -0.00091
25909, 25.012857, -25, 500, 0.00000, 0.00053
25910, 25.017260, -25, 500, 0.00000, -0.00055
25911, 25.020924, -25, 500, 0.00000, -0.00307
25912, 25.024719, -25, 500, 0.00000, -0.00019
25913, 25.028997, -25, 500, 0.00000, -0.00055
25914, 25.032986, -25, 500, 0.00000, -0.01169
25915, 25.036934, -25, 500, 0.00000, -0.00055
25916, 25.041212, -25, 500, 0.20000, 0.00017
25917, 25.045347, -25, 500, 0.20000, 0.00053
25918, 25.049410, -25, 500, 0.20000, 0.00916
25919, 25.053192, -25, 500, 0.20000, 0.02066
25920, 25.057236, -25, 500, 0.20000, 0.03647
25921, 25.061651, -25, 500, 0.20000, 0.05840
25922, 25.066196, -25, 500, 0.20000, 0.07817
25923, 25.071218, -25, 500, 0.20000, 0.10261
25924, 25.075838, -25, 500, 0.20000, 0.13173
25925, 25.080408, -25, 500, 0.20000, 0.15006
25926, 25.085194, -25, 500, 0.20000, 0.16767
25927, 25.089363, -25, 500, 0.20000, 0.18385
25928, 25.094437, -25, 500, 0.20000, 0.19967
25929, 25.099400, -25, 500, 0.20000, 0.20937
25930, 25.104212, -25, 500, 0.20000, 0.21440
25931, 25.108721, -25, 500, 0.20000, 0.21800
25932, 25.112827, -25, 500, 0.20000, 0.22411
25933, 25.117165, -25, 500, 0.20000, 0.22411
25934, 25.122656, -25, 500, 0.20000, 0.22447
25935, 25.127460, -25, 500, 0.20000, 0.22267
25936, 25.132711, -25, 500, 0.20000, 0.22123
25937, 25.138796, -25, 500, 0.20000, 0.21656
25938, 25.143797, -25, 500, 0.20000, 0.21297
25939, 25.149370, -25, 500, 0.20000, 0.20829
25940, 25.153353, -25, 500, 0.20000, 0.20721
25941, 25.157824, -25, 500, 0.20000, 0.20398
25942, 25.163984, -25, 500, 0.20000, 0.20146
25943, 25.169720, -25, 500, 0.20000, 0.19823
25944, 25.175720, -25, 500, 0.20000, 0.19463
25945, 25.181480, -25, 500, 0.20000, 0.19715
25946, 25.187391, -25, 500, 0.20000, 0.19679
25947, 25.192965, -25, 500, 0.20000, 0.19679
25948, 25.198120, -25, 500, 0.20000, 0.19679
25949, 25.204168, -25, 500, 0.20000, 0.19715
25950, 25.209152, -25, 500, 0.20000, 0.19571
25951, 25.213242, -25, 500, 0.20000, 0.19679
25952, 25.217150, -25, 500, 0.20000, 0.19679
25953, 25.220987, -25, 500, 0.20000, 0.19823
25954, 25.225372, -25, 500, 0.20000, 0.19751
25955, 25.230797, -25, 500, 0.20000, 0.19931
25956, 25.236408, -25, 500, 0.20000, 0.19967
25957, 25.241484, -25, 500, 0.20000, 0.19679
25958, 25.246719, -25, 500, 0.20000, 0.19859
25959, 25.251436, -25, 500, 0.20000, 0.20074
25960, 25.256147, -25, 500, 0.20000, 0.20038
25961, 25.260717, -25, 500, 0.20000, 0.20110
25962, 25.264488, -25, 500, 0.20000, 0.20254
25963, 25.268396, -25, 500, 0.20000, 0.20362
25964, 25.272476, -25, 500, 0.20000, 0.20038
25965, 25.277697, -25, 500, 0.20000, 0.19931
25966, 25.283215, -25, 500, 0.20000, 0.20110
25967, 25.288420, -25, 500, 0.20000, 0.20002
25968, 25.294308, -25, 500, 0.20000, 0.20002
25969, 25.299299, -25, 500, 0.20000, 0.20110
25970, 25.303228, -25, 500, 0.20000, 0.19967
25971, 25.306967, -25, 500, 0.20000, 0.20002
25972, 25.310972, -25, 500, 0.20000, 0.20254
25973, 25.314779, -25, 500, 0.20000, 0.20002
25974, 25.319893, -25, 500, 0.20000, 0.19931
25975, 25.324833, -25, 500, 0.20000, 0.20002
25976, 25.329292, -25, 500, 0.20000, 0.19931
25977, 25.333281, -25, 500, 0.20000, 0.20146
25978, 25.337374, -25, 500, 0.20000, 0.19931
25979, 25.341965, -25, 500, 0.20000, 0.20002
25980, 25.347292, -25, 500, 0.20000, 0.19751
25981, 25.352716, -25, 500, 0.20000, 0.20038
25982, 25.357307, -25, 500, 0.20000, 0.19931
25983, 25.361786, -25, 500, 0.20000, 0.20506
25984, 25.367716, -25, 500, 0.20000, 0.19967
25985, 25.373268, -25, 500, 0.20000, 0.20074
25986, 25.378672, -25, 500, 0.20000, 0.20002
25987, 25.384172, -25, 500, 0.20000, 0.19895
25988, 25.389400, -25, 500, 0.20000, 0.20110
25989, 25.394224, -25, 500, 0.20000, 0.20038
25990, 25.398180, -25, 500, 0.20000, 0.19931
25991, 25.401983, -25, 500, 0.20000, 0.19859
25992, 25.406193, -25, 500, 0.20000, 0.19787
25993, 25.410341, -25, 500, 0.20000, 0.19859
25994, 25.414339, -25, 500, 0.20000, 0.20002
25995, 25.418390, -25, 500, 0.20000, 0.19823
25996, 25.422367, -25, 500, 0.20000, 0.19931
25997, 25.426435, -25, 500, 0.20000, 0.20002
25998, 25.430796, -25, 500, 0.20000, 0.20074
25999, 25.434801, -25, 500, 0.20000, 0.19967
26000, 25.438805, -25, 500, 0.20000, 0.19967
26001, 25.442781, -25, 500, 0.20000, 0.20038
26002, 25.448208, -25, 500, 0.20000, 0.20110
26003, 25.452488, -25, 500, 0.20000, 0.19931
26004, 25.457800, -25, 500, 0.20000, 0.20290
26005, 25.463177, -25, 500, 0.20000, 0.20362
26006, 25.468699, -25, 500, 0.20000, 0.20434
26007, 25.472996, -25, 500, 0.20000, 0.19967
26008, 25.477213, -25, 500, 0.20000, 0.20002
26009, 25.480993, -25, 500, 0.20000, 0.20038
26010, 25.484873, -25, 500, 0.20000, 0.19895
26011, 25.489798, -25, 500, 0.20000, 0.20002
26012, 25.495312, -25, 500, 0.20000, 0.20002
26013, 25.500719, -25, 500, 0.20000, 0.19607
26014, 25.504847, -25, 500, 0.20000, 0.19535
26015, 25.508863, -25, 500, 0.20000, 0.19967
26016, 25.512852, -25, 500, 0.20000, 0.20218
26017, 25.516785, -25, 500, 0.20000, 0.19895
26018, 25.520674, -25, 500, 0.20000, 0.19787
26019, 25.524786, -25, 500, 0.20000, 0.19931
26020, 25.528652, -25, 500, 0.20000, 0.19967
26021, 25.532721, -25, 500, 0.20000, 0.19931
26022, 25.536980, -25, 500, 0.20000, 0.20038
26023, 25.541243, -25, 500, 0.20000, 0.20038
26024, 25.545252, -25, 500, 0.20000, 0.20038
26025, 25.549271, -25, 500, 0.20000, 0.20290
26026, 25.553980, -25, 500, 0.20000, 0.20074
26027, 25.559635, -25, 500, 0.20000, 0.20470
26028, 25.565243, -25, 500, 0.20000, 0.19967
26029, 25.570887, -25, 500, 0.20000, 0.19895
26030, 25.575460, -25, 500, 0.20000, 0.19787
26031, 25.579622, -25, 500, 0.20000, 0.20110
26032, 25.584154, -25, 500, 0.20000, 0.19895
26033, 25.590277, -25, 500, 0.20000, 0.19967
26034, 25.596140, -25, 500, 0.20000, 0.19967
26035, 25.600252, -25, 500, 0.20000, 0.20038
26036, 25.604212, -25, 500, 0.20000, 0.20002
26037, 25.608137, -25, 500, 0.20000, 0.20002
26038, 25.612928, -25, 500, 0.20000, 0.20146
26039, 25.617744, -25, 500, 0.20000, 0.20038
26040, 25.622721, -25, 500, 0.20000, 0.19895
26041, 25.627972, -25, 500, 0.20000, 0.20110
26042, 25.633448, -25, 500, 0.20000, 0.20038
26043, 25.638493, -25, 500, 0.20000, 0.19931
26044, 25.643896, -25, 500, 0.20000, 0.20002
26045, 25.649424, -25, 500, 0.20000, 0.20002
26046, 25.654425, -25, 500, 0.20000, 0.20038
26047, 25.658720, -25, 500, 0.20000, 0.19967
26048, 25.662720, -25, 500, 0.20000, 0.20038
26049, 25.668268, -25, 500, 0.20000, 0.20002
26050, 25.673468, -25, 500, 0.20000, 0.20038
26051, 25.679359, -25, 500, 0.20000, 0.19967
26052, 25.684151, -25, 500, 0.20000, 0.19931
26053, 25.688660, -25, 500, 0.20000, 0.19895
26054, 25.693300, -25, 500, 0.20000, 0.20002
26055, 25.698963, -25, 500, 0.20000, 0.20002
26056, 25.703152, -25, 500, 0.20000, 0.19931
26057, 25.707140, -25, 500, 0.20000, 0.19931
26058, 25.710928, -25, 500, 0.20000, 0.19931
26059, 25.714966, -25, 500, 0.20000, 0.19895
26060, 25.718847, -25, 500, 0.20000, 0.20002
26061, 25.722967, -25, 500, 0.20000, 0.19895
26062, 25.727274, -25, 500, 0.20000, 0.19967
26063, 25.731148, -25, 500, 0.20000, 0.20002
26064, 25.735456, -25, 500, 0.20000, 0.20002
26065, 25.739782, -25, 500, 0.20000, 0.19787
26066, 25.743654, -25, 500, 0.20000, 0.19751
26067, 25.747627, -25, 500, 0.20000, 0.19967
26068, 25.751419, -25, 500, 0.20000, 0.19212
26069, 25.755495, -25, 500, 0.20000, 0.19931
26070, 25.759319, -25, 500, 0.20000, 0.20002
26071, 25.762848, -25, 500, 0.20000, 0.19967
26072, 25.766848, -25, 500, 0.20000, 0.19967
26073, 25.770985, -25, 500, 0.20000, 0.20038
26074, 25.775202, -25, 500, 0.20000, 0.20002
26075, 25.779997, -25, 500, 0.20000, 0.19967
26076, 25.785376, -25, 500, 0.20000, 0.19931
26077, 25.789347, -25, 500, 0.20000, 0.19895
26078, 25.793720, -25, 500, 0.20000, 0.20110
26079, 25.797482, -25, 500, 0.20000, 0.19967
26080, 25.801872, -25, 500, 0.20000, 0.20002
26081, 25.807310, -25, 500, 0.20000, 0.19931
26082, 25.812952, -25, 500, 0.20000, 0.19931
26083, 25.818369, -25, 500, 0.20000, 0.20002
26084, 25.822483, -25, 500, 0.20000, 0.19823
26085, 25.826719, -25, 500, 0.20000, 0.20110
26086, 25.830721, -25, 500, 0.20000, 0.20074
26087, 25.834936, -25, 500, 0.20000, 0.20074
26088, 25.838968, -25, 500, 0.20000, 0.19607
26089, 25.842924, -25, 500, 0.20000, 0.20002
26090, 25.847361, -25, 500, 0.20000, 0.20110
26091, 25.851254, -25, 500, 0.20000, 0.19895
26092, 25.855192, -25, 500, 0.20000, 0.19967
26093, 25.859184, -25, 500, 0.20000, 0.20038
26094, 25.863146, -25, 500, 0.20000, 0.20002
26095, 25.866844, -25, 500, 0.20000, 0.20182
26096, 25.870844, -25, 500, 0.20000, 0.20110
26097, 25.874931, -25, 500, 0.20000, 0.20002
26098, 25.878927, -25, 500, 0.20000, 0.19967
26099, 25.883699, -25, 500, 0.20000, 0.19895
26100, 25.889870, -25, 500, 0.20000, 0.20002
26101, 25.894341, -25, 500, 0.20000, 0.19931
26102, 25.898720, -25, 500, 0.20000, 0.19931
26103, 25.902872, -25, 500, 0.20000, 0.20002
26104, 25.906992, -25, 500, 0.20000, 0.20002
26105, 25.911720, -25, 500, 0.20000, 0.19931
26106, 25.916887, -25, 500, 0.20000, 0.20038
26107, 25.922283, -25, 500, 0.20000, 0.19895
26108, 25.927990, -25, 500, 0.20000, 0.20038
26109, 25.932215, -25, 500, 0.20000, 0.19895
26110, 25.936150, -25, 500, 0.20000, 0.19931
26111, 25.939816, -25, 500, 0.20000, 0.19931
26112, 25.943745, -25, 500, 0.20000, 0.19967
26113, 25.947809, -25, 500, 0.20000, 0.19391
26114, 25.951796, -25, 500, 0.20000, 0.19895
26115, 25.955933, -25, 500, 0.20000, 0.19895
26116, 25.959936, -25, 500, 0.20000, 0.19931
26117, 25.963999, -25, 500, 0.20000, 0.20002
26118, 25.967863, -25, 500, 0.20000, 0.20362
26119, 25.972160, -25, 500, 0.20000, 0.19967
26120, 25.976839, -25, 500, 0.20000, 0.20002
26121, 25.982265, -25, 500, 0.20000, 0.19967
26122, 25.987471, -25, 500, 0.20000, 0.20002
26123, 25.991720, -25, 500, 0.20000, 0.20074
26124, 25.995720, -25, 500, 0.20000, 0.19751
26125, 26.000219, -25, 500, 0.20000, 0.20254
26126, 26.004154, -25, 500, 0.20000, 0.20326
26127, 26.007992, -25, 500, 0.20000, 0.19967
26128, 26.012650, -25, 500, 0.20000, 0.20038
26129, 26.016624, -25, 500, 0.20000, 0.20074
26130, 26.021317, -25, 500, 0.20000, 0.20038
26131, 26.027321, -25, 500, 0.20000, 0.19967
26132, 26.032972, -25, 500, 0.20000, 0.20038
26133, 26.038445, -25, 500, 0.20000, 0.20002
26134, 26.044268, -25, 500, 0.00000, 0.20002
26135, 26.049768, -25, 500, 0.00000, 0.19859
26136, 26.056232, -25, 500, 0.00000, 0.17666
26137, 26.061720, -25, 500, 0.00000, 0.15545
26138, 26.068216, -25, 500, 0.00000, 0.11412
26139, 26.073822, -25, 500, 0.00000, 0.09363
26140, 26.079832, -25, 500, 0.00000, 0.07206
26141, 26.084286, -25, 500, 0.00000, 0.04474
26142, 26.088779, -25, 500, 0.00000, 0.02893
26143, 26.094137, -25, 500, 0.00000, 0.01023
26144, 26.099253, -25, 500, 0.00000, -0.00343
26145, 26.104853, -25, 500, 0.00000, -0.01277
26146, 26.109468, -25, 500, 0.00000, -0.01744
26147, 26.113852, -25, 500, 0.00000, -0.02068
26148, 26.118887, -25, 500, 0.00000, -0.02499
26149, 26.124744, -25, 500, 0.00000, -0.01708
26150, 26.130783, -25, 500, 0.00000, -0.02715
26151, 26.136459, -25, 500, 0.00000, -0.01313
26152, 26.142303, -25, 500, 0.00000, -0.01421
26153, 26.147724, -25, 500, 0.00000, -0.01205
26154, 26.151651, -25, 500, 0.00000, -0.02140
26155, 26.156168, -25, 500, 0.00000, -0.00738
26156, 26.159979, -25, 500, 0.00000, -0.00558
26157, 26.163872, -25, 500, 0.00000, -0.00127
26158, 26.167782, -25, 500, 0.00000, -0.00235
26159, 26.171827, -25, 500, 0.00000, 0.00017
26160, 26.175720, -25, 500, 0.00000, -0.00271
26161, 26.179461, -25, 500, 0.00000, 0.00340
26162, 26.183191, -25, 500, 0.00000, 0.00340
26163, 26.186720, -25, 500, 0.00000, 0.00053
26164, 26.190720, -25, 500, 0.00000, 0.00161
26165, 26.194868, -25, 500, 0.00000, 0.00233
26166, 26.199472, -25, 500, 0.00000, 0.00304
26167, 26.205343, -25, 500, 0.00000, 0.00233
26168, 26.210709, -25, 500, 0.00000, 0.00233
26169, 26.214806, -25, 500, 0.00000, 0.00125
26170, 26.218424, -25, 500, 0.00000, 0.00304
26171, 26.222628, -25, 500, 0.00000, 0.00053
26172, 26.226423, -25, 500, 0.00000, 0.00161
26173, 26.231680, -25, 500, 0.00000, 0.00125
26174, 26.236229, -25, 500, 0.00000, 0.00017
26175, 26.241743, -25, 500, 0.00000, -0.00019
26176, 26.247396, -25, 500, 0.00000, -0.00019
26177, 26.253260, -25, 500, 0.00000, -0.00055
26178, 26.259165, -25, 500, 0.00000, -0.00091
26179, 26.264418, -25, 500, 0.00000, -0.00235
26180, 26.270334, -25, 500, 0.00000, -0.00091
26181, 26.275229, -25, 500, 0.00000, -0.00055
26182, 26.279371, -25, 500, 0.00000, -0.00091
26183, 26.283428, -25, 500, 0.00000, 0.00053
26184, 26.287865, -25, 500, 0.00000, -0.00199
26185, 26.292198, -25, 500, 0.00000, 0.00017
26186, 26.296387, -25, 500, 0.00000, 0.00053
26187, 26.300369, -25, 500, 0.00000, -0.00019
26188, 26.304625, -25, 500, 0.00000, -0.00091
26189, 26.308828, -25, 500, 0.00000, 0.00017
26190, 26.314257, -25, 500, 0.00000, 0.00053
26191, 26.318222, -25, 500, 0.00000, -0.00199
26192, 26.322466, -25, 500, 0.00000, -0.00163
26193, 26.326672, -25, 500, 0.00000, 0.00053
26194, 26.330627, -25, 500, 0.00000, 0.00053
26195, 26.334436, -25, 500, 0.00000, 0.00053
26196, 26.338484, -25, 500, 0.00000, 0.00017
26197, 26.343163, -25, 500, 0.00000, -0.00055
26198, 26.348434, -25, 500, 0.00000, 0.00125
26199, 26.353748, -25, 500, 0.00000, -0.00055
26200, 26.357925, -25, 500, 0.00000, -0.00091
26201, 26.362148, -25, 500, 0.00000, -0.00019
26202, 26.365992, -25, 500, 0.00000, 0.00125
26203, 26.370399, -25, 500, 0.00000, -0.00055
26204, 26.374720, -25, 500, 0.00000, 0.00089
26205, 26.378967, -25, 500, 0.00000, 0.00125
26206, 26.382849, -25, 500, 0.00000, 0.00125
26207, 26.386782, -25, 500, 0.00000, -0.00055
26208, 26.390972, -25, 500, 0.00000, -0.00199
26209, 26.394997, -25, 500, 0.00000, 0.00053
26210, 26.398781, -25, 500, 0.00000, -0.00019
26211, 26.402803, -25, 500, 0.00000, 0.00053
26212, 26.407139, -25, 500, 0.00000, -0.00127
26213, 26.410992, -25, 500, 0.00000, 0.00053
26214, 26.415476, -25, 500, 0.00000, 0.00125
26215, 26.419724, -25, 500, 0.00000, -0.00199
26216, 26.425360, -25, 500, 0.00000, -0.00019
26217, 26.430321, -25, 500, 0.00000, 0.00125
26218, 26.434229, -25, 500, 0.00000, -0.00091
26219, 26.438465, -25, 500, 0.00000, 0.00017
26220, 26.442221, -25, 500, 0.00000, -0.00271
26221, 26.446363, -25, 500, 0.00000, -0.00019
26222, 26.451900, -25, 500, 0.00000, -0.00055
26223, 26.458181, -25, 500, 0.00000, 0.00125
26224, 26.463852, -25, 500, 0.00000, -0.00019
26225, 26.467871, -25, 500, 0.00000, -0.00091
26226, 26.471989, -25, 500, 0.00000, -0.00091
26227, 26.475937, -25, 500, 0.00000, -0.00055
26228, 26.480278, -25, 500, 0.00000, 0.00197
26229, 26.484316, -25, 500, 0.00000, -0.00019
26230, 26.488392, -25, 500, 0.00000, -0.00127
26231, 26.492796, -25, 500, 0.00000, -0.00055
26232, 26.496948, -25, 500, 0.00000, 0.00089
26233, 26.501247, -25, 500, 0.00000, -0.00019
26234, 26.505424, -25, 500, 0.00000, -0.00019
26235, 26.509657, -25, 500, 0.00000, 0.00340
26236, 26.513712, -25, 500, 0.00000, 0.00053
26237, 26.517719, -25, 500, 0.00000, 0.00053
26238, 26.521795, -25, 500, 0.00000, -0.00055
26239, 26.525848, -25, 500, 0.00000, 0.00053
26240, 26.530149, -25, 500, 0.00000, -0.00055
26241, 26.535692, -25, 500, 0.00000, 0.00053
26242, 26.540333, -25, 500, 0.00000, -0.00019
26243, 26.545452, -25, 500, 0.00000, 0.00053
26244, 26.550320, -25, 500, 0.00000, -0.00019
26245, 26.554893, -25, 500, 0.00000, -0.00019
26246, 26.560656, -25, 500, 0.00000, 0.00053
26247, 26.566982, -25, 500, 0.00000, -0.00199
26248, 26.572948, -25, 500, 0.00000, -0.00055
26249, 26.578863, -25, 500, 0.00000, 0.00089
26250, 26.584742, -25, 500, 0.00000, 0.00053
26251, 26.591375, -25, 500, 0.00000, 0.00017
26252, 26.597712, -25, 500, 0.00000, -0.00019
26253, 26.602720, -25, 500, 0.00000, -0.00019
26254, 26.608969, -25, 500, 0.00000, 0.00053
26255, 26.614981, -25, 500, 0.00000, 0.00089
26256, 26.620859, -25, 500, 0.00000, -0.00055
26257, 26.627180, -25, 500, 0.00000, 0.00017
26258, 26.632721, -25, 500, 0.00000, 0.00053
26259, 26.637491, -25, 500, 0.00000, -0.00091
26260, 26.642172, -25, 500, 0.00000, 0.00053
26261, 26.647720, -25, 500, 0.00000, 0.00053
26262, 26.653746, -25, 500, 0.00000, -0.00019
26263, 26.660444, -25, 500, 0.00000, -0.00019
26264, 26.666494, -25, 500, 0.00000, 0.00053
26265, 26.671162, -25, 500, 0.00000, -0.00127
26266, 26.675808, -25, 500, 0.00000, -0.00019
26267, 26.679991, -25, 500, 0.00000, 0.00053
26268, 26.684719, -25, 500, 0.00000, 0.00520
26269, 26.688934, -25, 500, 0.00000, -0.00019
26270, 26.693283, -25, 500, 0.00000, -0.00019
26271, 26.698164, -25, 500, 0.00000, 0.00053
26272, 26.703960, -25, 500, 0.00000, -0.00019
26273, 26.709726, -25, 500, 0.00000, 0.00017
26274, 26.715170, -25, 500, 0.00000, 0.00089
26275, 26.720476, -25, 500, 0.00000, 0.00161
26276, 26.724796, -25, 500, 0.00000, 0.00053
26277, 26.729156, -25, 500, 0.00000, -0.00019
26278, 26.733299, -25, 500, 0.00000, -0.00055
26279, 26.737656, -25, 500, 0.00000, 0.00089
26280, 26.741859, -25, 500, 0.00000, -0.00019
26281, 26.745953, -25, 500, 0.00000, 0.00017
26282, 26.750143, -25, 500, 0.00000, 0.00161
26283, 26.754162, -25, 500, 0.00000, -0.00019
26284, 26.758217, -25, 500, 0.00000, -0.00055
26285, 26.762365, -25, 500, 0.00000, 0.00017
26286, 26.766720, -25, 500, 0.00000, -0.00127
26287, 26.770802, -25, 500, 0.00000, 0.00304
26288, 26.775265, -25, 500, 0.00000, 0.00053
26289, 26.780298, -25, 500, 0.00000, 0.00161
26290, 26.786205, -25, 500, 0.00000, -0.00055
26291, 26.793196, -25, 500, 0.00000, -0.00091
26292, 26.799486, -25, 500, 0.00000, -0.00019
26293, 26.805246, -25, 500, 0.00000, -0.00019
26294, 26.812157, -25, 500, 0.00000, -0.00055
26295, 26.818443, -25, 500, 0.00000, -0.00019
26296, 26.824720, -25, 500, 0.00000, -0.00163
26297, 26.830721, -25, 500, 0.00000, -0.00307
26298, 26.837332, -25, 500, 0.00000, -0.00091
26299, 26.843403, -25, 500, 0.00000, 0.00089
26300, 26.849133, -25, 500, 0.00000, -0.00019
26301, 26.853947, -25, 500, 0.00000, -0.00235
26302, 26.858269, -25, 500, 0.00000, 0.00017
26303, 26.862848, -25, 500, 0.00000, 0.00017
26304, 26.869392, -25, 500, 0.00000, -0.00019
26305, 26.874462, -25, 500, 0.00000, 0.00017
26306, 26.880720, -25, 500, 0.00000, 0.00053
26307, 26.885363, -25, 500, 0.00000, 0.00053
26308, 26.890406, -25, 500, 0.00000, 0.00017
26309, 26.896372, -25, 500, 0.00000, 0.00017
26310, 26.901155, -25, 500, 0.00000, -0.00019
26311, 26.907444, -25, 500, 0.00000, 0.00053
26312, 26.913645, -25, 500, 0.00000, 0.00161
26313, 26.919340, -25, 500, 0.00000, -0.00055
26314, 26.926237, -25, 500, 0.00000, -0.00091
26315, 26.932152, -25, 500, 0.00000, -0.00019
26316, 26.937777, -25, 500, 0.00000, 0.00017
26317, 26.943983, -25, 500, 0.00000, -0.00055
26318, 26.950493, -25, 500, 0.00000, 0.00053
26319, 26.956476, -25, 500, 0.00000, 0.00017
26320, 26.962492, -25, 500, 0.00000, 0.00161
26321, 26.966644, -25, 500, 0.00000, -0.00055
26322, 26.970940, -25, 500, 0.00000, -0.00163
26323, 26.975956, -25, 500, 0.00000, 0.00053
26324, 26.981199, -25, 500, 0.00000, 0.00053
26325, 26.986467, -25, 500, 0.00000, 0.00089
26326, 26.990868, -25, 500, 0.00000, -0.00379
26327, 26.995724, -25, 500, 0.00000, -0.00450
26328, 27.000216, -25, 500, 0.00000, 0.00017
26329, 27.005239, -25, 500, 0.00000, -0.00055
26330, 27.010714, -25, 500, 0.00000, 0.00125
26331, 27.015888, -25, 500, 0.00000, 0.00053
26332, 27.021122, -25, 500, 0.00000, -0.00163
26333, 27.026403, -25, 500, 0.00000, -0.00019
26334, 27.030783, -25, 500, 0.00000, -0.00163
26335, 27.034805, -25, 500, 0.00000, -0.00163
26336, 27.038967, -25, 500, 0.00000, -0.00163
26337, 27.044216, -25, 500, 0.00000, 0.00017
26338, 27.049969, -25, 500, 0.20000, -0.00163
26339, 27.056824, -25, 500, 0.20000, 0.00233
26340, 27.062424, -25, 500, 0.20000, 0.02317
26341, 27.067904, -25, 500, 0.20000, 0.04977
26342, 27.073246, -25, 500, 0.20000, 0.07278
26343, 27.077251, -25, 500, 0.20000, 0.09542
26344, 27.081287, -25, 500, 0.20000, 0.11555
26345, 27.086470, -25, 500, 0.20000, 0.13856
26346, 27.091295, -25, 500, 0.20000, 0.15905
26347, 27.096657, -25, 500, 0.20000, 0.18169
26348, 27.102633, -25, 500, 0.20000, 0.19068
26349, 27.107212, -25, 500, 0.20000, 0.20973
26350, 27.112411, -25, 500, 0.20000, 0.22051
26351, 27.117805, -25, 500, 0.20000, 0.21332
26352, 27.123859, -25, 500, 0.20000, 0.22411
26353, 27.128868, -25, 500, 0.20000, 0.22447
26354, 27.132784, -25, 500, 0.20000, 0.22519
26355, 27.136929, -25, 500, 0.20000, 0.22303
26356, 27.141661, -25, 500, 0.20000, 0.22231
26357, 27.145864, -25, 500, 0.20000, 0.21728
26358, 27.150408, -25, 500, 0.20000, 0.21584
26359, 27.155979, -25, 500, 0.20000, 0.21045
26360, 27.162720, -25, 500, 0.20000, 0.21297
26361, 27.168972, -25, 500, 0.20000, 0.20542
26362, 27.175367, -25, 500, 0.20000, 0.19931
26363, 27.180828, -25, 500, 0.20000, 0.19823
26364, 27.185192, -25, 500, 0.20000, 0.19751
26365, 27.189201, -25, 500, 0.20000, 0.19715
26366, 27.193304, -25, 500, 0.20000, 0.20002
26367, 27.199316, -25, 500, 0.20000, 0.19104
26368, 27.205639, -25, 500, 0.20000, 0.19607
26369, 27.211361, -25, 500, 0.20000, 0.19715
26370, 27.216372, -25, 500, 0.20000, 0.19607
26371, 27.220991, -25, 500, 0.20000, 0.19715
26372, 27.225475, -25, 500, 0.20000, 0.19823
26373, 27.230783, -25, 500, 0.20000, 0.19751
26374, 27.234938, -25, 500, 0.20000, 0.19895
26375, 27.238924, -25, 500, 0.20000, 0.19931
26376, 27.243124, -25, 500, 0.20000, 0.19931
26377, 27.246948, -25, 500, 0.20000, 0.20182
26378, 27.251123, -25, 500, 0.20000, 0.20038
26379, 27.255222, -25, 500, 0.20000, 0.19859
26380, 27.260857, -25, 500, 0.20000, 0.20002
26381, 27.265923, -25, 500, 0.20000, 0.20038
26382, 27.270954, -25, 500, 0.20000, 0.20002
26383, 27.275969, -25, 500, 0.20000, 0.20038
26384, 27.281199, -25, 500, 0.20000, 0.20074
26385, 27.286795, -25, 500, 0.20000, 0.20038
26386, 27.292269, -25, 500, 0.20000, 0.20110
26387, 27.296633, -25, 500, 0.20000, 0.19787
26388, 27.300783, -25, 500, 0.20000, 0.20002
26389, 27.305399, -25, 500, 0.20000, 0.19355
26390, 27.309822, -25, 500, 0.20000, 0.20038
26391, 27.315220, -25, 500, 0.20000, 0.20074
26392, 27.320784, -25, 500, 0.20000, 0.20326
26393, 27.324408, -25, 500, 0.20000, 0.20038
26394, 27.328720, -25, 500, 0.20000, 0.19967
26395, 27.334131, -25, 500, 0.20000, 0.20038
26396, 27.340239, -25, 500, 0.20000, 0.19931
26397, 27.345491, -25, 500, 0.20000, 0.19931
26398, 27.350719, -25, 500, 0.20000, 0.19967
26399, 27.354717, -25, 500, 0.20000, 0.19931
26400, 27.358862, -25, 500, 0.20000, 0.20038
26401, 27.363283, -25, 500, 0.20000, 0.20038
26402, 27.368216, -25, 500, 0.20000, 0.19823
26403, 27.373720, -25, 500, 0.20000, 0.20038
26404, 27.379248, -25, 500, 0.20000, 0.20002
26405, 27.384781, -25, 500, 0.20000, 0.19643
26406, 27.390287, -25, 500, 0.20000, 0.20182
26407, 27.395723, -25, 500, 0.20000, 0.20002
26408, 27.401276, -25, 500, 0.20000, 0.19859
26409, 27.405857, -25, 500, 0.20000, 0.19823
26410, 27.409784, -25, 500, 0.20000, 0.19967
26411, 27.413479, -25, 500, 0.20000, 0.19967
26412, 27.418972, -25, 500, 0.20000, 0.20074
26413, 27.424313, -25, 500, 0.20000, 0.20038
26414, 27.430365, -25, 500, 0.20000, 0.20290
26415, 27.434944, -25, 500, 0.20000, 0.20254
26416, 27.439186, -25, 500, 0.20000, 0.19967
26417, 27.443724, -25, 500, 0.20000, 0.20110
26418, 27.448866, -25, 500, 0.20000, 0.19427
26419, 27.453220, -25, 500, 0.20000, 0.19967
26420, 27.457666, -25, 500, 0.20000, 0.19967
26421, 27.462191, -25, 500, 0.20000, 0.19931
26422, 27.466621, -25, 500, 0.20000, 0.19967
26423, 27.470991, -25, 500, 0.20000, 0.20002
26424, 27.475424, -25, 500, 0.20000, 0.20254
26425, 27.479719, -25, 500, 0.20000, 0.20038
26426, 27.484776, -25, 500, 0.20000, 0.20110
26427, 27.488720, -25, 500, 0.20000, 0.19931
26428, 27.492992, -25, 500, 0.20000, 0.20002
26429, 27.496920, -25, 500, 0.20000, 0.19967
26430, 27.501368, -25, 500, 0.20000, 0.19967
26431, 27.505827, -25, 500, 0.20000, 0.20038
26432, 27.510181, -25, 500, 0.20000, 0.19967
26433, 27.514721, -25, 500, 0.20000, 0.20038
26434, 27.518940, -25, 500, 0.20000, 0.20038
26435, 27.523346, -25, 500, 0.20000, 0.19895
26436, 27.529152, -25, 500, 0.20000, 0.19859
26437, 27.534475, -25, 500, 0.20000, 0.19931
26438, 27.539623, -25, 500, 0.20000, 0.20002
26439, 27.543871, -25, 500, 0.20000, 0.20110
26440, 27.548672, -25, 500, 0.20000, 0.20002
26441, 27.553720, -25, 500, 0.20000, 0.20038
26442, 27.559418, -25, 500, 0.20000, 0.20038
26443, 27.565712, -25, 500, 0.20000, 0.19895
26444, 27.571920, -25, 500, 0.20000, 0.20038
26445, 27.578440, -25, 500, 0.20000, 0.20038
26446, 27.583927, -25, 500, 0.20000, 0.20146
26447, 27.588661, -25, 500, 0.20000, 0.20002
26448, 27.593271, -25, 500, 0.20000, 0.20002
26449, 27.597784, -25, 500, 0.20000, 0.20038
26450, 27.602207, -25, 500, 0.20000, 0.20038
26451, 27.606260, -25, 500, 0.20000, 0.19967
26452, 27.610798, -25, 500, 0.20000, 0.20002
26453, 27.614719, -25, 500, 0.20000, 0.20074
26454, 27.619478, -25, 500, 0.20000, 0.20038
26455, 27.626160, -25, 500, 0.20000, 0.20074
26456, 27.632721, -25, 500, 0.20000, 0.19967
26457, 27.638966, -25, 500, 0.20000, 0.20002
26458, 27.644722, -25, 500, 0.20000, 0.20002
26459, 27.650398, -25, 500, 0.20000, 0.19859
26460, 27.655991, -25, 500, 0.20000, 0.19859
26461, 27.660721, -25, 500, 0.20000, 0.20038
26462, 27.666843, -25, 500, 0.20000, 0.19787
26463, 27.672728, -25, 500, 0.20000, 0.19931
26464, 27.678444, -25, 500, 0.20000, 0.19967
26465, 27.684860, -25, 500, 0.20000, 0.19931
26466, 27.690907, -25, 500, 0.20000, 0.19895
26467, 27.696968, -25, 500, 0.20000, 0.20002
26468, 27.702332, -25, 500, 0.20000, 0.20002
26469, 27.706631, -25, 500, 0.20000, 0.19931
26470, 27.710917, -25, 500, 0.20000, 0.19967
26471, 27.715187, -25, 500, 0.20000, 0.20110
26472, 27.719795, -25, 500, 0.20000, 0.20398
26473, 27.724443, -25, 500, 0.20000, 0.19895
26474, 27.728880, -25, 500, 0.20000, 0.20146
26475, 27.734991, -25, 500, 0.20000, 0.19967
26476, 27.740788, -25, 500, 0.20000, 0.19967
26477, 27.746849, -25, 500, 0.20000, 0.20038
26478, 27.752439, -25, 500, 0.20000, 0.19859
26479, 27.757374, -25, 500, 0.20000, 0.19931
26480, 27.763166, -25, 500, 0.20000, 0.20002
26481, 27.768988, -25, 500, 0.20000, 0.20038
26482, 27.775330, -25, 500, 0.20000, 0.20074
26483, 27.781176, -25, 500, 0.20000, 0.20038
26484, 27.785379, -25, 500, 0.20000, 0.20002
26485, 27.789721, -25, 500, 0.20000, 0.19931
26486, 27.793919, -25, 500, 0.20000, 0.19931
26487, 27.797997, -25, 500, 0.20000, 0.20074
26488, 27.802212, -25, 500, 0.20000, 0.19859
26489, 27.805944, -25, 500, 0.20000, 0.19895
26490, 27.810658, -25, 500, 0.20000, 0.19751
26491, 27.815413, -25, 500, 0.20000, 0.20038
26492, 27.819656, -25, 500, 0.20000, 0.19967
26493, 27.824211, -25, 500, 0.20000, 0.19967
26494, 27.828192, -25, 500, 0.20000, 0.19967
26495, 27.832275, -25, 500, 0.20000, 0.19967
26496, 27.837364, -25, 500, 0.20000, 0.20182
26497, 27.842241, -25, 500, 0.20000, 0.20002
26498, 27.848181, -25, 500, 0.20000, 0.20002
26499, 27.853621, -25, 500, 0.20000, 0.20002
26500, 27.857847, -25, 500, 0.20000, 0.19931
26501, 27.862318, -25, 500, 0.20000, 0.19931
26502, 27.867491, -25, 500, 0.20000, 0.19931
26503, 27.873240, -25, 500, 0.20000, 0.20362
26504, 27.878485, -25, 500, 0.20000, 0.20002
26505, 27.884457, -25, 500, 0.20000, 0.19967
26506, 27.890720, -25, 500, 0.20000, 0.19895
26507, 27.895149, -25, 500, 0.20000, 0.19967
26508, 27.900343, -25, 500, 0.20000, 0.20110
26509, 27.904924, -25, 500, 0.20000, 0.19895
26510, 27.909346, -25, 500, 0.20000, 0.19931
26511, 27.914461, -25, 500, 0.20000, 0.19715
26512, 27.919659, -25, 500, 0.20000, 0.19967
26513, 27.924223, -25, 500, 0.20000, 0.20074
26514, 27.929165, -25, 500, 0.20000, 0.20074
26515, 27.934875, -25, 500, 0.20000, 0.19931
26516, 27.939724, -25, 500, 0.20000, 0.19967
26517, 27.943871, -25, 500, 0.20000, 0.20470
26518, 27.947863, -25, 500, 0.20000, 0.19967
26519, 27.952843, -25, 500, 0.20000, 0.20002
26520, 27.957720, -25, 500, 0.20000, 0.19931
26521, 27.962458, -25, 500, 0.20000, 0.19967
26522, 27.968405, -25, 500, 0.20000, 0.20218
26523, 27.972803, -25, 500, 0.20000, 0.20326
26524, 27.979139, -25, 500, 0.20000, 0.19967
26525, 27.985161, -25, 500, 0.20000, 0.19823
26526, 27.989719, -25, 500, 0.20000, 0.20254
26527, 27.993937, -25, 500, 0.20000, 0.19823
26528, 27.998720, -25, 500, 0.20000, 0.20074
26529, 28.002785, -25, 500, 0.20000, 0.19931
26530, 28.007460, -25, 500, 0.20000, 0.19967
26531, 28.011477, -25, 500, 0.20000, 0.19967
26532, 28.015991, -25, 500, 0.20000, 0.20002
26533, 28.020636, -25, 500, 0.20000, 0.19823
26534, 28.024485, -25, 500, 0.20000, 0.19751
26535, 28.028944, -25, 500, 0.20000, 0.19967
26536, 28.032864, -25, 500, 0.20000, 0.20110
26537, 28.037491, -25, 500, 0.20000, 0.19859
26538, 28.042721, -25, 500, 0.20000, 0.20146
26539, 28.047180, -25, 500, 0.20000, 0.20290
26540, 28.051878, -25, 500, 0.00000, 0.19967
26541, 28.056736, -25, 500, 0.00000, 0.19607
26542, 28.060928, -25, 500, 0.00000, 0.19463
26543, 28.066402, -25, 500, 0.00000, 0.16408
26544, 28.072632, -25, 500, 0.00000, 0.13568
26545, 28.077267, -25, 500, 0.00000, 0.11591
26546, 28.081720, -25, 500, 0.00000, 0.09255
26547, 28.086937, -25, 500, 0.00000, 0.06559
26548, 28.091938, -25, 500, 0.00000, 0.04510
26549, 28.097719, -25, 500, 0.00000, 0.01922
26550, 28.102959, -25, 500, 0.00000, 0.00628
26551, 28.108215, -25, 500, 0.00000, -0.00774
26552, 28.113342, -25, 500, 0.00000, -0.01457
26553, 28.118484, -25, 500, 0.00000, -0.02032
26554, 28.124777, -25, 500, 0.00000, -0.02427
26555, 28.130848, -25, 500, 0.00000, -0.02320
26556, 28.135349, -25, 500, 0.00000, -0.02463
26557, 28.139851, -25, 500, 0.00000, -0.02284
26558, 28.144203, -25, 500, 0.00000, -0.02032
26559, 28.149267, -25, 500, 0.00000, -0.01565
26560, 28.154881, -25, 500, 0.0000